-- MySQL dump 10.13  Distrib 8.0.39, for Linux (x86_64)
--
-- Host: localhost    Database: triplechoice
-- ------------------------------------------------------
-- Server version	8.0.39-0ubuntu0.20.04.1

/*!40101 SET @OLD_CHARACTER_SET_CLIENT=@@CHARACTER_SET_CLIENT */;
/*!40101 SET @OLD_CHARACTER_SET_RESULTS=@@CHARACTER_SET_RESULTS */;
/*!40101 SET @OLD_COLLATION_CONNECTION=@@COLLATION_CONNECTION */;
/*!50503 SET NAMES utf8mb4 */;
/*!40103 SET @OLD_TIME_ZONE=@@TIME_ZONE */;
/*!40103 SET TIME_ZONE='+00:00' */;
/*!40014 SET @OLD_UNIQUE_CHECKS=@@UNIQUE_CHECKS, UNIQUE_CHECKS=0 */;
/*!40014 SET @OLD_FOREIGN_KEY_CHECKS=@@FOREIGN_KEY_CHECKS, FOREIGN_KEY_CHECKS=0 */;
/*!40101 SET @OLD_SQL_MODE=@@SQL_MODE, SQL_MODE='NO_AUTO_VALUE_ON_ZERO' */;
/*!40111 SET @OLD_SQL_NOTES=@@SQL_NOTES, SQL_NOTES=0 */;

--
-- Table structure for table `auth_group`
--

DROP TABLE IF EXISTS `auth_group`;
/*!40101 SET @saved_cs_client     = @@character_set_client */;
/*!50503 SET character_set_client = utf8mb4 */;
CREATE TABLE `auth_group` (
  `id` int NOT NULL AUTO_INCREMENT,
  `name` varchar(150) NOT NULL,
  PRIMARY KEY (`id`),
  UNIQUE KEY `name` (`name`)
) ENGINE=InnoDB AUTO_INCREMENT=4 DEFAULT CHARSET=utf8mb4 COLLATE=utf8mb4_0900_ai_ci;
/*!40101 SET character_set_client = @saved_cs_client */;

--
-- Dumping data for table `auth_group`
--

LOCK TABLES `auth_group` WRITE;
/*!40000 ALTER TABLE `auth_group` DISABLE KEYS */;
INSERT INTO `auth_group` VALUES (1,'customer'),(3,'moderator'),(2,'supplier');
/*!40000 ALTER TABLE `auth_group` ENABLE KEYS */;
UNLOCK TABLES;

--
-- Table structure for table `auth_group_permissions`
--

DROP TABLE IF EXISTS `auth_group_permissions`;
/*!40101 SET @saved_cs_client     = @@character_set_client */;
/*!50503 SET character_set_client = utf8mb4 */;
CREATE TABLE `auth_group_permissions` (
  `id` bigint NOT NULL AUTO_INCREMENT,
  `group_id` int NOT NULL,
  `permission_id` int NOT NULL,
  PRIMARY KEY (`id`),
  UNIQUE KEY `auth_group_permissions_group_id_permission_id_0cd325b0_uniq` (`group_id`,`permission_id`),
  KEY `auth_group_permissio_permission_id_84c5c92e_fk_auth_perm` (`permission_id`),
  CONSTRAINT `auth_group_permissio_permission_id_84c5c92e_fk_auth_perm` FOREIGN KEY (`permission_id`) REFERENCES `auth_permission` (`id`),
  CONSTRAINT `auth_group_permissions_group_id_b120cbf9_fk_auth_group_id` FOREIGN KEY (`group_id`) REFERENCES `auth_group` (`id`)
) ENGINE=InnoDB AUTO_INCREMENT=26 DEFAULT CHARSET=utf8mb4 COLLATE=utf8mb4_0900_ai_ci;
/*!40101 SET character_set_client = @saved_cs_client */;

--
-- Dumping data for table `auth_group_permissions`
--

LOCK TABLES `auth_group_permissions` WRITE;
/*!40000 ALTER TABLE `auth_group_permissions` DISABLE KEYS */;
INSERT INTO `auth_group_permissions` VALUES (5,1,69),(6,1,70),(7,1,71),(8,1,72),(9,1,73),(10,1,74),(11,1,75),(12,1,76),(13,1,77),(14,1,78),(15,1,79),(16,1,80),(17,1,89),(1,1,97),(2,1,98),(3,1,99),(4,1,100),(19,2,72),(20,2,77),(21,2,78),(22,2,79),(23,2,80),(18,2,100),(24,3,72),(25,3,80);
/*!40000 ALTER TABLE `auth_group_permissions` ENABLE KEYS */;
UNLOCK TABLES;

--
-- Table structure for table `auth_permission`
--

DROP TABLE IF EXISTS `auth_permission`;
/*!40101 SET @saved_cs_client     = @@character_set_client */;
/*!50503 SET character_set_client = utf8mb4 */;
CREATE TABLE `auth_permission` (
  `id` int NOT NULL AUTO_INCREMENT,
  `name` varchar(255) NOT NULL,
  `content_type_id` int NOT NULL,
  `codename` varchar(100) NOT NULL,
  PRIMARY KEY (`id`),
  UNIQUE KEY `auth_permission_content_type_id_codename_01ab375a_uniq` (`content_type_id`,`codename`),
  CONSTRAINT `auth_permission_content_type_id_2f476e4b_fk_django_co` FOREIGN KEY (`content_type_id`) REFERENCES `django_content_type` (`id`)
) ENGINE=InnoDB AUTO_INCREMENT=125 DEFAULT CHARSET=utf8mb4 COLLATE=utf8mb4_0900_ai_ci;
/*!40101 SET character_set_client = @saved_cs_client */;

--
-- Dumping data for table `auth_permission`
--

LOCK TABLES `auth_permission` WRITE;
/*!40000 ALTER TABLE `auth_permission` DISABLE KEYS */;
INSERT INTO `auth_permission` VALUES (1,'Can add log entry',1,'add_logentry'),(2,'Can change log entry',1,'change_logentry'),(3,'Can delete log entry',1,'delete_logentry'),(4,'Can view log entry',1,'view_logentry'),(5,'Can add permission',2,'add_permission'),(6,'Can change permission',2,'change_permission'),(7,'Can delete permission',2,'delete_permission'),(8,'Can view permission',2,'view_permission'),(9,'Can add group',3,'add_group'),(10,'Can change group',3,'change_group'),(11,'Can delete group',3,'delete_group'),(12,'Can view group',3,'view_group'),(13,'Can add content type',4,'add_contenttype'),(14,'Can change content type',4,'change_contenttype'),(15,'Can delete content type',4,'delete_contenttype'),(16,'Can view content type',4,'view_contenttype'),(17,'Can add session',5,'add_session'),(18,'Can change session',5,'change_session'),(19,'Can delete session',5,'delete_session'),(20,'Can view session',5,'view_session'),(21,'Can add Scheduled task',6,'add_schedule'),(22,'Can change Scheduled task',6,'change_schedule'),(23,'Can delete Scheduled task',6,'delete_schedule'),(24,'Can view Scheduled task',6,'view_schedule'),(25,'Can add task',7,'add_task'),(26,'Can change task',7,'change_task'),(27,'Can delete task',7,'delete_task'),(28,'Can view task',7,'view_task'),(29,'Can add Failed task',8,'add_failure'),(30,'Can change Failed task',8,'change_failure'),(31,'Can delete Failed task',8,'delete_failure'),(32,'Can view Failed task',8,'view_failure'),(33,'Can add Successful task',9,'add_success'),(34,'Can change Successful task',9,'change_success'),(35,'Can delete Successful task',9,'delete_success'),(36,'Can view Successful task',9,'view_success'),(37,'Can add Queued task',10,'add_ormq'),(38,'Can change Queued task',10,'change_ormq'),(39,'Can delete Queued task',10,'delete_ormq'),(40,'Can view Queued task',10,'view_ormq'),(41,'Can add unit',11,'add_unit'),(42,'Can change unit',11,'change_unit'),(43,'Can delete unit',11,'delete_unit'),(44,'Can view unit',11,'view_unit'),(45,'Can add classification',12,'add_classification'),(46,'Can change classification',12,'change_classification'),(47,'Can delete classification',12,'delete_classification'),(48,'Can view classification',12,'view_classification'),(49,'Can add attribute',13,'add_attribute'),(50,'Can change attribute',13,'change_attribute'),(51,'Can delete attribute',13,'delete_attribute'),(52,'Can view attribute',13,'view_attribute'),(53,'Can add part',14,'add_part'),(54,'Can change part',14,'change_part'),(55,'Can delete part',14,'delete_part'),(56,'Can view part',14,'view_part'),(57,'Can add part classification',15,'add_partclassification'),(58,'Can change part classification',15,'change_partclassification'),(59,'Can delete part classification',15,'delete_partclassification'),(60,'Can view part classification',15,'view_partclassification'),(61,'Can add part classification attribute',16,'add_partclassificationattribute'),(62,'Can change part classification attribute',16,'change_partclassificationattribute'),(63,'Can delete part classification attribute',16,'delete_partclassificationattribute'),(64,'Can view part classification attribute',16,'view_partclassificationattribute'),(65,'Can add part supplier',17,'add_partsupplier'),(66,'Can change part supplier',17,'change_partsupplier'),(67,'Can delete part supplier',17,'delete_partsupplier'),(68,'Can view part supplier',17,'view_partsupplier'),(69,'Can add request',18,'add_request'),(70,'Can change request',18,'change_request'),(71,'Can delete request',18,'delete_request'),(72,'Can view request',18,'view_request'),(73,'Can add request history',19,'add_requesthistory'),(74,'Can change request history',19,'change_requesthistory'),(75,'Can delete request history',19,'delete_requesthistory'),(76,'Can view request history',19,'view_requesthistory'),(77,'Can add request review',20,'add_requestreview'),(78,'Can change request review',20,'change_requestreview'),(79,'Can delete request review',20,'delete_requestreview'),(80,'Can view request review',20,'view_requestreview'),(81,'Can add selected request review',21,'add_selectedrequestreview'),(82,'Can change selected request review',21,'change_selectedrequestreview'),(83,'Can delete selected request review',21,'delete_selectedrequestreview'),(84,'Can view selected request review',21,'view_selectedrequestreview'),(85,'Can add requst review attachment',22,'add_requstreviewattachment'),(86,'Can change requst review attachment',22,'change_requstreviewattachment'),(87,'Can delete requst review attachment',22,'delete_requstreviewattachment'),(88,'Can view requst review attachment',22,'view_requstreviewattachment'),(89,'Can add billing address',23,'add_billingaddress'),(90,'Can change billing address',23,'change_billingaddress'),(91,'Can delete billing address',23,'delete_billingaddress'),(92,'Can view billing address',23,'view_billingaddress'),(93,'Can add shipping address',24,'add_shippingaddress'),(94,'Can change shipping address',24,'change_shippingaddress'),(95,'Can delete shipping address',24,'delete_shippingaddress'),(96,'Can view shipping address',24,'view_shippingaddress'),(97,'Can add order info',25,'add_orderinfo'),(98,'Can change order info',25,'change_orderinfo'),(99,'Can delete order info',25,'delete_orderinfo'),(100,'Can view order info',25,'view_orderinfo'),(101,'Can add order info history',26,'add_orderinfohistory'),(102,'Can change order info history',26,'change_orderinfohistory'),(103,'Can delete order info history',26,'delete_orderinfohistory'),(104,'Can view order info history',26,'view_orderinfohistory'),(105,'Can add user',27,'add_user'),(106,'Can change user',27,'change_user'),(107,'Can delete user',27,'delete_user'),(108,'Can view user',27,'view_user'),(109,'Can add user profile',28,'add_userprofile'),(110,'Can change user profile',28,'change_userprofile'),(111,'Can delete user profile',28,'delete_userprofile'),(112,'Can view user profile',28,'view_userprofile'),(113,'Can add page',29,'add_page'),(114,'Can change page',29,'change_page'),(115,'Can delete page',29,'delete_page'),(116,'Can view page',29,'view_page'),(117,'Can add page seo',30,'add_pageseo'),(118,'Can change page seo',30,'change_pageseo'),(119,'Can delete page seo',30,'delete_pageseo'),(120,'Can view page seo',30,'view_pageseo'),(121,'Can add website',31,'add_website'),(122,'Can change website',31,'change_website'),(123,'Can delete website',31,'delete_website'),(124,'Can view website',31,'view_website');
/*!40000 ALTER TABLE `auth_permission` ENABLE KEYS */;
UNLOCK TABLES;

--
-- Table structure for table `authentication_user`
--

DROP TABLE IF EXISTS `authentication_user`;
/*!40101 SET @saved_cs_client     = @@character_set_client */;
/*!50503 SET character_set_client = utf8mb4 */;
CREATE TABLE `authentication_user` (
  `id` bigint NOT NULL AUTO_INCREMENT,
  `password` varchar(128) NOT NULL,
  `last_login` datetime(6) DEFAULT NULL,
  `is_superuser` tinyint(1) NOT NULL,
  `username` varchar(150) NOT NULL,
  `first_name` varchar(150) NOT NULL,
  `last_name` varchar(150) NOT NULL,
  `email` varchar(255) NOT NULL,
  `is_staff` tinyint(1) NOT NULL,
  `is_active` tinyint(1) NOT NULL,
  `date_joined` datetime(6) NOT NULL,
  `company_name` varchar(255) NOT NULL,
  `phone` varchar(25) NOT NULL,
  PRIMARY KEY (`id`),
  UNIQUE KEY `username` (`username`),
  UNIQUE KEY `authentication_user_email_2220eff5_uniq` (`email`)
) ENGINE=InnoDB AUTO_INCREMENT=116 DEFAULT CHARSET=utf8mb4 COLLATE=utf8mb4_0900_ai_ci;
/*!40101 SET character_set_client = @saved_cs_client */;

--
-- Dumping data for table `authentication_user`
--

LOCK TABLES `authentication_user` WRITE;
/*!40000 ALTER TABLE `authentication_user` DISABLE KEYS */;
INSERT INTO `authentication_user` VALUES (3,'pbkdf2_sha256$260000$yChtgWRA28tJPlQRIO9GDM$Maj9m51jDj0w79TrDIfjoJof/7jM4ipti66rBGSXJ+4=','2024-09-26 16:15:27.599166',1,'admin','Abas','Abdoli','admin@gmail.com',1,1,'2022-03-01 11:22:41.000000','Gilbert and Chapman Traders','+1 (726) 908-8731'),(33,'pbkdf2_sha256$260000$5BfBteC5MEb0G100ZDn2dI$vuP++YNyCwrGdiwSGNsZqdrRxEDsqffniNKpWpgu17E=','2022-11-03 03:17:03.906825',1,'ab.abdoli@gmail.com','Abas','Abdoli','ab.abdoli@gmail.com',1,1,'2022-10-14 03:02:56.000000','TKelvin','305300111'),(53,'pbkdf2_sha256$260000$MVrdJ1ZcW41oDBMrzUoltF$Tgzn9iuaV5b+AClg0B/+Gmz7gnjVBL/nIZlHok1s3NE=','2023-08-03 03:03:37.678243',0,'Kg1843@yahoo.com','Kay','Ganapathi','Kg1843@yahoo.com',0,1,'2023-04-21 23:58:49.000000','NA','NA'),(58,'pbkdf2_sha256$260000$2rllKPHgUa6ZahbHCx1NNM$pQKPDFSV2CEeA1EbG/xFQHsWhxXodo7dlc1Qj84aEpU=',NULL,0,'Fleta0@hotmail.com','Rebecca','Connelly','Fleta0@hotmail.com',0,1,'2023-06-23 12:46:12.000000','Feeney - Brown','15625596892'),(63,'pbkdf2_sha256$260000$baYZfqTwMDxxi42iMrOoGN$LhpXGOffRMQ6pFDj3a/viYilk3dTSkdQVJHyG1vUo6c=',NULL,0,'Einar431_Bradtke_2004@alabamahomenetwoks.com','Iliana','Kulas','Einar431_Bradtke_2004@alabamahomenetwoks.com',0,0,'2023-10-09 01:18:15.402260','Hodkiewicz Group','113071054643'),(64,'pbkdf2_sha256$260000$dRMfkjG58OMATSsMU88LgZ$Zr25IKrTCFp6/+7BTZUbRuOfgxCXn3hkQHCzD5Ys+44=',NULL,0,'Roma975.Torp2008@alabamahomenetwoks.com','Caitlyn','Conn','Roma975.Torp2008@alabamahomenetwoks.com',0,0,'2023-10-21 02:04:22.504830','Boyer, Daniel and Anderson','115380380906'),(65,'pbkdf2_sha256$260000$qEdV1Td3aZ51EC6PTOUvjO$4seVbiFUwhWe5inH63rp0y91Sj+wFQbH/qqS1sWicGE=',NULL,0,'sogvajelik@outlook.com','nwpgVrSINfEKTHCs','kzWQvXyiFVJSne','sogvajelik@outlook.com',0,0,'2023-10-30 04:23:35.498282','hzcbXdqxiyOs','6358918410'),(66,'pbkdf2_sha256$260000$8NEwwo8Rq9SjACuwfcGTAN$NYMq3vTdXYPLMnVyDdZ8Lq7TCGu5LmKhFwyqBGurWhU=',NULL,0,'uuAwuy.qjmqmht@spinapp.bar','vIdRJtaMHlOd','vIdRJtaMHlOd','uuAwuy.qjmqmht@spinapp.bar',0,0,'2023-11-03 17:06:54.466431','vIdRJtaMHlOd','267-560-87-52'),(67,'pbkdf2_sha256$260000$nwLBtc66E5WhHPdvHLChJ7$Ax6N/CPUYuwcR3T5iVA6+A52MeJc21Wr+PoIaER4nbo=',NULL,0,'eddington_ricky1985@yahoo.com','FcqLgpTrJkob','LKGAwpgPeW','eddington_ricky1985@yahoo.com',0,0,'2023-11-12 13:17:01.362316','WoVYslgkJDvf','5545644307'),(68,'pbkdf2_sha256$260000$YNbYYX8ZpNn2B66UvjdSVg$UkBLJm0r5v6ByO8XbrKW04UTUrLIj5o0CM+1hBYHK3o=',NULL,0,'vladimiriidtsv@outlook.com','eWZFMqnXHsNf','MqzbUDBiAlcEkO','vladimiriidtsv@outlook.com',0,0,'2023-11-19 18:51:41.412666','LSimGKBCcPZuketN','3584002244'),(69,'pbkdf2_sha256$260000$T2kCoD33RbP7mxfTBs7uc9$zyKxv8wdO2Yfw1I8AnJIYZwUI7rbxU+jRkpWr2LDQMI=',NULL,0,'EcuLNW.qjcdjh@sabletree.foundation','vSJwAEpJasSXmP','vSJwAEpJasSXmP','EcuLNW.qjcdjh@sabletree.foundation',0,0,'2023-11-22 03:21:00.638281','vSJwAEpJasSXmP','657-581-45-37'),(70,'pbkdf2_sha256$260000$QZDa04UpTEpcMy0x1yX3kv$ZLkL2iXEePfW9JXXVoS3TFdExoDv/Kk3AxcaOhisBEY=',NULL,0,'RvDMXT.tjbqpp@sandcress.xyz','Amayah','Amayah','RvDMXT.tjbqpp@sandcress.xyz',0,0,'2023-11-25 17:00:20.143363','Amayah','563-037-83-48'),(71,'pbkdf2_sha256$260000$SdYN2EYb7hH5lah6MWEieY$5zwxI7XJcC0V8TcqQsSoEklsgA+mcDTqbVEepZsIAbM=',NULL,0,'toczuzafeb@outlook.com','TksFHIcxM','rdPYwSTjvolO','toczuzafeb@outlook.com',0,0,'2023-11-28 05:02:50.640740','TluJoMpBbCAikj','9649178784'),(72,'pbkdf2_sha256$260000$PDmbAt72a2q814dBjW59JO$zNqPMW3TLrK+5WE12PvbM3YCf/bMdgDWfgspUhOZvXY=',NULL,0,'XnuCdj.pbdcbc@tonetics.biz','Saint','Saint','XnuCdj.pbdcbc@tonetics.biz',0,0,'2023-11-28 05:43:23.650600','Saint','674-075-17-22'),(73,'pbkdf2_sha256$260000$dtYEcFuDIHsRXqwhtYUCM7$XuGeZvqxkOppo6vTov7632qZnURdDTfydvpYRnQwPQc=',NULL,0,'LTmxQC.dcdhpm@brasswire.me','Jaxx','Jaxx','LTmxQC.dcdhpm@brasswire.me',0,0,'2023-12-01 17:45:26.070518','Jaxx','443-720-54-94'),(74,'pbkdf2_sha256$260000$Bu3Ab8gzCT3cj9sz1xyqOt$URo55vaCy87d+nd7OrkQx9pxybFlc8z63de17gsum9Q=',NULL,0,'xFWewY.hdcthtd@wheelry.boats','Itzayana','Itzayana','xFWewY.hdcthtd@wheelry.boats',0,0,'2023-12-09 22:28:00.735742','Itzayana','999-521-79-40'),(75,'pbkdf2_sha256$260000$R9yma3ucO5GwoTqrjt5IDc$Jy08PyOKey3QG2TDpGNAWAfC5um6WB+j/Z0ieNyxtv8=',NULL,0,'qviNoj.hmcwjqj@spectrail.world','Ayleen','Ayleen','qviNoj.hmcwjqj@spectrail.world',0,0,'2023-12-11 10:24:17.005482','Ayleen','739-184-94-06'),(76,'pbkdf2_sha256$260000$10TxLV5nz3PT3ASWrKIGPs$xLz/IlVkZd2ZGRKC8RO3ePynMPszpLZKHIgC9q/N/pY=',NULL,0,'rYppHJ.tdbwhch@rushlight.cfd','Zachary','Zachary','rYppHJ.tdbwhch@rushlight.cfd',0,0,'2023-12-14 20:28:39.467146','Zachary','090-612-48-36'),(77,'pbkdf2_sha256$260000$0zQsqZUUs8DinNUwcVKPxw$AMOatXqZGwc0W2RN+iGJ+pQdZ9Lg9ERranHsGLN9UKE=',NULL,0,'bDbOqK.qcbhcmw@paravane.biz','Helena','Helena','bDbOqK.qcbhcmw@paravane.biz',0,0,'2023-12-19 06:26:02.604702','Helena','117-842-26-50'),(78,'pbkdf2_sha256$260000$DFwkR94tq3eAX2uDknlV02$myb6ukFHl9siQLb0LaOSwGuyQLnKhGt6M8UCEp+rtK8=',NULL,0,'CinthiaAgeebas@yahoo.com','ZiuYlnxIdXvbyS','MianqkRmWlZx','CinthiaAgeebas@yahoo.com',0,0,'2023-12-19 06:30:05.442317','goJMcpRBhAYxfWk','5298927587'),(79,'pbkdf2_sha256$260000$qzifLA8NwoNSBtpwCYt1FC$gLsFgJOJrmmMROK+AdLNjef6N2lIc+6j0Usj6z4d7KA=',NULL,0,'ggcjacjqgjqccon@hotmail.com','MTiPbmIvrE','TODQFaJgoHv','ggcjacjqgjqccon@hotmail.com',0,0,'2023-12-25 10:10:25.218932','Klthiufpnd','8552519853'),(80,'pbkdf2_sha256$260000$AUEBnwtr1BY2MfwNTnsanW$ICRHlne9GVJdsmbP1ZT0cUvajSWS5HyGIMJ6mtwSt/Y=',NULL,0,'theresaggal250@outlook.com','uUcECSrP','PYTNWGrFwRCkz','theresaggal250@outlook.com',0,0,'2023-12-31 04:26:50.721982','CjviSrwpTtE','2811524185'),(81,'pbkdf2_sha256$260000$VFkO4OsQFtadZ1hmvCMcks$xsZafsixisPwMURbVIm+1DhJ1pdp8PPlg5t9oz9lx1c=',NULL,0,'melissallop193@outlook.com','pvOFgMcmjlzLqR','PzypZotK','melissallop193@outlook.com',0,0,'2024-01-11 02:25:51.520901','ZITRnErcuBYlV','9907166393'),(82,'pbkdf2_sha256$260000$P3ITnbMU2kmu4Kf6utBU86$zBdZcy1sGBEXJmb0HCTZhlmUpn1ZGX6u7LhlSkdYvMg=',NULL,0,'WMiIBV.pjpdbbd@flexduck.click','Arianna','Arianna','WMiIBV.pjpdbbd@flexduck.click',0,0,'2024-01-11 15:08:51.236695','Arianna','403-863-60-39'),(83,'pbkdf2_sha256$260000$yf21BTQy8L8XljSvFtcFxL$nZXkf99HvZYs/MZ41HVwsBWUIntwdtL74tQmlcUAa8Y=',NULL,0,'imnQjy.qmwjqq@wheelry.boats','Aidan','Aidan','imnQjy.qmwjqq@wheelry.boats',0,0,'2024-01-12 14:06:51.336308','Aidan','483-668-85-10'),(84,'pbkdf2_sha256$260000$LKAi9m0Fx1Yj8irFEPwJdJ$Hloe78jAvb2XU7AAobgCTE6/mtat2TLRM59Er+sj+U8=',NULL,0,'hXVdQm.tdddbbb@borasca.xyz','Niko','Niko','hXVdQm.tdddbbb@borasca.xyz',0,0,'2024-01-13 12:15:43.467952','Niko','512-733-89-20'),(85,'pbkdf2_sha256$260000$xPhTkz3vIbtqwf9WDS73Z7$MuTquTF329To0BtxQ5D7E9LLFHQiZ5qbcbzOPOif6d0=',NULL,0,'maa.vabi63@outlook.com','apWykjAorFgcX','KtdxeLPYRBbUQMI','maa.vabi63@outlook.com',0,0,'2024-01-23 20:23:07.253217','UcbEAdaI','5045137474'),(86,'pbkdf2_sha256$260000$IDqcvPVvIVGZ4j4xNz8tky$fWOM9bQJsmO+e1IQgAPYZywRSY8svi9JB6p/BJ3vWRw=',NULL,0,'james_delarosa9npz@outlook.com','hAtPrniduW','cOpxSQPmrvEZCUls','james_delarosa9npz@outlook.com',0,0,'2024-02-02 12:17:04.881320','kDEHbjzvRJyQ','4160956008'),(87,'pbkdf2_sha256$260000$Opcqsmkxl6K5yobrdwFsKj$Kn41oj1slhCBSOJMVJA347IvRMW4/7GQHROFW6nVpHs=',NULL,0,'cOJAaH.hdwtdqq@gemination.hair','Jamir','Jamir','cOJAaH.hdwtdqq@gemination.hair',0,0,'2024-02-11 16:55:35.852753','Jamir','754-580-48-08'),(88,'pbkdf2_sha256$260000$qiSnrqk9OXP13AFYO9ejrc$KOCQO2/A05svUW3evcG/vg2EBzKfFjEfY7m99L/hxs4=',NULL,0,'hdhcjwbq.j@monochord.xyz','shantel','shantel','hdhcjwbq.j@monochord.xyz',0,0,'2024-02-12 09:43:31.427495','shantel','839-369-40-78'),(89,'pbkdf2_sha256$260000$vEOBU58xx5O2opeaFJ830o$97rTnklKfWzAZzyAGMjcH+ReRlyiFeht4P5LfMS1JWc=',NULL,0,'gregoryxo_mcgillivrayzs@outlook.com','AnIUijzGTZvkhet','UiKPlFHhqGv','gregoryxo_mcgillivrayzs@outlook.com',0,0,'2024-02-17 13:01:50.883007','JmkewDIcYtAdqx','8246717042'),(90,'pbkdf2_sha256$260000$8Iet4RHlKu3nqbGfSZpHLh$sy8e3O/0PaAJIqKI8Yo0p1j0z7PK35TFtc1NDaRT3xc=',NULL,0,'darlene_sabellaispg@outlook.com','oABmYsvtINWDen','sARKxNdfceoa','darlene_sabellaispg@outlook.com',0,0,'2024-02-28 06:54:07.048952','tegwGvOUcuSoxb','7893979014'),(91,'pbkdf2_sha256$260000$4ado9W1wesdelqZyBZgJik$JHvmNCbktWWuj6kNEKcT+kd/SEtGGatXPG8svp6lpuA=',NULL,0,'pIVulS.bjqmpwp@synaxarion.asia','Jamir','Jamir','pIVulS.bjqmpwp@synaxarion.asia',0,0,'2024-03-02 23:51:54.172006','Jamir','932-047-52-69'),(92,'pbkdf2_sha256$260000$c56QLAV6ISFluqnYbL31fT$zMd7QUV+/s095pwULcQs8IvFAFNpDsSNKiVWXDVk2lo=',NULL,0,'seckeheidi74291@outlook.com','uErlRWInp','CxWSacZUmPK','seckeheidi74291@outlook.com',0,0,'2024-03-06 12:31:54.499717','XKZJksUzGIhOL','8345420176'),(93,'pbkdf2_sha256$260000$WzjvsRDkm7jpidthdV8kQy$gnwzrapu9++M5Kl72Tf83b+x8kCZ01u/4St59tOpYcI=',NULL,0,'XFzHzh.dcjqwmm@carnana.art','Kasen','Kasen','XFzHzh.dcjqwmm@carnana.art',0,0,'2024-03-08 14:57:02.251393','Kasen','526-152-99-22'),(94,'pbkdf2_sha256$260000$LpB0OmCmIndOyT01ZzzzxN$tKBtOQstGhvhEd7/7RqjTtVD1ZAQ4xX7OjgNgwDd0Dg=',NULL,0,'IUjhvL.djpmmwb@rushlight.cfd','Archie','Archie','IUjhvL.djpmmwb@rushlight.cfd',0,0,'2024-03-13 14:24:25.385060','Archie','887-785-66-19'),(95,'pbkdf2_sha256$260000$pDZclQeoc5rUvPavjaE2fb$J137+Fm0nVbc5OIkG2yQDiWlg8R3EETaoxIcR5s9I3k=',NULL,0,'thqthwwjm.j@monochord.xyz','rushon','rushon','thqthwwjm.j@monochord.xyz',0,0,'2024-03-17 04:30:48.331728','rushon','086-233-22-75'),(96,'pbkdf2_sha256$260000$m4gYqzubDYZtHHSo05zJJY$suPKGqiijCSdVEsE6FADL2CRYOFti52BU6beUPegwmE=',NULL,0,'cqwtmcpcp.j@monochord.xyz','baran','baran','cqwtmcpcp.j@monochord.xyz',0,0,'2024-03-20 09:40:48.980576','baran','912-211-76-61'),(97,'pbkdf2_sha256$260000$yzx4mgsgYJrnF1FCjtKkYW$hvHPco9X5jm1KLgLVT3RhlvxkD3zgjeUxATJ7bcSiTk=',NULL,0,'beilivega40@gmail.com','VLAxdmqwJBSXF','hUFNGHil','beilivega40@gmail.com',0,0,'2024-03-23 14:50:32.000150','myKsZPBwi','7983328780'),(98,'pbkdf2_sha256$260000$09R743sagaRpQodVLbUDYl$B8XD3BPkjKnwHArGtxl/58t/tPvZ1j3wzD1YTQiP0rI=',NULL,0,'qhqhbthcwt.j@monochord.xyz','akem','akem','qhqhbthcwt.j@monochord.xyz',0,0,'2024-03-25 21:45:20.587356','akem','325-166-21-66'),(99,'pbkdf2_sha256$260000$KAAQiGNKN08BTJNglcZH5P$st30xCiE1pF2unuATG3KcThAleJmFT7DkLIAM1DfQaA=',NULL,0,'douglas_green8wha@outlook.com','PcQKUNzXx','IzepoqPSdnGR','douglas_green8wha@outlook.com',0,0,'2024-04-11 01:53:24.907851','uCAPzrjt','4930472305'),(100,'pbkdf2_sha256$260000$MMuqJ4oDrNsEkPD8x6mqZd$o4TrsoU/fd99l/BDwm362hGaPky07EiYMvGqK1bxDK0=',NULL,0,'loriaguinaldo@gmail.com','Lori','Aguinaldo','loriaguinaldo@gmail.com',0,0,'2024-04-11 16:51:35.740626','Lori','720 394-2992'),(101,'pbkdf2_sha256$260000$s0ZvRBO86hL6fNRdhOxTDb$1Zmqxne0g1CF9MX9HRLvf0fd7F2lCm0YJdIdsmMeDz4=',NULL,0,'arey7zll@outlook.com','bwGsTVHWAS','kNoGXYEJcs','arey7zll@outlook.com',0,0,'2024-04-15 04:55:41.292055','uHGmZyNtpMhrT','8094904340'),(102,'pbkdf2_sha256$260000$xU9EsjY3vQ2snPaTlRGBIV$egCc8Etc1r8/OTmiGy/NKobbIty8TPfGBFjrZuY4pPM=',NULL,0,'steven_springs5746@yahoo.com','aUrbzLRdMYlS','ixpfCRrBjsSnYTyM','steven_springs5746@yahoo.com',0,0,'2024-04-25 12:10:23.443129','jkPgeiBEXh','5163117374'),(103,'pbkdf2_sha256$260000$3oQg2kFM3TxyjaP4wENsEz$VN6HuJCaytuYptiQK5hthWlY4AzOicqbdpalrvy5drg=',NULL,0,'woodspegn1981@gmail.com','aBEFKXisSfpHYd','LeWOwdPmfxU','woodspegn1981@gmail.com',0,0,'2024-05-05 09:04:24.001227','StiPxGvcKgkIaNl','3898691484'),(104,'pbkdf2_sha256$260000$BT5ftXvYgVs55s4xcLasa8$yQXbuZb1p5a1XSncIlrwlH0QjTjHn37q580f5WUgcIo=',NULL,0,'barmstrongua706@gmail.com','jnQfZsVWmL','BDomIeNOjKVWH','barmstrongua706@gmail.com',0,0,'2024-05-29 18:27:52.382140','aGULlXjsI','2537809511'),(105,'pbkdf2_sha256$260000$8jL2YEmaiqdVKi7vygIc7T$4SPTQWkDMi7PjBnYugtAeM7wRRX65LDQr8muX1UjRH8=',NULL,0,'timothy_eadssxwp@outlook.com','XxvbUELRyZnTmMDr','rqTQbzxJ','timothy_eadssxwp@outlook.com',0,0,'2024-06-03 15:24:12.915040','rgqYIxGe','7731148785'),(106,'pbkdf2_sha256$260000$g0qTKx7lUF61cIpB01cy0X$6laurPQ4hN7DwGi4cMOMv6upL0gTvg97dyuyfqUw1W4=',NULL,0,'martha_hicksuwnp@outlook.com','TxzsUnrleC','gtyQUdBjrpWiwE','martha_hicksuwnp@outlook.com',0,0,'2024-06-10 08:01:35.009702','SDHEKdiWgsTVaUb','8167883453'),(107,'pbkdf2_sha256$260000$GcOOOdf6DX7YhKvU2e75y2$Ed45KzVuT3sw9dRwx7ya92ELzWPzuJhR/FkFnECdBQ4=',NULL,0,'fluermond.elizabeth403712@yahoo.com','WuoLOylg','tgTSkIwoHePJiYar','fluermond.elizabeth403712@yahoo.com',0,0,'2024-06-13 14:43:49.641896','buAiznMlRI','3376756118'),(108,'pbkdf2_sha256$260000$gub9WRO1qIrVbh4Lu9WXnz$RbESix9z/4+PIidc8v0qvjQVV0oXFkugmK20vWfGeX8=',NULL,0,'djennikav1989@gmail.com','BIAUJbMDdjpeS','dUeiQGBvlwkcuC','djennikav1989@gmail.com',0,0,'2024-06-20 03:47:35.064518','rHlSREnzCjDsVAa','7093669744'),(109,'pbkdf2_sha256$260000$GdQCMESrH9jfCAgvYe9Pme$TbTpaZrn6hIUqJRbVBlry1HawRMjyEb7Cxe7xMoo+mk=',NULL,0,'stephanie.wallace1985@yahoo.com','bmORLMWBhe','JrclOHvUB','stephanie.wallace1985@yahoo.com',0,0,'2024-07-02 08:26:43.084816','bfwophPqFnOzyBe','6668545126'),(110,'pbkdf2_sha256$260000$IjtjPC78XK0nuomE2lkWS2$7Y4qZZZLWLnAVQ/Fp8/PN3RA6lPw/K50XJAlq9hG76g=',NULL,0,'davispaul1981@yahoo.com','gPQdscWJGVzlbN','rHIEnaeGlOfxVY','davispaul1981@yahoo.com',0,0,'2024-07-07 23:56:27.446758','CYgWJPSKOfqe','7989968275'),(111,'pbkdf2_sha256$260000$jU5OgIacoYZcfhtKPcC02C$CXLfghGj1JuUp4ZfcxNILBDujh10WC7Htk9c7ttEidY=',NULL,0,'brenda_coffeyy6xx@outlook.com','tHGCaDgKbhVes','dijMNRbo','brenda_coffeyy6xx@outlook.com',0,0,'2024-09-05 11:32:11.962788','gORbTPtvMsdc','8159384450'),(112,'pbkdf2_sha256$260000$XmQlAnYnS7jJBB3lmoQ6Yo$RkRcmxEBqD2h0y2G1ZA22liQbtJDS8zLtOFXCrjWk94=',NULL,0,'nichobrex43@gmail.com','mrdbPjAGxtJynDQ','TXCwDeVYHduqPz','nichobrex43@gmail.com',0,0,'2024-09-14 12:02:24.623093','cWYeONqyrJ','8601431520'),(113,'pbkdf2_sha256$260000$rJqWigwRQ40B9hd41F8Uyw$p12bHk07VRVNKQV9mo9ja3WRQ+TAwlu0x5IhpGDBr8I=',NULL,0,'raymond99burwelljdz@outlook.com','rrjlBKVoDSKReY','TZhTFnfQt','raymond99burwelljdz@outlook.com',0,0,'2024-09-16 22:55:15.062705','kHuuLlBIwVr','5420324239'),(114,'pbkdf2_sha256$260000$RBUHJn1lSQg2HYTXt9wLu8$y60mLKDKJdsQ7/vpacgiRPzssUAALok1DpkfhPI2IQs=',NULL,0,'jessie41webbjfk@outlook.com','BDTdDlUKuDstn','upaexdkwIShRwdl','jessie41webbjfk@outlook.com',0,0,'2024-09-19 07:39:47.494005','hQeqAPmdDkFT','7573504091'),(115,'pbkdf2_sha256$260000$hmLKllHrAHQtwrIFgXLxVl$MG+La8dQbhTOpuSmK8yribkyC+oNV36qGPeltKnMQ8k=',NULL,0,'john_brookde0z@outlook.com','TvFNUpUwOLt','qZbxfHLwZQcFq','john_brookde0z@outlook.com',0,0,'2024-09-22 03:21:28.898633','HAocniJQNnYzun','5545010220');
/*!40000 ALTER TABLE `authentication_user` ENABLE KEYS */;
UNLOCK TABLES;

--
-- Table structure for table `authentication_user_groups`
--

DROP TABLE IF EXISTS `authentication_user_groups`;
/*!40101 SET @saved_cs_client     = @@character_set_client */;
/*!50503 SET character_set_client = utf8mb4 */;
CREATE TABLE `authentication_user_groups` (
  `id` bigint NOT NULL AUTO_INCREMENT,
  `user_id` bigint NOT NULL,
  `group_id` int NOT NULL,
  PRIMARY KEY (`id`),
  UNIQUE KEY `authentication_user_groups_user_id_group_id_8af031ac_uniq` (`user_id`,`group_id`),
  KEY `authentication_user_groups_group_id_6b5c44b7_fk_auth_group_id` (`group_id`),
  CONSTRAINT `authentication_user__user_id_30868577_fk_authentic` FOREIGN KEY (`user_id`) REFERENCES `authentication_user` (`id`),
  CONSTRAINT `authentication_user_groups_group_id_6b5c44b7_fk_auth_group_id` FOREIGN KEY (`group_id`) REFERENCES `auth_group` (`id`)
) ENGINE=InnoDB AUTO_INCREMENT=118 DEFAULT CHARSET=utf8mb4 COLLATE=utf8mb4_0900_ai_ci;
/*!40101 SET character_set_client = @saved_cs_client */;

--
-- Dumping data for table `authentication_user_groups`
--

LOCK TABLES `authentication_user_groups` WRITE;
/*!40000 ALTER TABLE `authentication_user_groups` DISABLE KEYS */;
INSERT INTO `authentication_user_groups` VALUES (33,33,1),(34,33,2),(35,33,3),(55,53,1),(60,58,1),(65,63,1),(66,64,1),(67,65,1),(68,66,1),(69,67,1),(70,68,1),(71,69,1),(72,70,1),(73,71,1),(74,72,1),(75,73,1),(76,74,1),(77,75,1),(78,76,1),(79,77,1),(80,78,1),(81,79,1),(82,80,1),(83,81,1),(84,82,1),(85,83,1),(86,84,1),(87,85,1),(88,86,1),(89,87,1),(90,88,1),(91,89,1),(92,90,1),(93,91,1),(94,92,1),(95,93,1),(96,94,1),(97,95,1),(98,96,1),(99,97,1),(100,98,1),(101,99,1),(102,100,1),(103,101,1),(104,102,1),(105,103,1),(106,104,1),(107,105,1),(108,106,1),(109,107,1),(110,108,1),(111,109,1),(112,110,1),(113,111,1),(114,112,1),(115,113,1),(116,114,1),(117,115,1);
/*!40000 ALTER TABLE `authentication_user_groups` ENABLE KEYS */;
UNLOCK TABLES;

--
-- Table structure for table `authentication_user_user_permissions`
--

DROP TABLE IF EXISTS `authentication_user_user_permissions`;
/*!40101 SET @saved_cs_client     = @@character_set_client */;
/*!50503 SET character_set_client = utf8mb4 */;
CREATE TABLE `authentication_user_user_permissions` (
  `id` bigint NOT NULL AUTO_INCREMENT,
  `user_id` bigint NOT NULL,
  `permission_id` int NOT NULL,
  PRIMARY KEY (`id`),
  UNIQUE KEY `authentication_user_user_user_id_permission_id_ec51b09f_uniq` (`user_id`,`permission_id`),
  KEY `authentication_user__permission_id_ea6be19a_fk_auth_perm` (`permission_id`),
  CONSTRAINT `authentication_user__permission_id_ea6be19a_fk_auth_perm` FOREIGN KEY (`permission_id`) REFERENCES `auth_permission` (`id`),
  CONSTRAINT `authentication_user__user_id_736ebf7e_fk_authentic` FOREIGN KEY (`user_id`) REFERENCES `authentication_user` (`id`)
) ENGINE=InnoDB DEFAULT CHARSET=utf8mb4 COLLATE=utf8mb4_0900_ai_ci;
/*!40101 SET character_set_client = @saved_cs_client */;

--
-- Dumping data for table `authentication_user_user_permissions`
--

LOCK TABLES `authentication_user_user_permissions` WRITE;
/*!40000 ALTER TABLE `authentication_user_user_permissions` DISABLE KEYS */;
/*!40000 ALTER TABLE `authentication_user_user_permissions` ENABLE KEYS */;
UNLOCK TABLES;

--
-- Table structure for table `authentication_userprofile`
--

DROP TABLE IF EXISTS `authentication_userprofile`;
/*!40101 SET @saved_cs_client     = @@character_set_client */;
/*!50503 SET character_set_client = utf8mb4 */;
CREATE TABLE `authentication_userprofile` (
  `id` bigint NOT NULL AUTO_INCREMENT,
  `file` varchar(100) DEFAULT NULL,
  `billing_street` varchar(255) DEFAULT NULL,
  `billing_building` varchar(255) DEFAULT NULL,
  `billing_state` varchar(50) DEFAULT NULL,
  `billing_city` varchar(250) DEFAULT NULL,
  `billing_zip_code` varchar(50) DEFAULT NULL,
  `shipping_street` varchar(255) DEFAULT NULL,
  `shipping_building` varchar(255) DEFAULT NULL,
  `shipping_state` varchar(50) DEFAULT NULL,
  `shipping_city` varchar(250) DEFAULT NULL,
  `shipping_zip_code` varchar(50) DEFAULT NULL,
  `user_id` bigint DEFAULT NULL,
  PRIMARY KEY (`id`),
  UNIQUE KEY `user_id` (`user_id`),
  CONSTRAINT `authentication_userp_user_id_83547247_fk_authentic` FOREIGN KEY (`user_id`) REFERENCES `authentication_user` (`id`)
) ENGINE=InnoDB AUTO_INCREMENT=105 DEFAULT CHARSET=utf8mb4 COLLATE=utf8mb4_0900_ai_ci;
/*!40101 SET character_set_client = @saved_cs_client */;

--
-- Dumping data for table `authentication_userprofile`
--

LOCK TABLES `authentication_userprofile` WRITE;
/*!40000 ALTER TABLE `authentication_userprofile` DISABLE KEYS */;
INSERT INTO `authentication_userprofile` VALUES (1,'media/user-avatar.jpg','Texas','25th street','Florida','Texas','41360','Helsinki','87','Texas','Texas','345443',3),(25,'',NULL,NULL,NULL,NULL,NULL,NULL,NULL,NULL,NULL,NULL,33),(47,'',NULL,NULL,NULL,NULL,NULL,NULL,NULL,NULL,NULL,NULL,58),(52,'',NULL,NULL,NULL,NULL,NULL,NULL,NULL,NULL,NULL,NULL,63),(53,'',NULL,NULL,NULL,NULL,NULL,NULL,NULL,NULL,NULL,NULL,64),(54,'',NULL,NULL,NULL,NULL,NULL,NULL,NULL,NULL,NULL,NULL,65),(55,'',NULL,NULL,NULL,NULL,NULL,NULL,NULL,NULL,NULL,NULL,66),(56,'',NULL,NULL,NULL,NULL,NULL,NULL,NULL,NULL,NULL,NULL,67),(57,'',NULL,NULL,NULL,NULL,NULL,NULL,NULL,NULL,NULL,NULL,68),(58,'',NULL,NULL,NULL,NULL,NULL,NULL,NULL,NULL,NULL,NULL,69),(59,'',NULL,NULL,NULL,NULL,NULL,NULL,NULL,NULL,NULL,NULL,70),(60,'',NULL,NULL,NULL,NULL,NULL,NULL,NULL,NULL,NULL,NULL,71),(61,'',NULL,NULL,NULL,NULL,NULL,NULL,NULL,NULL,NULL,NULL,72),(62,'',NULL,NULL,NULL,NULL,NULL,NULL,NULL,NULL,NULL,NULL,73),(63,'',NULL,NULL,NULL,NULL,NULL,NULL,NULL,NULL,NULL,NULL,74),(64,'',NULL,NULL,NULL,NULL,NULL,NULL,NULL,NULL,NULL,NULL,75),(65,'',NULL,NULL,NULL,NULL,NULL,NULL,NULL,NULL,NULL,NULL,76),(66,'',NULL,NULL,NULL,NULL,NULL,NULL,NULL,NULL,NULL,NULL,77),(67,'',NULL,NULL,NULL,NULL,NULL,NULL,NULL,NULL,NULL,NULL,78),(68,'',NULL,NULL,NULL,NULL,NULL,NULL,NULL,NULL,NULL,NULL,79),(69,'',NULL,NULL,NULL,NULL,NULL,NULL,NULL,NULL,NULL,NULL,80),(70,'',NULL,NULL,NULL,NULL,NULL,NULL,NULL,NULL,NULL,NULL,81),(71,'',NULL,NULL,NULL,NULL,NULL,NULL,NULL,NULL,NULL,NULL,82),(72,'',NULL,NULL,NULL,NULL,NULL,NULL,NULL,NULL,NULL,NULL,83),(73,'',NULL,NULL,NULL,NULL,NULL,NULL,NULL,NULL,NULL,NULL,84),(74,'',NULL,NULL,NULL,NULL,NULL,NULL,NULL,NULL,NULL,NULL,85),(75,'',NULL,NULL,NULL,NULL,NULL,NULL,NULL,NULL,NULL,NULL,86),(76,'',NULL,NULL,NULL,NULL,NULL,NULL,NULL,NULL,NULL,NULL,87),(77,'',NULL,NULL,NULL,NULL,NULL,NULL,NULL,NULL,NULL,NULL,88),(78,'',NULL,NULL,NULL,NULL,NULL,NULL,NULL,NULL,NULL,NULL,89),(79,'',NULL,NULL,NULL,NULL,NULL,NULL,NULL,NULL,NULL,NULL,90),(80,'',NULL,NULL,NULL,NULL,NULL,NULL,NULL,NULL,NULL,NULL,91),(81,'',NULL,NULL,NULL,NULL,NULL,NULL,NULL,NULL,NULL,NULL,92),(82,'',NULL,NULL,NULL,NULL,NULL,NULL,NULL,NULL,NULL,NULL,93),(83,'',NULL,NULL,NULL,NULL,NULL,NULL,NULL,NULL,NULL,NULL,94),(84,'',NULL,NULL,NULL,NULL,NULL,NULL,NULL,NULL,NULL,NULL,95),(85,'',NULL,NULL,NULL,NULL,NULL,NULL,NULL,NULL,NULL,NULL,96),(86,'',NULL,NULL,NULL,NULL,NULL,NULL,NULL,NULL,NULL,NULL,97),(87,'',NULL,NULL,NULL,NULL,NULL,NULL,NULL,NULL,NULL,NULL,98),(88,'',NULL,NULL,NULL,NULL,NULL,NULL,NULL,NULL,NULL,NULL,99),(89,'',NULL,NULL,NULL,NULL,NULL,NULL,NULL,NULL,NULL,NULL,100),(90,'',NULL,NULL,NULL,NULL,NULL,NULL,NULL,NULL,NULL,NULL,101),(91,'',NULL,NULL,NULL,NULL,NULL,NULL,NULL,NULL,NULL,NULL,102),(92,'',NULL,NULL,NULL,NULL,NULL,NULL,NULL,NULL,NULL,NULL,103),(93,'',NULL,NULL,NULL,NULL,NULL,NULL,NULL,NULL,NULL,NULL,104),(94,'',NULL,NULL,NULL,NULL,NULL,NULL,NULL,NULL,NULL,NULL,105),(95,'',NULL,NULL,NULL,NULL,NULL,NULL,NULL,NULL,NULL,NULL,106),(96,'',NULL,NULL,NULL,NULL,NULL,NULL,NULL,NULL,NULL,NULL,107),(97,'',NULL,NULL,NULL,NULL,NULL,NULL,NULL,NULL,NULL,NULL,108),(98,'',NULL,NULL,NULL,NULL,NULL,NULL,NULL,NULL,NULL,NULL,109),(99,'',NULL,NULL,NULL,NULL,NULL,NULL,NULL,NULL,NULL,NULL,110),(100,'',NULL,NULL,NULL,NULL,NULL,NULL,NULL,NULL,NULL,NULL,111),(101,'',NULL,NULL,NULL,NULL,NULL,NULL,NULL,NULL,NULL,NULL,112),(102,'',NULL,NULL,NULL,NULL,NULL,NULL,NULL,NULL,NULL,NULL,113),(103,'',NULL,NULL,NULL,NULL,NULL,NULL,NULL,NULL,NULL,NULL,114),(104,'',NULL,NULL,NULL,NULL,NULL,NULL,NULL,NULL,NULL,NULL,115);
/*!40000 ALTER TABLE `authentication_userprofile` ENABLE KEYS */;
UNLOCK TABLES;

--
-- Table structure for table `django_admin_log`
--

DROP TABLE IF EXISTS `django_admin_log`;
/*!40101 SET @saved_cs_client     = @@character_set_client */;
/*!50503 SET character_set_client = utf8mb4 */;
CREATE TABLE `django_admin_log` (
  `id` int NOT NULL AUTO_INCREMENT,
  `action_time` datetime(6) NOT NULL,
  `object_id` longtext,
  `object_repr` varchar(200) NOT NULL,
  `action_flag` smallint unsigned NOT NULL,
  `change_message` longtext NOT NULL,
  `content_type_id` int DEFAULT NULL,
  `user_id` bigint NOT NULL,
  PRIMARY KEY (`id`),
  KEY `django_admin_log_content_type_id_c4bce8eb_fk_django_co` (`content_type_id`),
  KEY `django_admin_log_user_id_c564eba6_fk_authentication_user_id` (`user_id`),
  CONSTRAINT `django_admin_log_content_type_id_c4bce8eb_fk_django_co` FOREIGN KEY (`content_type_id`) REFERENCES `django_content_type` (`id`),
  CONSTRAINT `django_admin_log_user_id_c564eba6_fk_authentication_user_id` FOREIGN KEY (`user_id`) REFERENCES `authentication_user` (`id`),
  CONSTRAINT `django_admin_log_chk_1` CHECK ((`action_flag` >= 0))
) ENGINE=InnoDB AUTO_INCREMENT=269 DEFAULT CHARSET=utf8mb4 COLLATE=utf8mb4_0900_ai_ci;
/*!40101 SET character_set_client = @saved_cs_client */;

--
-- Dumping data for table `django_admin_log`
--

LOCK TABLES `django_admin_log` WRITE;
/*!40000 ALTER TABLE `django_admin_log` DISABLE KEYS */;
INSERT INTO `django_admin_log` VALUES (3,'2022-05-11 05:05:33.991720','1','gpm',1,'[{\"added\": {}}]',11,3),(4,'2022-05-11 06:12:04.485959','2','US gpm',1,'[{\"added\": {}}]',11,3),(5,'2022-05-11 06:12:47.550105','3','US gpm',1,'[{\"added\": {}}]',11,3),(6,'2022-05-11 06:15:07.788862','4','lpm',1,'[{\"added\": {}}]',11,3),(7,'2022-05-11 06:15:21.735944','1','Technical',1,'[{\"added\": {}}, {\"added\": {\"name\": \"attribute\", \"object\": \"Flow\"}}]',12,3),(8,'2022-05-11 06:20:18.196592','5','psi',1,'[{\"added\": {}}]',11,3),(9,'2022-05-11 06:20:33.484653','6','ft',1,'[{\"added\": {}}]',11,3),(10,'2022-05-11 06:22:58.069317','1','Technical',2,'[{\"added\": {\"name\": \"attribute\", \"object\": \"Head\"}}, {\"added\": {\"name\": \"attribute\", \"object\": \"BMS connectivity\"}}, {\"added\": {\"name\": \"attribute\", \"object\": \"Evaluation criterion\"}}, {\"added\": {\"name\": \"attribute\", \"object\": \"Prefer fast delivery\"}}]',12,3),(11,'2022-05-11 06:25:38.832553','7','Yes',1,'[{\"added\": {}}]',11,3),(12,'2022-05-11 06:25:44.746614','8','No',1,'[{\"added\": {}}]',11,3),(13,'2022-05-11 06:26:11.845029','9','Price',1,'[{\"added\": {}}]',11,3),(14,'2022-05-11 06:26:26.834806','10','Electricity consumption',1,'[{\"added\": {}}]',11,3),(15,'2022-05-11 06:26:37.258441','1','Technical',2,'[{\"changed\": {\"name\": \"attribute\", \"object\": \"BMS connectivity\", \"fields\": [\"Unit\"]}}, {\"changed\": {\"name\": \"attribute\", \"object\": \"Evaluation criterion\", \"fields\": [\"Unit\"]}}]',12,3),(16,'2022-05-11 06:26:53.027605','1','Technical',2,'[{\"changed\": {\"name\": \"attribute\", \"object\": \"Prefer fast delivery\", \"fields\": [\"Unit\"]}}]',12,3),(17,'2022-05-11 06:27:22.146697','2','Pump',3,'',14,3),(18,'2022-05-11 06:28:15.164068','1','Pump',3,'',14,3),(19,'2022-05-11 06:32:43.266445','1','Technical',2,'[{\"deleted\": {\"name\": \"attribute\", \"object\": \"Prefer fast delivery\"}}]',12,3),(20,'2022-05-11 06:33:22.536321','1','Technical',2,'[{\"added\": {\"name\": \"attribute\", \"object\": \"Prefer fast delivery\"}}]',12,3),(21,'2022-05-11 06:34:19.299638','1','Technical',2,'[{\"changed\": {\"name\": \"attribute\", \"object\": \"Prefer fast delivery\", \"fields\": [\"Options\"]}}]',12,3),(22,'2022-05-11 06:36:23.260973','1','Technical',2,'[{\"changed\": {\"name\": \"attribute\", \"object\": \"Prefer fast delivery\", \"fields\": [\"Options\"]}}]',12,3),(23,'2022-05-11 06:38:26.955182','3','Pump',3,'',14,3),(24,'2022-05-11 06:40:22.838737','1','Technical',2,'[{\"changed\": {\"name\": \"attribute\", \"object\": \"Prefer fast delivery\", \"fields\": [\"Options\"]}}]',12,3),(25,'2022-05-11 06:42:51.767320','1','Technical',2,'[{\"changed\": {\"name\": \"attribute\", \"object\": \"Prefer fast delivery\", \"fields\": [\"Options\", \"Unit\"]}}]',12,3),(26,'2022-05-11 06:43:09.314919','4','Pump',3,'',14,3),(27,'2022-05-16 09:47:42.757125','1','customer',1,'[{\"added\": {}}]',3,3),(28,'2022-05-16 09:50:57.311737','2','supplier',1,'[{\"added\": {}}]',3,3),(29,'2022-05-16 09:52:20.251333','3','moderator',1,'[{\"added\": {}}]',3,3),(30,'2022-05-16 09:53:51.424842','6','testcustomer',1,'[{\"added\": {}}]',27,3),(31,'2022-05-16 09:54:10.045630','6','testcustomer',2,'[{\"changed\": {\"fields\": [\"Groups\"]}}]',27,3),(32,'2022-05-16 09:55:03.130078','6','testcustomer',2,'[{\"changed\": {\"fields\": [\"Groups\"]}}]',27,3),(33,'2022-05-16 09:55:57.363586','6','testcustomer',2,'[{\"changed\": {\"fields\": [\"Groups\"]}}]',27,3),(34,'2022-05-16 09:59:15.556073','6','testcustomer',2,'[{\"changed\": {\"fields\": [\"Groups\"]}}]',27,3),(35,'2022-05-16 10:19:26.868830','6','testcustomer',2,'[{\"changed\": {\"fields\": [\"Groups\"]}}]',27,3),(36,'2022-05-16 10:20:29.545457','6','testcustomer',2,'[{\"changed\": {\"fields\": [\"Groups\"]}}]',27,3),(37,'2022-05-16 10:27:37.559213','6','testcustomer',3,'',27,3),(38,'2022-05-18 04:03:35.233418','4','ab.abdoli@gmail.com',2,'[{\"changed\": {\"fields\": [\"Groups\"]}}]',27,3),(39,'2022-05-18 04:05:11.881393','4','ab.abdoli@gmail.com',2,'[{\"changed\": {\"fields\": [\"password\"]}}]',27,3),(40,'2022-05-18 04:06:05.345036','4','ab.abdoli@gmail.com',2,'[]',27,3),(41,'2022-05-18 04:07:08.855255','4','ab.abdoli@gmail.com',2,'[{\"changed\": {\"fields\": [\"Active\", \"Staff status\", \"Superuser status\"]}}]',27,3),(42,'2022-05-18 11:00:35.245611','2','supplier',2,'[]',3,3),(43,'2022-05-18 16:21:29.543696','1','Technical',2,'[]',12,3),(44,'2022-05-24 11:50:51.307050','1','Technical',2,'[{\"changed\": {\"name\": \"attribute\", \"object\": \"BMS connectivity\", \"fields\": [\"Options\", \"Unit\"]}}]',12,3),(45,'2022-05-25 08:48:27.278907','1','Technical',2,'[]',12,3),(46,'2022-05-25 08:50:28.147636','6','Pump2',3,'',14,3),(47,'2022-05-25 08:50:28.151960','5','Pump',3,'',14,3),(48,'2022-05-25 09:28:59.213395','1','Technical',2,'[{\"changed\": {\"name\": \"attribute\", \"object\": \"Evaluation criterion\", \"fields\": [\"Options\", \"Unit\"]}}]',12,3),(49,'2022-05-27 03:34:15.798913','11','F',1,'[{\"added\": {}}]',11,3),(50,'2022-05-27 03:35:30.830926','12','C',1,'[{\"added\": {}}]',11,3),(51,'2022-05-27 03:37:17.129247','1','Technical',2,'[{\"added\": {\"name\": \"attribute\", \"object\": \"Application, e.g., Industrial Processes\"}}, {\"added\": {\"name\": \"attribute\", \"object\": \"Fluid, e.g., 50% ethylene glycol-water\"}}, {\"added\": {\"name\": \"attribute\", \"object\": \"Frequency\"}}, {\"added\": {\"name\": \"attribute\", \"object\": \"Phase\"}}, {\"added\": {\"name\": \"attribute\", \"object\": \"Voltage\"}}, {\"added\": {\"name\": \"attribute\", \"object\": \"Max Fluid Temperature\"}}, {\"added\": {\"name\": \"attribute\", \"object\": \"Min Fluid Temperature\"}}]',12,3),(52,'2022-05-27 03:37:36.842428','1','Technical',2,'[{\"changed\": {\"name\": \"attribute\", \"object\": \"Min Fluid Temperature\", \"fields\": [\"Unit\"]}}]',12,3),(53,'2022-05-27 04:15:47.661674','1','Technical',2,'[{\"added\": {\"name\": \"attribute\", \"object\": \"Min Suction Head\"}}, {\"changed\": {\"name\": \"attribute\", \"object\": \"Max Fluid Temperature\", \"fields\": [\"Type\"]}}, {\"changed\": {\"name\": \"attribute\", \"object\": \"Min Fluid Temperature\", \"fields\": [\"Type\"]}}]',12,3),(54,'2022-05-27 04:23:14.900436','13','Week',1,'[{\"added\": {}}]',11,3),(55,'2022-05-27 04:23:21.411621','14','Day',1,'[{\"added\": {}}]',11,3),(56,'2022-05-27 04:23:27.549313','1','Technical',2,'[{\"added\": {\"name\": \"attribute\", \"object\": \"Lead time to be less than\"}}, {\"changed\": {\"name\": \"attribute\", \"object\": \"Application, e.g., industrial processes\", \"fields\": [\"Title\"]}}, {\"changed\": {\"name\": \"attribute\", \"object\": \"Frequency\", \"fields\": [\"Options\"]}}, {\"changed\": {\"name\": \"attribute\", \"object\": \"Max fluid temperature\", \"fields\": [\"Title\"]}}, {\"changed\": {\"name\": \"attribute\", \"object\": \"Min fluid temperature\", \"fields\": [\"Title\"]}}, {\"changed\": {\"name\": \"attribute\", \"object\": \"Min suction head\", \"fields\": [\"Title\"]}}]',12,3),(57,'2022-05-27 04:24:06.908085','15','US Dollar',1,'[{\"added\": {}}]',11,3),(58,'2022-05-27 04:26:08.169079','16','Euro',1,'[{\"added\": {}}]',11,3),(59,'2022-05-27 04:26:55.080867','17','Yuan',1,'[{\"added\": {}}]',11,3),(60,'2022-05-27 04:28:43.388185','18','USD',1,'[{\"added\": {}}]',11,3),(61,'2022-05-27 04:29:10.654948','19','EUR',1,'[{\"added\": {}}]',11,3),(62,'2022-05-27 04:29:17.097960','20','CNH',1,'[{\"added\": {}}]',11,3),(63,'2022-05-27 04:30:47.419972','21','CNY',1,'[{\"added\": {}}]',11,3),(64,'2022-05-27 04:30:52.578278','22','BTC',1,'[{\"added\": {}}]',11,3),(65,'2022-05-27 04:30:58.936365','1','Technical',2,'[{\"added\": {\"name\": \"attribute\", \"object\": \"Price less than\"}}]',12,3),(66,'2022-05-27 04:38:28.318122','1','Mechanical Specification',2,'[{\"changed\": {\"fields\": [\"Title\"]}}]',12,3),(67,'2022-05-27 04:40:50.873958','2','Electrical Specification',1,'[{\"added\": {}}, {\"added\": {\"name\": \"attribute\", \"object\": \"Frequency\"}}, {\"added\": {\"name\": \"attribute\", \"object\": \"Phase\"}}, {\"added\": {\"name\": \"attribute\", \"object\": \"Voltage\"}}]',12,3),(68,'2022-05-27 05:00:47.775521','3','Preference',1,'[{\"added\": {}}, {\"added\": {\"name\": \"attribute\", \"object\": \"Lead time to be less than\"}}, {\"added\": {\"name\": \"attribute\", \"object\": \"Price to be less than\"}}]',12,3),(69,'2022-05-27 05:05:47.185666','2','Electrical Specification',2,'[]',12,3),(70,'2022-05-27 05:06:30.120819','2','Electrical Specification',2,'[{\"changed\": {\"name\": \"attribute\", \"object\": \"Voltage\", \"fields\": [\"Options\"]}}]',12,3),(71,'2022-10-13 03:58:30.218948','19','admin@admin.com',3,'',27,3),(72,'2022-10-13 03:59:26.048501','30','artemne5u@outlook.com',3,'',27,3),(73,'2022-10-13 03:59:26.055586','11','chloe@gmail.com',3,'',27,3),(74,'2022-10-13 03:59:26.061900','13','chloecampbell@gmail.com',3,'',27,3),(75,'2022-10-13 03:59:26.067535','12','chloecampbell288@gmail.com',3,'',27,3),(76,'2022-10-13 03:59:26.080763','7','crawlergo@gmail.com',3,'',27,3),(77,'2022-10-13 03:59:26.085753','10','dev.qayumhasan@gmail.com',3,'',27,3),(78,'2022-10-13 03:59:26.092174','14','fimawa@mailinator.com',3,'',27,3),(79,'2022-10-13 03:59:26.098173','5','fnfventures.bd@gmail.com',3,'',27,3),(80,'2022-10-13 03:59:26.105787','26','hamogafa@mailinator.com',3,'',27,3),(81,'2022-10-13 03:59:26.109977','27','hobohox@mailinator.com',3,'',27,3),(82,'2022-10-13 03:59:26.114748','17','jijyqi@mailinator.com',3,'',27,3),(83,'2022-10-13 03:59:26.119219','24','jufumatu@mailinator.com',3,'',27,3),(84,'2022-10-13 03:59:26.123915','25','jywuku@mailinator.com',3,'',27,3),(85,'2022-10-13 03:59:26.131798','20','kogybys@mailinator.com',3,'',27,3),(86,'2022-10-13 03:59:26.140162','29','kukaryso@mailinator.com',3,'',27,3),(87,'2022-10-13 03:59:26.145499','23','muvunokyku@mailinator.com',3,'',27,3),(88,'2022-10-13 03:59:26.151942','18','rocymewati@mailinator.com',3,'',27,3),(89,'2022-10-13 03:59:26.159121','15','sadiabintenizam98@gmail.com',3,'',27,3),(90,'2022-10-13 03:59:26.165798','31','trishaswaika04@gmail.com',3,'',27,3),(91,'2022-10-13 03:59:26.172473','22','veqepihi@mailinator.com',3,'',27,3),(92,'2022-10-13 03:59:26.182459','16','xofixewog@mailinator.com',3,'',27,3),(93,'2022-10-13 03:59:26.187538','21','xygylel@mailinator.com',3,'',27,3),(94,'2022-10-13 03:59:26.192682','28','zemazode@mailinator.com',3,'',27,3),(95,'2022-10-14 02:50:16.768904','32','zifewodup@mailinator.com',3,'',27,3),(96,'2022-10-14 03:00:49.249257','4','ab.abdoli@gmail.com',3,'',27,3),(97,'2022-10-14 03:04:04.540396','33','ab.abdoli@gmail.com',2,'[{\"changed\": {\"fields\": [\"Groups\"]}}]',27,3),(98,'2022-10-14 03:04:22.917840','33','ab.abdoli@gmail.com',2,'[{\"changed\": {\"fields\": [\"Active\", \"Staff status\", \"Superuser status\"]}}]',27,3),(99,'2022-10-15 05:35:37.389888','1','Mechanical Specification',2,'[{\"added\": {\"name\": \"attribute\", \"object\": \"Refrigerant, e.g., R134a\"}}]',12,3),(100,'2022-10-15 05:36:18.035130','1','Mechanical Specification',2,'[{\"added\": {\"name\": \"attribute\", \"object\": \"Application, e.g., Air Conditioning\"}}]',12,3),(101,'2022-10-15 05:40:35.849853','23','Btu/h',1,'[{\"added\": {}}]',11,3),(102,'2022-10-15 05:40:56.075298','24','kW',1,'[{\"added\": {}}]',11,3),(103,'2022-10-15 05:41:03.288361','25','ton',1,'[{\"added\": {}}]',11,3),(104,'2022-10-15 05:41:09.252052','1','Mechanical Specification',2,'[{\"added\": {\"name\": \"attribute\", \"object\": \"Cooling Capacity\"}}]',12,3),(105,'2022-10-15 05:43:18.936244','1','Mechanical Specification',2,'[{\"added\": {\"name\": \"attribute\", \"object\": \"Evaporating Temperature\"}}, {\"added\": {\"name\": \"attribute\", \"object\": \"Condensing Temperature\"}}]',12,3),(106,'2022-10-16 02:10:14.455423','26','Pa',1,'[{\"added\": {}}]',11,3),(107,'2022-10-16 02:11:33.098559','1','Mechanical Specification',2,'[{\"added\": {\"name\": \"attribute\", \"object\": \"Valve type, e.g., 2-way, 3-way, solenoid, etc.\"}}, {\"added\": {\"name\": \"attribute\", \"object\": \"Maximum working pressure\"}}, {\"added\": {\"name\": \"attribute\", \"object\": \"Maximum flow rate\"}}, {\"added\": {\"name\": \"attribute\", \"object\": \"Pressure drop\"}}, {\"changed\": {\"name\": \"attribute\", \"object\": \"Application, e.g., air conditioning\", \"fields\": [\"Title\"]}}, {\"changed\": {\"name\": \"attribute\", \"object\": \"Cooling capacity\", \"fields\": [\"Title\"]}}, {\"changed\": {\"name\": \"attribute\", \"object\": \"Evaporating temperature\", \"fields\": [\"Title\"]}}, {\"changed\": {\"name\": \"attribute\", \"object\": \"Condensing temperature\", \"fields\": [\"Title\"]}}]',12,3),(108,'2022-10-16 02:17:41.348102','1','Mechanical Specification',2,'[{\"added\": {\"name\": \"attribute\", \"object\": \"Max working temperature\"}}, {\"added\": {\"name\": \"attribute\", \"object\": \"Min working temperature\"}}, {\"added\": {\"name\": \"attribute\", \"object\": \"Valve drive type, e.g., electric\"}}, {\"added\": {\"name\": \"attribute\", \"object\": \"Connection type, e.g., 1 in NPT\"}}, {\"changed\": {\"name\": \"attribute\", \"object\": \"Voltage\", \"fields\": [\"Options\"]}}, {\"changed\": {\"name\": \"attribute\", \"object\": \"Max working pressure\", \"fields\": [\"Title\"]}}, {\"changed\": {\"name\": \"attribute\", \"object\": \"Max flow rate\", \"fields\": [\"Title\"]}}, {\"changed\": {\"name\": \"attribute\", \"object\": \"Pressure drop\", \"fields\": [\"Unit\"]}}]',12,3),(109,'2022-10-16 02:23:02.193358','1','Mechanical Specification',2,'[{\"changed\": {\"name\": \"attribute\", \"object\": \"Pressure drop\", \"fields\": [\"Unit\"]}}]',12,3),(110,'2022-10-16 02:26:48.974358','1','Mechanical Specification',2,'[{\"changed\": {\"name\": \"attribute\", \"object\": \"Valve drive type, e.g., electric 24V or manual\", \"fields\": [\"Title\", \"Type\"]}}]',12,3),(111,'2022-10-16 03:16:51.455828','1','Mechanical Specification',2,'[{\"added\": {\"name\": \"attribute\", \"object\": \"Refrigerant holding weight or refrigeration capacity\"}}, {\"added\": {\"name\": \"attribute\", \"object\": \"Vertical or horizontal orientation\"}}]',12,3),(112,'2022-10-16 03:27:59.753205','1','Mechanical Specification',2,'[{\"added\": {\"name\": \"attribute\", \"object\": \"Discharge or suction muffler\"}}, {\"added\": {\"name\": \"attribute\", \"object\": \"Maximum system pressure, e.g., 450 psi\"}}]',12,3),(113,'2022-10-16 03:30:15.457829','1','Mechanical Specification',2,'[{\"changed\": {\"name\": \"attribute\", \"object\": \"Max system pressure, e.g., 450 psi\", \"fields\": [\"Title\"]}}]',12,3),(114,'2022-10-16 03:35:14.668506','27','lb',1,'[{\"added\": {}}]',11,3),(115,'2022-10-16 03:35:21.809552','28','kg',1,'[{\"added\": {}}]',11,3),(116,'2022-10-16 03:38:23.681930','1','Mechanical Specification',2,'[{\"added\": {\"name\": \"attribute\", \"object\": \"Pump down capacity, e.g., 3 lb\"}}, {\"added\": {\"name\": \"attribute\", \"object\": \"Max working pressure, e.g., 600 psi\"}}, {\"added\": {\"name\": \"attribute\", \"object\": \"Mounting: vertical or horizontal\"}}, {\"added\": {\"name\": \"attribute\", \"object\": \"Inlet connection, e.g., 1/4 in ID sweat\"}}, {\"added\": {\"name\": \"attribute\", \"object\": \"Outlet connection, e.g., 1/4 in ID sweat\"}}]',12,3),(117,'2022-10-16 03:46:26.881258','29','hp',1,'[{\"added\": {}}]',11,3),(118,'2022-10-16 03:49:22.459602','30','rpm',1,'[{\"added\": {}}]',11,3),(119,'2022-10-16 03:52:27.351275','2','Electrical Specification',2,'[{\"added\": {\"name\": \"attribute\", \"object\": \"Application, e.g., Pump Motor\"}}, {\"added\": {\"name\": \"attribute\", \"object\": \"Output power\"}}, {\"added\": {\"name\": \"attribute\", \"object\": \"Nominal speed, e.g., 3,500 rpm\"}}, {\"added\": {\"name\": \"attribute\", \"object\": \"Variable speed ratio (inverter-rated), e.g. 10:1\"}}, {\"added\": {\"name\": \"attribute\", \"object\": \"Variable torque ratio, e.g., 4:1\"}}, {\"added\": {\"name\": \"attribute\", \"object\": \"Frame size, e.g., 42\"}}, {\"added\": {\"name\": \"attribute\", \"object\": \"Enclosure, e.g., DP\"}}]',12,3),(120,'2022-10-16 03:56:26.345275','2','Electrical Specification',2,'[{\"added\": {\"name\": \"attribute\", \"object\": \"Mounting, e.g., Horizontal\"}}, {\"changed\": {\"name\": \"attribute\", \"object\": \"Application, e.g., pump motor\", \"fields\": [\"Title\"]}}]',12,3),(121,'2022-10-16 04:03:38.209345','1','Mechanical Specification',2,'[{\"added\": {\"name\": \"attribute\", \"object\": \"Subcooling, e.g., 10 F\"}}, {\"added\": {\"name\": \"attribute\", \"object\": \"Pressure drop in evaporator distributor\"}}, {\"added\": {\"name\": \"attribute\", \"object\": \"Pressure drop between compressor and TXV\"}}]',12,3),(122,'2022-10-16 04:10:10.454366','1','Mechanical Specification',2,'[{\"added\": {\"name\": \"attribute\", \"object\": \"Liquid line OD, e.g., 1/2\\\"\"}}]',12,3),(123,'2022-10-16 04:19:20.692214','1','Mechanical Specification',2,'[{\"added\": {\"name\": \"attribute\", \"object\": \"Superheat, e.g., 10 F\"}}]',12,3),(124,'2022-10-16 04:24:33.458325','31','DC',1,'[{\"added\": {}}]',11,3),(125,'2022-10-16 04:24:39.837836','32','AC',1,'[{\"added\": {}}]',11,3),(126,'2022-10-16 04:24:46.624173','1','Mechanical Specification',2,'[{\"added\": {\"name\": \"attribute\", \"object\": \"Input power, e.g., 24 VDC\"}}]',12,3),(127,'2022-10-16 04:31:32.246779','1','Mechanical Specification',2,'[{\"added\": {\"name\": \"attribute\", \"object\": \"Suction line OD, e.g., 3/4 in\"}}, {\"changed\": {\"name\": \"attribute\", \"object\": \"Connection type, e.g., 1\\\" NPT\", \"fields\": [\"Title\"]}}, {\"changed\": {\"name\": \"attribute\", \"object\": \"Inlet connection, e.g., 1/4\\\" ID sweat\", \"fields\": [\"Title\"]}}, {\"changed\": {\"name\": \"attribute\", \"object\": \"Outlet connection, e.g., 1/4\\\" ID sweat\", \"fields\": [\"Title\"]}}]',12,3),(128,'2022-10-16 04:31:49.000512','1','Mechanical Specification',2,'[{\"changed\": {\"name\": \"attribute\", \"object\": \"Suction line OD, e.g., 3/4\\\"\", \"fields\": [\"Title\"]}}]',12,3),(129,'2022-10-16 04:34:54.134362','1','Mechanical Specification',2,'[{\"added\": {\"name\": \"attribute\", \"object\": \"Discharge line OD, e.g., 3/4\\\"\"}}]',12,3),(130,'2022-10-16 04:39:50.377832','33','W',1,'[{\"added\": {}}]',11,3),(131,'2022-10-16 04:40:00.627871','1','Mechanical Specification',2,'[{\"added\": {\"name\": \"attribute\", \"object\": \"Compressor Model, e.g., Copeland ZPS35K4E-PFV-130\"}}, {\"added\": {\"name\": \"attribute\", \"object\": \"Power usage, e.g., 80 W\"}}]',12,3),(132,'2022-10-16 15:36:55.352324','34','A',1,'[{\"added\": {}}]',11,3),(133,'2022-10-16 15:37:38.297402','35','%',1,'[{\"added\": {}}]',11,3),(134,'2022-10-16 15:40:15.318016','36','m',1,'[{\"added\": {}}]',11,3),(135,'2022-10-16 15:41:33.001638','2','Electrical Specification',2,'[{\"added\": {\"name\": \"attribute\", \"object\": \"Input phase, e.g., 3 ph\"}}, {\"added\": {\"name\": \"attribute\", \"object\": \"Input voltage, e.g., 208 VAC\"}}, {\"added\": {\"name\": \"attribute\", \"object\": \"Output phase, e.g., 3 ph\"}}, {\"added\": {\"name\": \"attribute\", \"object\": \"Output voltage, e.g., 208 VAC\"}}, {\"added\": {\"name\": \"attribute\", \"object\": \"Motor full load current, e.g., 30 A\"}}, {\"added\": {\"name\": \"attribute\", \"object\": \"Overload percentage, e.g., 150%\"}}, {\"added\": {\"name\": \"attribute\", \"object\": \"Ambient / enclosure air temperature, e.g., 95 F\"}}, {\"added\": {\"name\": \"attribute\", \"object\": \"Altitude, e.g., 3,300 ft\"}}, {\"changed\": {\"name\": \"attribute\", \"object\": \"Frequency\", \"fields\": [\"Options\"]}}, {\"changed\": {\"name\": \"attribute\", \"object\": \"Mounting, e.g., horizontal\", \"fields\": [\"Title\"]}}]',12,3),(136,'2022-10-16 16:00:32.299366','1','Mechanical Specification',2,'[{\"added\": {\"name\": \"attribute\", \"object\": \"Accuracy, e.g., 2%\"}}, {\"added\": {\"name\": \"attribute\", \"object\": \"Display type, e.g., digital\"}}, {\"added\": {\"name\": \"attribute\", \"object\": \"Connection, e.g., 1\\\" NPT\"}}, {\"changed\": {\"name\": \"attribute\", \"object\": \"Orientation\", \"fields\": [\"Title\", \"Type\", \"Options\"]}}]',12,3),(137,'2022-10-16 16:13:52.117191','37','in',1,'[{\"added\": {}}]',11,3),(138,'2022-10-16 16:15:47.585782','38','m',1,'[{\"added\": {}}]',11,3),(139,'2022-10-16 16:18:55.169024','1','Mechanical Specification',2,'[{\"added\": {\"name\": \"attribute\", \"object\": \"Strainer type\"}}, {\"added\": {\"name\": \"attribute\", \"object\": \"Smallest particles filtered, e.g., 0.016\\\"\"}}, {\"added\": {\"name\": \"attribute\", \"object\": \"Overall strainer opening, e.g., 1\\\" OD\"}}]',12,3),(140,'2022-10-16 16:19:29.424123','39','cm',1,'[{\"added\": {}}]',11,3),(141,'2022-10-16 16:21:51.397448','1','Mechanical Specification',2,'[{\"changed\": {\"name\": \"attribute\", \"object\": \"Overall strainer opening, e.g., 1\\\" OD\", \"fields\": [\"Unit\"]}}]',12,3),(142,'2022-10-16 16:37:06.990486','1','Mechanical Specification',2,'[{\"added\": {\"name\": \"attribute\", \"object\": \"Fluid / Refrigerant\"}}, {\"added\": {\"name\": \"attribute\", \"object\": \"Connection Material, e.g., Copper\"}}, {\"added\": {\"name\": \"attribute\", \"object\": \"Burst pressure\"}}, {\"changed\": {\"name\": \"attribute\", \"object\": \"Connection type, e.g., 1\\\" NPT Female\", \"fields\": [\"Title\"]}}]',12,3),(143,'2022-10-16 21:34:15.487111','40','cfm',1,'[{\"added\": {}}]',11,3),(144,'2022-10-16 21:35:42.095717','41','m3/h',1,'[{\"added\": {}}]',11,3),(145,'2022-10-16 21:38:09.036905','42','iwg',1,'[{\"added\": {}}]',11,3),(146,'2022-10-16 21:41:19.200604','43','db',1,'[{\"added\": {}}]',11,3),(147,'2022-10-16 21:42:07.189038','44','dB',1,'[{\"added\": {}}]',11,3),(148,'2022-10-16 21:42:25.167004','1','Mechanical Specification',2,'[{\"added\": {\"name\": \"attribute\", \"object\": \"Airflow required\"}}, {\"added\": {\"name\": \"attribute\", \"object\": \"Pressure drop, e.g., 0.5  iwg\"}}, {\"added\": {\"name\": \"attribute\", \"object\": \"Noise level, e.g., 46 dB\"}}]',12,3),(149,'2022-10-16 22:16:47.404675','1','Mechanical Specification',2,'[{\"added\": {\"name\": \"attribute\", \"object\": \"Ambient / enclosure air temperature, e.g., 95 F\"}}]',12,3),(150,'2022-10-16 22:18:21.459314','2','Electrical Specification',2,'[]',12,3),(151,'2022-10-16 22:18:54.828098','1','Mechanical Specification',2,'[{\"added\": {\"name\": \"attribute\", \"object\": \"Altitude, e.g., 3,300 ft\"}}]',12,3),(152,'2022-10-16 22:29:55.401646','45','gal',1,'[{\"added\": {}}]',11,3),(153,'2022-10-16 22:30:17.121894','46','lit',1,'[{\"added\": {}}]',11,3),(154,'2022-10-16 22:30:31.242207','1','Mechanical Specification',2,'[{\"added\": {\"name\": \"attribute\", \"object\": \"Heater type, e.g., electric\"}}, {\"added\": {\"name\": \"attribute\", \"object\": \"Heating capacity, e.g., 100,000 Btu/hr\"}}, {\"added\": {\"name\": \"attribute\", \"object\": \"Tank volume, e.g., 50 gal\"}}]',12,3),(155,'2022-10-16 22:35:15.044525','1','Mechanical Specification',2,'[{\"added\": {\"name\": \"attribute\", \"object\": \"Boiler Type, e.g., Gas\"}}]',12,3),(156,'2022-10-16 22:43:39.063802','1','Mechanical Specification',2,'[{\"added\": {\"name\": \"attribute\", \"object\": \"Max pressure\"}}, {\"added\": {\"name\": \"attribute\", \"object\": \"Max temperature\"}}]',12,3),(157,'2022-10-16 22:58:41.241510','1','Mechanical Specification',2,'[{\"added\": {\"name\": \"attribute\", \"object\": \"Mounting location, e.g., duct\"}}, {\"added\": {\"name\": \"attribute\", \"object\": \"Relative humidity range, e.g., 10%-95%\"}}, {\"added\": {\"name\": \"attribute\", \"object\": \"Relative humidity accuracy, e.g., 3%\"}}, {\"added\": {\"name\": \"attribute\", \"object\": \"Temperature range, e.g., -40 F to 122 F\"}}, {\"added\": {\"name\": \"attribute\", \"object\": \"Temperature accuracy, e.g., 2%\"}}, {\"added\": {\"name\": \"attribute\", \"object\": \"Meter type, e.g., direct\"}}, {\"added\": {\"name\": \"attribute\", \"object\": \"Display type, e.g., LCD\"}}, {\"added\": {\"name\": \"attribute\", \"object\": \"Mounting hole diameter, e.g., 1/2\\\"\"}}]',12,3),(158,'2022-10-16 23:07:01.599668','1','Mechanical Specification',2,'[{\"added\": {\"name\": \"attribute\", \"object\": \"Groove profile, e.g., V-Belt SPC\"}}, {\"added\": {\"name\": \"attribute\", \"object\": \"Pulley outside diameter, e.g., 6\\\"\"}}, {\"added\": {\"name\": \"attribute\", \"object\": \"No. of grooves, e.g., 3\"}}, {\"added\": {\"name\": \"attribute\", \"object\": \"Shaft bore, e.g., straight\"}}, {\"added\": {\"name\": \"attribute\", \"object\": \"Shaft bore diameter, e.g., 1/2\\\"\"}}]',12,3),(159,'2022-10-16 23:14:12.893167','1','Mechanical Specification',2,'[{\"added\": {\"name\": \"attribute\", \"object\": \"Damper type, e.g., automatic\"}}, {\"added\": {\"name\": \"attribute\", \"object\": \"Duct shape\"}}, {\"added\": {\"name\": \"attribute\", \"object\": \"Duct height, e.g., 12\\\"\"}}, {\"added\": {\"name\": \"attribute\", \"object\": \"Duct width, e.g., 12\\\"\"}}, {\"added\": {\"name\": \"attribute\", \"object\": \"Connection type, e.g., press fit\"}}]',12,3),(160,'2022-10-16 23:20:41.407141','47','scfm',1,'[{\"added\": {}}]',11,3),(161,'2022-10-16 23:21:49.623147','1','Mechanical Specification',2,'[{\"added\": {\"name\": \"attribute\", \"object\": \"Power source, e.g., electric\"}}, {\"added\": {\"name\": \"attribute\", \"object\": \"Mobility\"}}, {\"added\": {\"name\": \"attribute\", \"object\": \"Standard cfm (scfm)\"}}, {\"added\": {\"name\": \"attribute\", \"object\": \"Power\"}}]',12,3),(162,'2022-10-17 01:23:11.116876','1','About',2,'[{\"changed\": {\"fields\": [\"Description\"]}}]',29,3),(163,'2022-10-17 01:23:57.054006','1','About',2,'[{\"changed\": {\"fields\": [\"Description\"]}}]',29,3),(164,'2022-10-17 01:24:30.551039','1','About',2,'[{\"changed\": {\"fields\": [\"Description\"]}}]',29,3),(165,'2022-10-17 01:25:45.471723','1','About',2,'[{\"changed\": {\"fields\": [\"Description\"]}}]',29,3),(166,'2022-10-17 01:26:30.886508','1','About',2,'[{\"changed\": {\"fields\": [\"Description\"]}}]',29,3),(167,'2022-10-17 01:28:44.942620','1','About',2,'[{\"changed\": {\"fields\": [\"Description\"]}}]',29,3),(168,'2022-10-17 01:29:11.842963','1','About',2,'[{\"changed\": {\"fields\": [\"Description\"]}}]',29,3),(169,'2022-10-17 01:35:27.499155','2','Contact',2,'[{\"changed\": {\"fields\": [\"Description\"]}}]',29,3),(170,'2022-10-17 01:36:00.737605','2','Contact',2,'[{\"changed\": {\"fields\": [\"Description\"]}}]',29,3),(171,'2022-10-17 01:38:38.847826','1','About',2,'[{\"changed\": {\"fields\": [\"Description\"]}}]',29,3),(172,'2022-10-17 03:07:39.129409','1','Mechanical Specification',2,'[{\"added\": {\"name\": \"attribute\", \"object\": \"Titanium grade, e.g., grade 2\"}}, {\"added\": {\"name\": \"attribute\", \"object\": \"Outside diameter, e.g., 3/4\\\"\"}}, {\"added\": {\"name\": \"attribute\", \"object\": \"Wall thickness, e.g., 0.035\\\"\"}}, {\"added\": {\"name\": \"attribute\", \"object\": \"Length, e.g., 96\\\"\"}}, {\"added\": {\"name\": \"attribute\", \"object\": \"Width, e.g., 12\\\"\"}}, {\"added\": {\"name\": \"attribute\", \"object\": \"Thickness, e.g., 1\\\"\"}}, {\"added\": {\"name\": \"attribute\", \"object\": \"Length, e.g., 36\\\"\"}}]',12,3),(173,'2022-10-17 03:20:57.295222','1','Mechanical Specification',2,'[{\"added\": {\"name\": \"attribute\", \"object\": \"Diameter, e.g., 3/4\\\"\"}}, {\"deleted\": {\"name\": \"attribute\", \"object\": \"Length, e.g., 96\\\"\"}}]',12,3),(174,'2022-10-17 03:25:38.299122','1','Mechanical Specification',2,'[{\"added\": {\"name\": \"attribute\", \"object\": \"Stainless steel grade, e.g., 304\"}}]',12,3),(175,'2022-10-17 03:34:58.407996','1','Mechanical Specification',2,'[{\"added\": {\"name\": \"attribute\", \"object\": \"Copper type, e.g., type L\"}}, {\"changed\": {\"name\": \"attribute\", \"object\": \"Stainless steel type, e.g., 304\", \"fields\": [\"Title\"]}}]',12,3),(176,'2022-10-17 14:35:34.130844','2','Contact',2,'[{\"changed\": {\"fields\": [\"Description\"]}}]',29,3),(177,'2022-10-17 14:39:58.662443','2','Contact',2,'[{\"changed\": {\"fields\": [\"Description\"]}}]',29,3),(178,'2022-10-17 14:52:48.790244','3','Hi',1,'[{\"added\": {}}, {\"added\": {\"name\": \"page seo\", \"object\": \"asdf\"}}, {\"added\": {\"name\": \"page seo\", \"object\": \"asdf\"}}]',29,3),(179,'2022-10-17 14:53:45.367485','3','Hi',3,'',29,3),(180,'2022-10-18 04:04:57.981423','1','Mechanical Specification',2,'[{\"added\": {\"name\": \"attribute\", \"object\": \"Nickel alloy, e.g., 200\"}}, {\"added\": {\"name\": \"attribute\", \"object\": \"Aluminum Alloy, e.g., 6061\"}}]',12,3),(181,'2022-10-18 04:06:30.459205','1','Mechanical Specification',2,'[{\"changed\": {\"name\": \"attribute\", \"object\": \"Aluminum alloy, e.g., 6061\", \"fields\": [\"Title\"]}}]',12,3),(182,'2022-10-18 04:31:08.908214','1','Mechanical Specification',2,'[{\"added\": {\"name\": \"attribute\", \"object\": \"Material, e.g., stainless steel\"}}]',12,3),(183,'2022-10-18 04:37:11.869074','1','Mechanical Specification',2,'[{\"added\": {\"name\": \"attribute\", \"object\": \"Inside diameter, e.g., 1/2\\\"\"}}, {\"added\": {\"name\": \"attribute\", \"object\": \"Metal 1, e.g., aluminum 6061\"}}, {\"added\": {\"name\": \"attribute\", \"object\": \"Metal 2, e.g., stainless steel 316\"}}, {\"changed\": {\"name\": \"attribute\", \"object\": \"Material, e.g., stainless steel 316\", \"fields\": [\"Title\"]}}]',12,3),(184,'2022-10-18 04:47:38.216461','1','Mechanical Specification',2,'[{\"added\": {\"name\": \"attribute\", \"object\": \"Height, e.g., 12\\\"\"}}]',12,3),(185,'2022-10-18 04:58:41.955317','50','Liquid Level Indicator',3,'',14,3),(186,'2022-10-18 14:41:35.023837','1','Triple Choice',2,'[{\"changed\": {\"fields\": [\"Contact number\"]}}]',31,3),(187,'2022-10-21 04:23:34.742190','4','My Part',1,'[{\"added\": {}}, {\"added\": {\"name\": \"attribute\", \"object\": \"Part, e.g., pump\"}}, {\"added\": {\"name\": \"attribute\", \"object\": \"Part manufacturer, e.g., Grundfos\"}}, {\"added\": {\"name\": \"attribute\", \"object\": \"Part number, e.g., CM3-2 A-S-I-E\"}}]',12,3),(188,'2022-10-23 03:04:18.662638','1','Mechanical Specification',2,'[{\"added\": {\"name\": \"attribute\", \"object\": \"Pressure unit, e.g., psi\"}}, {\"added\": {\"name\": \"attribute\", \"object\": \"Pressure range, e.g., 0-25 psi\"}}, {\"added\": {\"name\": \"attribute\", \"object\": \"Display type: Dial or Digital\"}}, {\"added\": {\"name\": \"attribute\", \"object\": \"Dial type: Dry or Liquid\"}}, {\"added\": {\"name\": \"attribute\", \"object\": \"Dial diameter, e.g., 4 in\"}}, {\"added\": {\"name\": \"attribute\", \"object\": \"Lens material: Glass or Plastic\"}}, {\"added\": {\"name\": \"attribute\", \"object\": \"Certification, e.g., NIST\"}}, {\"added\": {\"name\": \"attribute\", \"object\": \"Ambient temperature range, e.g., 0 to 140 F\"}}, {\"added\": {\"name\": \"attribute\", \"object\": \"Fluid temperature range, e.g., -40 to 210 F\"}}]',12,3),(189,'2022-10-23 03:14:45.269741','1','Mechanical Specification',2,'[{\"added\": {\"name\": \"attribute\", \"object\": \"Gauge pressure unit, e.g., in.Hg\"}}, {\"added\": {\"name\": \"attribute\", \"object\": \"Pressure range, e.g., 0-30 in.Hg\"}}, {\"changed\": {\"name\": \"attribute\", \"object\": \"Gauge pressure unit, e.g., psi\", \"fields\": [\"Title\"]}}, {\"changed\": {\"name\": \"attribute\", \"object\": \"Dial diameter, e.g., 4\\\"\", \"fields\": [\"Title\"]}}]',12,3),(190,'2022-10-23 03:25:18.236958','48','gph',1,'[{\"added\": {}}]',11,3),(191,'2022-10-23 03:26:43.265606','49','ft3',1,'[{\"added\": {}}]',11,3),(192,'2022-10-23 03:26:50.153749','50','m3',1,'[{\"added\": {}}]',11,3),(193,'2022-10-23 03:31:30.374846','1','Mechanical Specification',2,'[{\"added\": {\"name\": \"attribute\", \"object\": \"Type: steam or atomizing\"}}, {\"added\": {\"name\": \"attribute\", \"object\": \"Process: isothermal or adiabatic\"}}, {\"added\": {\"name\": \"attribute\", \"object\": \"Capacity, e.g., 1 gph\"}}, {\"added\": {\"name\": \"attribute\", \"object\": \"Space volume, e.g. 10000 ft3\"}}, {\"added\": {\"name\": \"attribute\", \"object\": \"Gas fired or electric\"}}, {\"added\": {\"name\": \"attribute\", \"object\": \"Mobility: portable or stationary\"}}, {\"added\": {\"name\": \"attribute\", \"object\": \"Freestanding, wall or duct mounting\"}}, {\"added\": {\"name\": \"attribute\", \"object\": \"Water Supply: tank or water Line\"}}, {\"changed\": {\"name\": \"attribute\", \"object\": \"Display type: dial or digital\", \"fields\": [\"Title\"]}}, {\"changed\": {\"name\": \"attribute\", \"object\": \"Dial type: dry or liquid\", \"fields\": [\"Title\"]}}, {\"changed\": {\"name\": \"attribute\", \"object\": \"Lens material: glass or plastic\", \"fields\": [\"Title\"]}}]',12,3),(194,'2022-10-23 03:42:18.412619','1','Mechanical Specification',2,'[{\"changed\": {\"name\": \"attribute\", \"object\": \"Mounting, e.g., freestanding\", \"fields\": [\"Title\", \"Options\"]}}]',12,3),(195,'2022-10-23 20:37:40.849997','51','ft/s',1,'[{\"added\": {}}]',11,3),(196,'2022-10-23 20:37:46.222596','52','m/s',1,'[{\"added\": {}}]',11,3),(197,'2022-10-23 20:37:57.155245','1','Mechanical Specification',2,'[{\"added\": {\"name\": \"attribute\", \"object\": \"Flow direction, e.g., horizontal\"}}, {\"added\": {\"name\": \"attribute\", \"object\": \"Face velocity, e.g., 8 ft/s\"}}]',12,3),(198,'2022-10-23 20:43:24.910433','1','Mechanical Specification',2,'[{\"added\": {\"name\": \"attribute\", \"object\": \"Fitting type, e,g., flare 37 degree\"}}, {\"added\": {\"name\": \"attribute\", \"object\": \"Fitting material, e.g., stainless steel 316\"}}]',12,3),(199,'2022-10-23 20:49:06.815535','58','Hose',3,'',14,3),(200,'2022-10-23 21:54:04.158255','1','Mechanical Specification',2,'[{\"added\": {\"name\": \"attribute\", \"object\": \"Application, e.g., pump mounting\"}}, {\"added\": {\"name\": \"attribute\", \"object\": \"Load per mount, e.g., 50 lb\"}}, {\"added\": {\"name\": \"attribute\", \"object\": \"Deflection, e.g., 0.12\\\"\"}}, {\"added\": {\"name\": \"attribute\", \"object\": \"Type, e.g., elastomeric isolator\"}}, {\"added\": {\"name\": \"attribute\", \"object\": \"Mount type, e.g., threaded hole\"}}, {\"added\": {\"name\": \"attribute\", \"object\": \"Hardness, e.g., durometer 40A\"}}, {\"added\": {\"name\": \"attribute\", \"object\": \"Material, e.g., neoprene rubber\"}}]',12,3),(201,'2022-10-23 21:58:53.013738','1','Mechanical Specification',2,'[{\"added\": {\"name\": \"attribute\", \"object\": \"Min temperature\"}}]',12,3),(202,'2022-10-23 22:04:22.678061','2','Contact',2,'[{\"changed\": {\"fields\": [\"Description\"]}}]',29,3),(203,'2022-10-23 22:04:51.025954','2','Contact',2,'[{\"changed\": {\"fields\": [\"Description\"]}}]',29,3),(204,'2022-10-23 22:06:10.698332','1','About',2,'[{\"changed\": {\"fields\": [\"Description\"]}}]',29,3),(205,'2022-10-23 22:06:42.842408','1','About',2,'[{\"changed\": {\"fields\": [\"Description\"]}}]',29,3),(206,'2022-10-27 00:34:56.805789','1','About',2,'[{\"changed\": {\"fields\": [\"Description\"]}}]',29,3),(207,'2022-10-27 15:17:03.134030','62','Test',3,'',14,3),(208,'2022-10-27 15:37:12.115310','37','hello@gmail1.com',2,'[{\"changed\": {\"fields\": [\"Phone\", \"Company name\", \"Active\"]}}]',27,3),(209,'2022-11-02 11:16:19.347298','37','hello@gmail1.com',2,'[{\"changed\": {\"fields\": [\"password\"]}}]',27,3),(210,'2022-11-02 14:40:43.352611','4','My Part (upload files in next secrion)',2,'[{\"changed\": {\"fields\": [\"Title\"]}}]',12,3),(211,'2022-11-02 15:48:12.744481','31','232332508',3,'',18,3),(212,'2022-11-02 15:48:12.751522','30','725566289',3,'',18,3),(213,'2022-11-02 15:48:12.758963','29','179455997',3,'',18,3),(214,'2022-11-02 15:49:01.345083','25','248015751',3,'',18,3),(215,'2022-11-02 15:49:50.351235','23','286978559',3,'',18,3),(216,'2022-11-02 15:49:50.357726','22','109873411',3,'',18,3),(217,'2022-11-02 15:49:50.362659','21','144247967',3,'',18,3),(218,'2022-11-02 15:49:50.367220','20','360973764',3,'',18,3),(219,'2022-11-02 15:50:09.546526','18','139506816',3,'',18,3),(220,'2022-11-02 15:50:09.554985','17','330330194',3,'',18,3),(221,'2022-11-08 03:48:53.324607','1','About',2,'[{\"changed\": {\"fields\": [\"Description\"]}}]',29,33),(222,'2022-11-08 07:20:07.201463','38','82789559',3,'',18,3),(223,'2022-11-08 07:20:07.210492','36','279225309',3,'',18,3),(224,'2022-11-08 07:20:07.216033','35','332433912',3,'',18,3),(225,'2022-11-08 07:20:07.224708','34','200782876',3,'',18,3),(226,'2023-08-03 02:32:43.793162','53','Kg1843@yahoo.com',2,'[{\"changed\": {\"fields\": [\"Last name\", \"Phone\", \"Company name\", \"Active\"]}}]',27,3),(227,'2023-09-01 17:58:54.646359','41','agnesadellmc@outlook.com',3,'',27,3),(228,'2023-09-01 17:59:10.713986','47','alishakathydq21@outlook.com',3,'',27,3),(229,'2023-09-01 17:59:36.362610','51','ayfkuh@tofeat.com',3,'',27,3),(230,'2023-09-01 17:59:46.076062','49','bconnieyx@outlook.com',3,'',27,3),(231,'2023-09-01 17:59:54.483333','59','BerniecePettis765@yahoo.com',3,'',27,3),(232,'2023-09-01 18:00:02.685529','45','cikroyelim@outlook.com',3,'',27,3),(233,'2023-09-01 18:00:20.171357','55','yhfee@chitthi.in',3,'',27,3),(234,'2023-09-01 18:00:30.422839','57','xunsuzonuy@outlook.com',3,'',27,3),(235,'2023-09-01 18:01:01.969004','52','wovdoselad@outlook.com',3,'',27,3),(236,'2023-09-01 18:01:11.002452','34','vyacheslavsuxkm6@outlook.com',3,'',27,3),(237,'2023-09-01 18:01:20.366379','35','vladislavzblvl@outlook.com',3,'',27,3),(238,'2023-09-01 18:01:47.084767','39','testing78@gmail.com',3,'',27,3),(239,'2023-09-01 18:01:55.237061','46','sergeykrua5@outlook.com',3,'',27,3),(240,'2023-09-01 18:02:03.209389','48','rinkuziged@outlook.com',3,'',27,3),(241,'2023-09-01 18:02:11.038912','44','reqperelom@outlook.com',3,'',27,3),(242,'2023-09-01 18:02:20.406488','43','qetsivixum@outlook.com',3,'',27,3),(243,'2023-09-01 18:02:28.217611','38','qefyr@mailinator.com',3,'',27,3),(244,'2023-09-01 18:02:36.582903','60','minwayarez@outlook.com',3,'',27,3),(245,'2023-09-01 18:02:45.728792','54','LakeeshaFarley915@yahoo.com',3,'',27,3),(246,'2023-09-01 18:02:55.853065','50','KashaunBreutzman36@aol.com',3,'',27,3),(247,'2023-09-01 18:03:05.108343','61','jovanpike239@aol.com',3,'',27,3),(248,'2023-09-01 18:03:16.236325','37','hello@gmail1.com',3,'',27,3),(249,'2023-09-01 18:03:28.478406','42','hednicinuj@outlook.com',3,'',27,3),(250,'2023-09-01 18:03:37.927382','36','gennadiyp59rn@outlook.com',3,'',27,3),(251,'2023-09-01 18:05:21.056230','58','Fleta0@hotmail.com',2,'[{\"changed\": {\"fields\": [\"Active\"]}}]',27,3),(252,'2023-09-01 18:06:16.077353','56','coqsupamim@outlook.com',3,'',27,3),(253,'2023-09-01 18:06:56.467039','40','',3,'',27,3),(254,'2023-09-01 18:07:23.492550','3','admin',2,'[{\"changed\": {\"fields\": [\"First name\", \"Last name\"]}}]',27,3),(255,'2023-09-01 18:31:40.672912','1','About',2,'[{\"changed\": {\"fields\": [\"Description\"]}}]',29,3),(256,'2023-09-01 18:34:16.386517','1','About',2,'[{\"changed\": {\"fields\": [\"Description\"]}}]',29,3),(257,'2023-09-01 18:35:33.200871','1','About',2,'[{\"changed\": {\"fields\": [\"Description\"]}}]',29,3),(258,'2023-09-01 18:36:25.615036','1','About',2,'[{\"changed\": {\"fields\": [\"Description\"]}}]',29,3),(259,'2023-09-01 18:37:19.548699','1','About',2,'[{\"changed\": {\"fields\": [\"Description\"]}}]',29,3),(260,'2023-09-01 18:38:06.539056','1','About',2,'[{\"changed\": {\"fields\": [\"Description\"]}}]',29,3),(261,'2023-09-01 18:40:32.528752','1','About',2,'[{\"changed\": {\"fields\": [\"Description\"]}}]',29,3),(262,'2023-09-01 18:43:06.695316','1','About',2,'[{\"changed\": {\"fields\": [\"Description\"]}}]',29,3),(263,'2023-09-01 18:43:37.676349','1','About',2,'[{\"changed\": {\"fields\": [\"Description\"]}}]',29,3),(264,'2023-09-01 19:04:26.532190','2','Contact',2,'[{\"changed\": {\"fields\": [\"Description\"]}}]',29,3),(265,'2023-09-01 19:05:12.795576','2','Contact',2,'[{\"changed\": {\"fields\": [\"Description\"]}}]',29,3),(266,'2023-09-01 19:05:23.944654','1','About',2,'[{\"changed\": {\"fields\": [\"Description\"]}}]',29,3),(267,'2023-09-01 19:07:13.116389','2','Contact',2,'[{\"changed\": {\"fields\": [\"Description\"]}}]',29,3),(268,'2023-09-10 17:35:13.596905','62','melodielacey169@aol.com',3,'',27,3);
/*!40000 ALTER TABLE `django_admin_log` ENABLE KEYS */;
UNLOCK TABLES;

--
-- Table structure for table `django_content_type`
--

DROP TABLE IF EXISTS `django_content_type`;
/*!40101 SET @saved_cs_client     = @@character_set_client */;
/*!50503 SET character_set_client = utf8mb4 */;
CREATE TABLE `django_content_type` (
  `id` int NOT NULL AUTO_INCREMENT,
  `app_label` varchar(100) NOT NULL,
  `model` varchar(100) NOT NULL,
  PRIMARY KEY (`id`),
  UNIQUE KEY `django_content_type_app_label_model_76bd3d3b_uniq` (`app_label`,`model`)
) ENGINE=InnoDB AUTO_INCREMENT=32 DEFAULT CHARSET=utf8mb4 COLLATE=utf8mb4_0900_ai_ci;
/*!40101 SET character_set_client = @saved_cs_client */;

--
-- Dumping data for table `django_content_type`
--

LOCK TABLES `django_content_type` WRITE;
/*!40000 ALTER TABLE `django_content_type` DISABLE KEYS */;
INSERT INTO `django_content_type` VALUES (1,'admin','logentry'),(3,'auth','group'),(2,'auth','permission'),(27,'authentication','user'),(28,'authentication','userprofile'),(4,'contenttypes','contenttype'),(8,'django_q','failure'),(10,'django_q','ormq'),(6,'django_q','schedule'),(9,'django_q','success'),(7,'django_q','task'),(23,'order','billingaddress'),(25,'order','orderinfo'),(26,'order','orderinfohistory'),(18,'order','request'),(19,'order','requesthistory'),(20,'order','requestreview'),(22,'order','requstreviewattachment'),(21,'order','selectedrequestreview'),(24,'order','shippingaddress'),(29,'page','page'),(30,'page','pageseo'),(31,'page','website'),(13,'product','attribute'),(12,'product','classification'),(14,'product','part'),(15,'product','partclassification'),(16,'product','partclassificationattribute'),(17,'product','partsupplier'),(5,'sessions','session'),(11,'utils','unit');
/*!40000 ALTER TABLE `django_content_type` ENABLE KEYS */;
UNLOCK TABLES;

--
-- Table structure for table `django_migrations`
--

DROP TABLE IF EXISTS `django_migrations`;
/*!40101 SET @saved_cs_client     = @@character_set_client */;
/*!50503 SET character_set_client = utf8mb4 */;
CREATE TABLE `django_migrations` (
  `id` bigint NOT NULL AUTO_INCREMENT,
  `app` varchar(255) NOT NULL,
  `name` varchar(255) NOT NULL,
  `applied` datetime(6) NOT NULL,
  PRIMARY KEY (`id`)
) ENGINE=InnoDB AUTO_INCREMENT=190 DEFAULT CHARSET=utf8mb4 COLLATE=utf8mb4_0900_ai_ci;
/*!40101 SET character_set_client = @saved_cs_client */;

--
-- Dumping data for table `django_migrations`
--

LOCK TABLES `django_migrations` WRITE;
/*!40000 ALTER TABLE `django_migrations` DISABLE KEYS */;
INSERT INTO `django_migrations` VALUES (1,'contenttypes','0001_initial','2022-02-28 14:05:59.628617'),(2,'contenttypes','0002_remove_content_type_name','2022-02-28 14:05:59.709919'),(3,'auth','0001_initial','2022-02-28 14:06:00.044837'),(4,'auth','0002_alter_permission_name_max_length','2022-02-28 14:06:00.130142'),(5,'auth','0003_alter_user_email_max_length','2022-02-28 14:06:00.144725'),(6,'auth','0004_alter_user_username_opts','2022-02-28 14:06:00.156351'),(7,'auth','0005_alter_user_last_login_null','2022-02-28 14:06:00.168903'),(8,'auth','0006_require_contenttypes_0002','2022-02-28 14:06:00.174759'),(9,'auth','0007_alter_validators_add_error_messages','2022-02-28 14:06:00.185733'),(10,'auth','0008_alter_user_username_max_length','2022-02-28 14:06:00.197841'),(11,'auth','0009_alter_user_last_name_max_length','2022-02-28 14:06:00.211595'),(12,'auth','0010_alter_group_name_max_length','2022-02-28 14:06:00.242732'),(13,'auth','0011_update_proxy_permissions','2022-02-28 14:06:00.257368'),(14,'auth','0012_alter_user_first_name_max_length','2022-02-28 14:06:00.270137'),(15,'authentication','0001_initial','2022-02-28 14:06:00.517872'),(16,'admin','0001_initial','2022-02-28 14:06:00.656706'),(17,'admin','0002_logentry_remove_auto_add','2022-02-28 14:06:00.673432'),(18,'admin','0003_logentry_add_action_flag_choices','2022-02-28 14:06:00.692187'),(19,'authentication','0002_alter_user_email','2022-02-28 14:06:00.764850'),(20,'authentication','0003_alter_user_role','2022-02-28 14:06:00.782533'),(21,'authentication','0004_alter_user_role','2022-02-28 14:06:00.809531'),(22,'authentication','0005_remove_user_role_userrole','2022-02-28 14:06:01.090650'),(23,'authentication','0006_delete_userrole','2022-02-28 14:06:01.138989'),(24,'authentication','0007_user_company_name_user_phone','2022-02-28 14:06:01.289049'),(25,'authentication','0008_auto_20220126_1333','2022-02-28 14:06:01.317611'),(26,'authentication','0009_pageseo_page','2022-02-28 14:06:01.588761'),(27,'authentication','0010_alter_page_page_seo','2022-02-28 14:06:01.609434'),(28,'authentication','0011_delete_page_delete_pageseo','2022-02-28 14:06:01.696344'),(29,'authentication','0009_userprofile','2022-02-28 14:06:01.899247'),(30,'authentication','0010_alter_userprofile_file','2022-02-28 14:06:01.924704'),(31,'authentication','0012_merge_20220228_1949','2022-02-28 14:06:01.936779'),(32,'django_q','0001_initial','2022-02-28 14:06:02.020320'),(33,'django_q','0002_auto_20150630_1624','2022-02-28 14:06:02.176318'),(34,'django_q','0003_auto_20150708_1326','2022-02-28 14:06:02.320627'),(35,'django_q','0004_auto_20150710_1043','2022-02-28 14:06:02.334057'),(36,'django_q','0005_auto_20150718_1506','2022-02-28 14:06:02.412337'),(37,'django_q','0006_auto_20150805_1817','2022-02-28 14:06:02.522077'),(38,'django_q','0007_ormq','2022-02-28 14:06:02.566527'),(39,'django_q','0008_auto_20160224_1026','2022-02-28 14:06:02.578935'),(40,'django_q','0009_auto_20171009_0915','2022-02-28 14:06:02.660811'),(41,'django_q','0010_auto_20200610_0856','2022-02-28 14:06:02.680956'),(42,'django_q','0011_auto_20200628_1055','2022-02-28 14:06:02.725245'),(43,'django_q','0012_auto_20200702_1608','2022-02-28 14:06:02.738956'),(44,'django_q','0013_task_attempt_count','2022-02-28 14:06:02.782489'),(45,'django_q','0014_schedule_cluster','2022-02-28 14:06:02.823331'),(46,'utils','0001_initial','2022-02-28 14:06:02.942032'),(47,'utils','0002_alter_unit_created_by','2022-02-28 14:06:02.964305'),(48,'product','0001_initial','2022-02-28 14:06:03.254119'),(49,'product','0002_auto_20211122_1032','2022-02-28 14:06:03.630721'),(50,'product','0003_attribute_options','2022-02-28 14:06:03.699871'),(51,'product','0004_auto_20211122_1036','2022-02-28 14:06:04.154641'),(52,'product','0005_alter_attribute_unit','2022-02-28 14:06:04.182756'),(53,'product','0006_alter_attribute_unit','2022-02-28 14:06:04.209013'),(54,'product','0007_auto_20211122_1057','2022-02-28 14:06:04.363623'),(55,'product','0008_part','2022-02-28 14:06:04.750033'),(56,'product','0009_auto_20211122_1301','2022-02-28 14:06:05.061500'),(57,'product','0010_auto_20211124_1222','2022-02-28 14:06:05.153657'),(58,'product','0011_partclassification_partclassificationattribute','2022-02-28 14:06:05.561040'),(59,'product','0012_part_slug','2022-02-28 14:06:05.662594'),(60,'product','0013_alter_partclassification_classification','2022-02-28 14:06:05.695471'),(61,'product','0014_rename_is_required_partclassification_is_optional','2022-02-28 14:06:05.751920'),(62,'product','0015_alter_partclassification_is_optional','2022-02-28 14:06:05.859359'),(63,'product','0016_alter_partclassification_is_optional','2022-02-28 14:06:05.927807'),(64,'product','0017_alter_partclassification_is_optional','2022-02-28 14:06:05.955370'),(65,'product','0018_alter_partclassification_is_optional','2022-02-28 14:06:06.032368'),(66,'product','0019_alter_partclassification_is_optional','2022-02-28 14:06:06.095334'),(67,'product','0020_alter_partclassification_is_optional','2022-02-28 14:06:06.176127'),(68,'product','0021_alter_partclassification_is_optional','2022-02-28 14:06:06.209231'),(69,'product','0022_auto_20211202_0735','2022-02-28 14:06:06.291376'),(70,'product','0022_alter_partclassification_is_optional','2022-02-28 14:06:06.313285'),(71,'product','0023_merge_20211203_1431','2022-02-28 14:06:06.320227'),(72,'product','0024_alter_attribute_created_by_remove_attribute_unit_and_more','2022-02-28 14:06:06.810264'),(73,'product','0025_part_supplier_alter_attribute_unit','2022-02-28 14:06:07.140318'),(74,'product','0025_alter_attribute_unit','2022-02-28 14:06:07.173620'),(75,'product','0026_merge_20211214_1350','2022-02-28 14:06:07.181143'),(76,'product','0027_alter_attribute_type_alter_part_supplier','2022-02-28 14:06:07.241435'),(77,'product','0028_alter_part_supplier','2022-02-28 14:06:07.276715'),(78,'product','0029_remove_part_supplier_partsupplier','2022-02-28 14:06:07.790598'),(79,'order','0001_initial','2022-02-28 14:06:08.037169'),(80,'order','0002_alter_order_type','2022-02-28 14:06:08.076444'),(81,'order','0003_alter_order_order_id','2022-02-28 14:06:08.105272'),(82,'order','0004_auto_20211206_0627','2022-02-28 14:06:08.218569'),(83,'order','0005_auto_20211207_1058','2022-02-28 14:06:08.559872'),(84,'order','0006_alter_order_created_by','2022-02-28 14:06:08.585299'),(85,'order','0007_order_status','2022-02-28 14:06:08.644440'),(86,'order','0008_alter_order_status','2022-02-28 14:06:08.677074'),(87,'order','0009_rename_order_request','2022-02-28 14:06:08.764709'),(88,'order','0010_requesthistory_alter_request_order_id','2022-02-28 14:06:08.910983'),(89,'order','0011_delete_requesthistory','2022-02-28 14:06:08.943486'),(90,'order','0012_requesthistory','2022-02-28 14:06:09.224914'),(91,'order','0013_request_is_deleted','2022-02-28 14:06:09.289852'),(92,'order','0014_requestreview','2022-02-28 14:06:09.408467'),(93,'order','0015_alter_requestreview_order_id','2022-02-28 14:06:09.591606'),(94,'order','0016_rename_order_id_requestreview_order_and_more','2022-02-28 14:06:09.825730'),(95,'order','0017_alter_requestreview_attachment','2022-02-28 14:06:09.892457'),(96,'order','0018_alter_requestreview_attachment','2022-02-28 14:06:10.022195'),(97,'order','0019_requestreview_user','2022-02-28 14:06:10.117944'),(98,'order','0020_alter_requestreview_user','2022-02-28 14:06:10.315153'),(99,'order','0021_rename_order_requestreview_request_and_more','2022-02-28 14:06:10.468722'),(100,'order','0022_selectedrequestreview','2022-02-28 14:06:10.758967'),(101,'order','0023_remove_selectedrequestreview_review_and_more','2022-02-28 14:06:10.907309'),(102,'order','0024_alter_selectedrequestreview_review','2022-02-28 14:06:11.039031'),(103,'order','0025_remove_selectedrequestreview_review','2022-02-28 14:06:11.152735'),(104,'order','0026_selectedrequestreview_review','2022-02-28 14:06:11.223723'),(105,'order','0027_alter_selectedrequestreview_review','2022-02-28 14:06:11.352257'),(106,'order','0028_remove_selectedrequestreview_review_and_more','2022-02-28 14:06:11.594267'),(107,'order','0029_request_modified_number_and_more','2022-02-28 14:06:11.748585'),(108,'order','0030_remove_requestreview_attachment_and_more','2022-02-28 14:06:11.888622'),(109,'order','0031_rename_requstreviewattachments_requstreviewattachment','2022-02-28 14:06:11.944358'),(110,'order','0032_request_cost_request_lead_time_requesthistory_cost_and_more','2022-02-28 14:06:12.145790'),(111,'order','0033_alter_request_lead_time_and_more','2022-02-28 14:06:12.298144'),(112,'order','0034_auto_20211229_1349','2022-02-28 14:06:12.565583'),(113,'order','0035_auto_20211229_1548','2022-02-28 14:06:12.705320'),(114,'order','0036_alter_request_lead_time_and_more','2022-02-28 14:06:12.910677'),(115,'order','0037_billingaddress_orderinfo_shippingaddress','2022-02-28 14:06:13.430920'),(116,'order','0038_alter_orderinfo_payment_method','2022-02-28 14:06:13.472321'),(117,'order','0039_auto_20220106_1152','2022-02-28 14:06:13.826542'),(118,'order','0040_auto_20220106_1654','2022-02-28 14:06:14.290456'),(119,'order','0041_auto_20220106_1720','2022-02-28 14:06:14.800373'),(120,'order','0042_auto_20220106_1738','2022-02-28 14:06:14.917942'),(121,'order','0043_requestreview_is_deleted_and_more','2022-02-28 14:06:15.205728'),(122,'order','0043_auto_20220107_1310','2022-02-28 14:06:15.373480'),(123,'order','0044_merge_20220107_2041','2022-02-28 14:06:15.377215'),(124,'order','0045_requestreview_cost_requestreview_lead_time_and_more','2022-02-28 14:06:15.527748'),(125,'order','0046_alter_requestreview_cost_and_more','2022-02-28 14:06:15.862925'),(126,'order','0047_auto_20220111_1913','2022-02-28 14:06:16.422899'),(127,'order','0048_auto_20220111_1919','2022-02-28 14:06:16.758289'),(128,'order','0049_requestreview_unit','2022-02-28 14:06:16.868288'),(129,'order','0050_auto_20220112_1306','2022-02-28 14:06:17.123852'),(130,'order','0051_auto_20220112_1847','2022-02-28 14:06:17.323514'),(131,'order','0052_auto_20220112_1936','2022-02-28 14:06:17.458025'),(132,'order','0053_auto_20220112_2009','2022-02-28 14:06:17.638082'),(133,'order','0054_request_admin_status_request_customer_status_and_more','2022-02-28 14:06:18.280367'),(134,'order','0055_alter_request_status_alter_requesthistory_status','2022-02-28 14:06:18.466953'),(135,'order','0056_rename_supploer_status_request_supplier_status_and_more','2022-02-28 14:06:18.585413'),(136,'order','0057_remove_request_status_remove_requesthistory_status_and_more','2022-02-28 14:06:18.971446'),(137,'order','0054_alter_requestreview_unit','2022-02-28 14:06:19.010845'),(138,'order','0058_merge_20220118_1733','2022-02-28 14:06:19.016591'),(139,'order','0054_alter_request_quantity_alter_requesthistory_quantity','2022-02-28 14:06:19.267446'),(140,'order','0059_merge_20220118_1937','2022-02-28 14:06:19.273707'),(141,'order','0060_auto_20220119_1806','2022-02-28 14:06:19.499903'),(142,'order','0061_auto_20220119_1814','2022-02-28 14:06:19.856705'),(143,'order','0062_auto_20220119_1839','2022-02-28 14:06:20.047855'),(144,'order','0063_auto_20220119_1852','2022-02-28 14:06:20.696055'),(145,'order','0064_auto_20220119_1852','2022-02-28 14:06:21.066332'),(146,'order','0065_requestreview_supplier_unit','2022-02-28 14:06:21.202778'),(147,'order','0066_auto_20220119_2003','2022-02-28 14:06:21.519161'),(148,'order','0067_alter_requestreview_supplier_cost_unit','2022-02-28 14:06:21.567999'),(149,'order','0068_alter_requestreview_quantity','2022-02-28 14:06:21.829819'),(150,'order','0069_alter_requestreview_cost_unit','2022-02-28 14:06:21.879508'),(151,'order','0070_requestreview_cost_gt_0','2022-02-28 14:06:22.036413'),(152,'order','0071_requestreview_supplier_cost_gt_0','2022-02-28 14:06:22.182343'),(153,'order','0072_auto_20220120_1732','2022-02-28 14:06:22.608930'),(154,'order','0060_auto_20220119_1413','2022-02-28 14:06:22.824199'),(155,'order','0061_auto_20220120_1015','2022-02-28 14:06:22.928696'),(156,'order','0062_auto_20220120_1028','2022-02-28 14:06:23.028866'),(157,'order','0068_merge_20220120_1116','2022-02-28 14:06:23.038286'),(158,'order','0073_merge_20220121_0929','2022-02-28 14:06:23.045729'),(159,'order','0074_auto_20220121_0940','2022-02-28 14:06:23.217164'),(160,'order','0075_auto_20220121_1019','2022-02-28 14:06:23.326028'),(161,'order','0076_auto_20220121_1114','2022-02-28 14:06:23.416582'),(162,'order','0073_merge_20220121_1224','2022-02-28 14:06:23.423820'),(163,'order','0077_merge_20220124_1240','2022-02-28 14:06:23.432904'),(164,'order','0078_alter_requstreviewattachment_request_review','2022-02-28 14:06:23.489089'),(165,'order','0079_auto_20220126_1829','2022-02-28 14:06:24.464505'),(166,'order','0080_auto_20220126_1930','2022-02-28 14:06:24.768364'),(167,'order','0081_auto_20220127_1627','2022-02-28 14:06:24.959306'),(168,'order','0082_auto_20220127_1813','2022-02-28 14:06:25.355404'),(169,'order','0083_auto_20220127_1815','2022-02-28 14:06:25.527170'),(170,'order','0084_auto_20220127_1825','2022-02-28 14:06:25.671211'),(171,'order','0085_auto_20220128_1717','2022-02-28 14:06:25.933849'),(172,'order','0086_auto_20220203_1838','2022-02-28 14:06:26.135741'),(173,'order','0087_auto_20220203_1847','2022-02-28 14:06:26.341174'),(174,'order','0086_auto_20220204_1141','2022-02-28 14:06:26.671948'),(175,'order','0088_merge_0086_auto_20220204_1141_0087_auto_20220203_1847','2022-02-28 14:06:26.677478'),(176,'order','0089_auto_20220225_1637','2022-02-28 14:06:27.063213'),(177,'page','0001_initial','2022-02-28 14:06:27.188317'),(178,'product','0030_merge_20211217_1352','2022-02-28 14:06:27.195577'),(179,'product','0031_alter_classification_title','2022-02-28 14:06:27.268749'),(180,'product','0023_merge_20211203_1514','2022-02-28 14:06:27.275992'),(181,'product','0024_merge_20211206_1548','2022-02-28 14:06:27.283247'),(182,'product','0025_merge_20211210_1406','2022-02-28 14:06:27.290729'),(183,'product','0032_merge_20220105_0934','2022-02-28 14:06:27.298103'),(184,'sessions','0001_initial','2022-02-28 14:06:27.352753'),(185,'authentication','0013_alter_user_managers','2022-03-01 11:14:12.636984'),(186,'page','0002_website','2022-10-18 10:16:14.246542'),(187,'product','0033_alter_part_options','2022-10-18 10:16:14.327831'),(188,'order','0090_request_image_comment_requesthistory_image_comment','2022-11-02 07:10:44.301599'),(189,'order','0091_alter_request_image_comment_and_more','2022-11-02 07:10:44.409379');
/*!40000 ALTER TABLE `django_migrations` ENABLE KEYS */;
UNLOCK TABLES;

--
-- Table structure for table `django_q_ormq`
--

DROP TABLE IF EXISTS `django_q_ormq`;
/*!40101 SET @saved_cs_client     = @@character_set_client */;
/*!50503 SET character_set_client = utf8mb4 */;
CREATE TABLE `django_q_ormq` (
  `id` int NOT NULL AUTO_INCREMENT,
  `key` varchar(100) NOT NULL,
  `payload` longtext NOT NULL,
  `lock` datetime(6) DEFAULT NULL,
  PRIMARY KEY (`id`)
) ENGINE=InnoDB DEFAULT CHARSET=utf8mb4 COLLATE=utf8mb4_0900_ai_ci;
/*!40101 SET character_set_client = @saved_cs_client */;

--
-- Dumping data for table `django_q_ormq`
--

LOCK TABLES `django_q_ormq` WRITE;
/*!40000 ALTER TABLE `django_q_ormq` DISABLE KEYS */;
/*!40000 ALTER TABLE `django_q_ormq` ENABLE KEYS */;
UNLOCK TABLES;

--
-- Table structure for table `django_q_schedule`
--

DROP TABLE IF EXISTS `django_q_schedule`;
/*!40101 SET @saved_cs_client     = @@character_set_client */;
/*!50503 SET character_set_client = utf8mb4 */;
CREATE TABLE `django_q_schedule` (
  `id` int NOT NULL AUTO_INCREMENT,
  `func` varchar(256) NOT NULL,
  `hook` varchar(256) DEFAULT NULL,
  `args` longtext,
  `kwargs` longtext,
  `schedule_type` varchar(1) NOT NULL,
  `repeats` int NOT NULL,
  `next_run` datetime(6) DEFAULT NULL,
  `task` varchar(100) DEFAULT NULL,
  `name` varchar(100) DEFAULT NULL,
  `minutes` smallint unsigned DEFAULT NULL,
  `cron` varchar(100) DEFAULT NULL,
  `cluster` varchar(100) DEFAULT NULL,
  PRIMARY KEY (`id`),
  CONSTRAINT `django_q_schedule_chk_1` CHECK ((`minutes` >= 0))
) ENGINE=InnoDB DEFAULT CHARSET=utf8mb4 COLLATE=utf8mb4_0900_ai_ci;
/*!40101 SET character_set_client = @saved_cs_client */;

--
-- Dumping data for table `django_q_schedule`
--

LOCK TABLES `django_q_schedule` WRITE;
/*!40000 ALTER TABLE `django_q_schedule` DISABLE KEYS */;
/*!40000 ALTER TABLE `django_q_schedule` ENABLE KEYS */;
UNLOCK TABLES;

--
-- Table structure for table `django_q_task`
--

DROP TABLE IF EXISTS `django_q_task`;
/*!40101 SET @saved_cs_client     = @@character_set_client */;
/*!50503 SET character_set_client = utf8mb4 */;
CREATE TABLE `django_q_task` (
  `name` varchar(100) NOT NULL,
  `func` varchar(256) NOT NULL,
  `hook` varchar(256) DEFAULT NULL,
  `args` longtext,
  `kwargs` longtext,
  `result` longtext,
  `started` datetime(6) NOT NULL,
  `stopped` datetime(6) NOT NULL,
  `success` tinyint(1) NOT NULL,
  `id` varchar(32) NOT NULL,
  `group` varchar(100) DEFAULT NULL,
  `attempt_count` int NOT NULL,
  PRIMARY KEY (`id`)
) ENGINE=InnoDB DEFAULT CHARSET=utf8mb4 COLLATE=utf8mb4_0900_ai_ci;
/*!40101 SET character_set_client = @saved_cs_client */;

--
-- Dumping data for table `django_q_task`
--

LOCK TABLES `django_q_task` WRITE;
/*!40000 ALTER TABLE `django_q_task` DISABLE KEYS */;
/*!40000 ALTER TABLE `django_q_task` ENABLE KEYS */;
UNLOCK TABLES;

--
-- Table structure for table `django_session`
--

DROP TABLE IF EXISTS `django_session`;
/*!40101 SET @saved_cs_client     = @@character_set_client */;
/*!50503 SET character_set_client = utf8mb4 */;
CREATE TABLE `django_session` (
  `session_key` varchar(40) NOT NULL,
  `session_data` longtext NOT NULL,
  `expire_date` datetime(6) NOT NULL,
  PRIMARY KEY (`session_key`),
  KEY `django_session_expire_date_a5c62663` (`expire_date`)
) ENGINE=InnoDB DEFAULT CHARSET=utf8mb4 COLLATE=utf8mb4_0900_ai_ci;
/*!40101 SET character_set_client = @saved_cs_client */;

--
-- Dumping data for table `django_session`
--

LOCK TABLES `django_session` WRITE;
/*!40000 ALTER TABLE `django_session` DISABLE KEYS */;
INSERT INTO `django_session` VALUES ('0of817cuprril91oz15cqywm4ynl5ixk','.eJxVjDsOwjAQBe_iGln-rH-U9JzBWnsdHEC2FCcV4u4QKQW0b2bei0Xc1hq3UZY4EzszzU6_W8L8KG0HdMd26zz3ti5z4rvCDzr4tVN5Xg7376DiqN-62OKtB5Bmkg50kNaBypNCLwB9SLIECkAJlFbe5aQNCaNDoIzZiSTY-wO8Pzcg:1rvOcK:ocGhno-8jvtm0JJ33RG5whuFucCDUmDweC8vG7EuGfU','2024-04-26 21:39:28.077730'),('0t8fupdmew1xyawsdq60jpcjozrkdeol','.eJxVjMsOwiAUBf-FtSEXWqC4dO83kPsAqZo2Ke3K-O_apAvdnpk5L5VwW2vaWl7SKOqsTFSn35GQH3naidxxus2a52ldRtK7og_a9HWW_Lwc7t9BxVa_NQ_RFycMCCzoBAoYH5EsWWQr1vSh9yBMRBEzhH6wHTgTMHYRiif1_gAlGzhK:1oiVky:9TJLd07AuDWktIur7tUw3l9aEdc70FQC6kODVpyNoMk','2022-10-26 07:02:20.706021'),('14a31fqrz8j3ufda41q8ul1l0pdf4ot1','.eJxVjDsOwjAQBe_iGln-rH-U9JzBWnsdHEC2FCcV4u4QKQW0b2bei0Xc1hq3UZY4EzszzU6_W8L8KG0HdMd26zz3ti5z4rvCDzr4tVN5Xg7376DiqN-62OKtB5Bmkg50kNaBypNCLwB9SLIECkAJlFbe5aQNCaNDoIzZiSTY-wO8Pzcg:1oq9yB:xa0DWT6d8xvbPi3YmMC8KEXWLeirT95ucEtzEDqUq1c','2022-11-16 09:23:35.087697'),('3kczk5tkgntap1evb0h5q9t1q39tsl13','.eJxVjDEOAiEQRe9CbQgMCGJp7xnIwAyyaiBZdivj3XWTLbT9773_EhHXpcZ18BwnEmdhxOF3S5gf3DZAd2y3LnNvyzwluSlyp0NeO_Hzsrt_BxVH_dYBi_PGW6uDDR5Y4-lILhkg6wCZXaIM5EIoqKiAcqYQedA-Fc2clHh_ANmRODs:1noh4p:pepXCqbClxGU-zfp0IWE5Y7ZhtwIv9f97opCiI_JEN0','2022-05-25 07:48:07.377064'),('3m59r7scqqz1jb0va15f54n39w15l4by','.eJxVjDEOAiEQRe9CbQgMCGJp7xnIwAyyaiBZdivj3XWTLbT9773_EhHXpcZ18BwnEmdhxOF3S5gf3DZAd2y3LnNvyzwluSlyp0NeO_Hzsrt_BxVH_dYBi_PGW6uDDR5Y4-lILhkg6wCZXaIM5EIoqKiAcqYQedA-Fc2clHh_ANmRODs:1nqX2b:maN1bNVIQskC86evumD44JfGoS6ICN3GsNhKRGteYI0','2022-05-30 09:29:25.195069'),('4in7i90vvq9203lxa6cwtau40rzahr46','.eJxVjDsOwjAQBe_iGln-rH-U9JzBWnsdHEC2FCcV4u4QKQW0b2bei0Xc1hq3UZY4EzszzU6_W8L8KG0HdMd26zz3ti5z4rvCDzr4tVN5Xg7376DiqN-62OKtB5Bmkg50kNaBypNCLwB9SLIECkAJlFbe5aQNCaNDoIzZiSTY-wO8Pzcg:1oq7n9:hRcd6iZgt6Dr-4BGbil_-gt-hkzvRr45LNyGAx6Ig1Y','2022-11-16 07:04:03.556252'),('53uublmzfj4v4dkjt1z2vqdcxmr1muy7','.eJxVjDEOAiEQRe9CbQgMCGJp7xnIwAyyaiBZdivj3XWTLbT9773_EhHXpcZ18BwnEmdhxOF3S5gf3DZAd2y3LnNvyzwluSlyp0NeO_Hzsrt_BxVH_dYBi_PGW6uDDR5Y4-lILhkg6wCZXaIM5EIoqKiAcqYQedA-Fc2clHh_ANmRODs:1nP0fb:SmyriKET6vc1Jg7LBYVNcgnwxJi__8orPXeeat9QeDI','2022-03-15 11:27:55.808598'),('6zq4csxamksa53wf1q1ohuyyfryo49tp','.eJxVjEEOwiAQRe_C2hBhhKEu3XuGZmAGqRpISrsy3l2bdKHb_977LzXSupRx7TKPE6uzAlCH3zFSekjdCN-p3ppOrS7zFPWm6J12fW0sz8vu_h0U6uVbG3sSJ5BthjQgG4NIGazxcYhkbBYEYvSBRDg5DBQpOA9HAXKeWdT7AxLaOMc:1ojB0Q:1GgOkpIqSNEqvm2y309rPOd6OY0HOAAphyPgc6-PZ5g','2022-10-28 03:05:02.275777'),('8jshk0ifbk7ydwm2h77blzx3jucpyif8','.eJxVjDsOwjAQBe_iGln-rH-U9JzBWnsdHEC2FCcV4u4QKQW0b2bei0Xc1hq3UZY4EzszzU6_W8L8KG0HdMd26zz3ti5z4rvCDzr4tVN5Xg7376DiqN-62OKtB5Bmkg50kNaBypNCLwB9SLIECkAJlFbe5aQNCaNDoIzZiSTY-wO8Pzcg:1sFlPt:2pkaaY1kt6e0Ut_XK9znFCLDijIOayWK07DSUGcrD3k','2024-06-22 02:02:49.300401'),('8xu7xgsy9iezq0i4mytrel6f3w290f33','.eJxVjEEOwiAQRe_C2hBhhKEu3XuGZmAGqRpISrsy3l2bdKHb_977LzXSupRx7TKPE6uzAlCH3zFSekjdCN-p3ppOrS7zFPWm6J12fW0sz8vu_h0U6uVbG3sSJ5BthjQgG4NIGazxcYhkbBYEYvSBRDg5DBQpOA9HAXKeWdT7AxLaOMc:1oqIEF:6DLXcftVkIemHETPcfnK5KmVBfckKXNHBIayqD1dBIs','2022-11-16 18:12:43.466868'),('9bsrbzrn54ji51y24kl2f0ohw574v5yg','.eJxVjDsOwjAQBe_iGln-rH-U9JzBWnsdHEC2FCcV4u4QKQW0b2bei0Xc1hq3UZY4EzszzU6_W8L8KG0HdMd26zz3ti5z4rvCDzr4tVN5Xg7376DiqN-62OKtB5Bmkg50kNaBypNCLwB9SLIECkAJlFbe5aQNCaNDoIzZiSTY-wO8Pzcg:1opt1s:-zCbS71wDiTqlxsOvu0biuSOcxUomMm1_OV9QWm18nQ','2022-11-15 15:18:16.801642'),('a72bvm2egs6bz6eefl716om612lah0r9','.eJxVjDsOwjAQBe_iGln-rH-U9JzBWnsdHEC2FCcV4u4QKQW0b2bei0Xc1hq3UZY4EzszzU6_W8L8KG0HdMd26zz3ti5z4rvCDzr4tVN5Xg7376DiqN-62OKtB5Bmkg50kNaBypNCLwB9SLIECkAJlFbe5aQNCaNDoIzZiSTY-wO8Pzcg:1qRO6d:BMIeUp0Phik5JiRncKPw2RsXrh2klGgUMqAiOeiE9pY','2023-08-17 02:30:27.700768'),('ao7570lw1lhawxqsxtlqqqy65mkmwh13','.eJxVjDEOAiEQRe9CbQgMCGJp7xnIwAyyaiBZdivj3XWTLbT9773_EhHXpcZ18BwnEmdhxOF3S5gf3DZAd2y3LnNvyzwluSlyp0NeO_Hzsrt_BxVH_dYBi_PGW6uDDR5Y4-lILhkg6wCZXaIM5EIoqKiAcqYQedA-Fc2clHh_ANmRODs:1o1FOY:7NDHgRPi8KZDTMq7wLy3XmoqQVGmD2XoTDem8t3Owpw','2022-06-28 22:52:22.340082'),('ddjj1xvrn0zrv0bm9azhorte492ipdqd','.eJxVjDEOAiEQRe9CbQgMCGJp7xnIwAyyaiBZdivj3XWTLbT9773_EhHXpcZ18BwnEmdhxOF3S5gf3DZAd2y3LnNvyzwluSlyp0NeO_Hzsrt_BxVH_dYBi_PGW6uDDR5Y4-lILhkg6wCZXaIM5EIoqKiAcqYQedA-Fc2clHh_ANmRODs:1nP0at:FY6xy3VaXuTeOgdFcn_DNsdCcJoeTzsrbXfg0M5ZDR0','2022-03-15 11:23:03.672606'),('fq1lv34tyc62r7vmwu37pdn0nmur294y','.eJxVjEEOwiAQRe_C2hBhhKEu3XuGZmAGqRpISrsy3l2bdKHb_977LzXSupRx7TKPE6uzAlCH3zFSekjdCN-p3ppOrS7zFPWm6J12fW0sz8vu_h0U6uVbG3sSJ5BthjQgG4NIGazxcYhkbBYEYvSBRDg5DBQpOA9HAXKeWdT7AxLaOMc:1oqQj1:PeGLFqsns5w3QoKJy5Iu7nFv8i0wc_FjDbebEEm5dqA','2022-11-17 03:17:03.947620'),('h4nrk0ium3kpgbrvf3vqwomz591z8vwm','.eJxVjMsOwiAQRf-FtSHhNQMu3fsNZAZQqgaS0q4a_12bdKHbe865m4i0LjWuo8xxyuIsDIrT78iUnqXtJD-o3btMvS3zxHJX5EGHvPZcXpfD_TuoNOq31qicRXQm64Ssg_POMCkmrb2zJkG4qUQFGCCQBYPsvfaFlVGOAYt4fwDeqDcl:1oqBkD:Bh6JAKI70tbfZ5L3vhy35ggSstzFR_2QwDxfDqxC99I','2022-11-16 11:17:17.884113'),('in0quhnhj689uuowrt46zfg7qcwy3b8s','.eJxVjDsOwjAQBe_iGln-rH-U9JzBWnsdHEC2FCcV4u4QKQW0b2bei0Xc1hq3UZY4EzszzU6_W8L8KG0HdMd26zz3ti5z4rvCDzr4tVN5Xg7376DiqN-62OKtB5Bmkg50kNaBypNCLwB9SLIECkAJlFbe5aQNCaNDoIzZiSTY-wO8Pzcg:1okK5h:ssfKoR0g20oZ9J9gRDlVglXg4xiB26Pxc1r7_uMVZ58','2022-10-31 06:59:13.266638'),('k2lfn67i7ozp24jtb4axamn86eezmdqs','.eJxVjDEOAiEQRe9CbQgMCGJp7xnIwAyyaiBZdivj3XWTLbT9773_EhHXpcZ18BwnEmdhxOF3S5gf3DZAd2y3LnNvyzwluSlyp0NeO_Hzsrt_BxVH_dYBi_PGW6uDDR5Y4-lILhkg6wCZXaIM5EIoqKiAcqYQedA-Fc2clHh_ANmRODs:1ntLWn:7kXu07V2Y169TcrMrJpJrtrBLW-Y5nuh3miWq8fPPSM','2022-06-07 03:48:13.171720'),('kbcykum0j6gurvsydinnujpb0k1agpf5','.eJxVjDsOwjAQBe_iGln-rH-U9JzBWnsdHEC2FCcV4u4QKQW0b2bei0Xc1hq3UZY4EzszzU6_W8L8KG0HdMd26zz3ti5z4rvCDzr4tVN5Xg7376DiqN-62OKtB5Bmkg50kNaBypNCLwB9SLIECkAJlFbe5aQNCaNDoIzZiSTY-wO8Pzcg:1oo59r:depCx3ImdyG2oy1eph16dZ8Q5GqCApnctCzsPUd11Qg','2022-11-10 15:51:03.368949'),('ksmcg87s1li0p5n21fkkhdx1n9y8czbp','.eJxVjDsOwjAQBe_iGln-rH-U9JzBWnsdHEC2FCcV4u4QKQW0b2bei0Xc1hq3UZY4EzszzU6_W8L8KG0HdMd26zz3ti5z4rvCDzr4tVN5Xg7376DiqN-62OKtB5Bmkg50kNaBypNCLwB9SLIECkAJlFbe5aQNCaNDoIzZiSTY-wO8Pzcg:1qc8MQ:zJ2oZCIIUv3gCRQ5uJOgq4lwyb1B0AWMRZhz0kafwj8','2023-09-15 17:55:10.775785'),('nbw3bfnl3e0hfe6ndcrqfjigwl8krixx','.eJxVjEEOwiAQRe_C2hBhhKEu3XuGZmAGqRpISrsy3l2bdKHb_977LzXSupRx7TKPE6uzAlCH3zFSekjdCN-p3ppOrS7zFPWm6J12fW0sz8vu_h0U6uVbG3sSJ5BthjQgG4NIGazxcYhkbBYEYvSBRDg5DBQpOA9HAXKeWdT7AxLaOMc:1oqA1O:_FCX-eVzmjzYjJb2CIQaUdTcwnCfmKub9lvTM56pptI','2022-11-16 09:26:54.039217'),('ow001tz8mzm8mphznvb9t4konj6odyzi','.eJxVjDsOwjAQBe_iGln-rH-U9JzBWnsdHEC2FCcV4u4QKQW0b2bei0Xc1hq3UZY4EzszzU6_W8L8KG0HdMd26zz3ti5z4rvCDzr4tVN5Xg7376DiqN-62OKtB5Bmkg50kNaBypNCLwB9SLIECkAJlFbe5aQNCaNDoIzZiSTY-wO8Pzcg:1oipKR:65S84FjPjPVy4t3Zbu3bzmFlQIwu7nV6ZF2G4YBFm5o','2022-10-27 03:56:15.573172'),('plczy96q526grk52u8zv7lb45os0iryk','.eJxVjDEOAiEQRe9CbQgMCGJp7xnIwAyyaiBZdivj3XWTLbT9773_EhHXpcZ18BwnEmdhxOF3S5gf3DZAd2y3LnNvyzwluSlyp0NeO_Hzsrt_BxVH_dYBi_PGW6uDDR5Y4-lILhkg6wCZXaIM5EIoqKiAcqYQedA-Fc2clHh_ANmRODs:1nqqhr:XEZV3Igk6XguS1caG4T5vnL-CCoOT3Ht0yRyVEfM48Y','2022-05-31 06:29:19.110405'),('st92nygqy1z1tyr0cq80wjq2nka05912','.eJxVjDsOwjAQBe_iGln-rH-U9JzBWnsdHEC2FCcV4u4QKQW0b2bei0Xc1hq3UZY4EzszzU6_W8L8KG0HdMd26zz3ti5z4rvCDzr4tVN5Xg7376DiqN-62OKtB5Bmkg50kNaBypNCLwB9SLIECkAJlFbe5aQNCaNDoIzZiSTY-wO8Pzcg:1ovWki:GqiLlo_Xs_B4zzG120T9povCWGH0dqr-JA9rPY3p02M','2022-12-01 04:43:52.179854'),('to5sd2rolcalqbjbagh362qmitx4mexe','.eJxVjDsOwjAQBe_iGln-rH-U9JzBWnsdHEC2FCcV4u4QKQW0b2bei0Xc1hq3UZY4EzszzU6_W8L8KG0HdMd26zz3ti5z4rvCDzr4tVN5Xg7376DiqN-62OKtB5Bmkg50kNaBypNCLwB9SLIECkAJlFbe5aQNCaNDoIzZiSTY-wO8Pzcg:1ooLuL:vtRm5AaTK9EksF88PQTlADr-ourQQPWJh9FB2Qj37Oc','2022-11-11 09:44:09.058675'),('tpp9k81owyhjtjylu3tolzggjslaaj4k','.eJxVjDsOwjAQBe_iGln-rH-U9JzBWnsdHEC2FCcV4u4QKQW0b2bei0Xc1hq3UZY4EzszzU6_W8L8KG0HdMd26zz3ti5z4rvCDzr4tVN5Xg7376DiqN-62OKtB5Bmkg50kNaBypNCLwB9SLIECkAJlFbe5aQNCaNDoIzZiSTY-wO8Pzcg:1sksRu:SiMp-cEFCYByLDe8DbfkLYtaB7O2f_0Fw_gFL_S6jhw','2024-09-15 21:49:30.798856'),('v5u12p3dqumjyax9yakewajwp6m1gogh','.eJxVjEEOwiAQRe_C2hBhhKEu3XuGZmAGqRpISrsy3l2bdKHb_977LzXSupRx7TKPE6uzAlCH3zFSekjdCN-p3ppOrS7zFPWm6J12fW0sz8vu_h0U6uVbG3sSJ5BthjQgG4NIGazxcYhkbBYEYvSBRDg5DBQpOA9HAXKeWdT7AxLaOMc:1oqF4M:gZ0-6ixJFl9-rftzk92hdQHP_5mQHEQDTO-d5V_Vdwk','2022-11-16 14:50:18.723363'),('vz5ka9wytuo3xeyty3c7df0bexir2e90','.eJxVjDsOwjAQBe_iGln-rH-U9JzBWnsdHEC2FCcV4u4QKQW0b2bei0Xc1hq3UZY4EzszzU6_W8L8KG0HdMd26zz3ti5z4rvCDzr4tVN5Xg7376DiqN-62OKtB5Bmkg50kNaBypNCLwB9SLIECkAJlFbe5aQNCaNDoIzZiSTY-wO8Pzcg:1oqBgk:R5wzojUaj-f5DS9kOAQNvfYp_v6qlYoXTb2SpbnfO7Q','2022-11-16 11:13:42.867714'),('wff87cl81jp234anpj32uo6gc4qtackn','.eJxVjDsOwjAQBe_iGln-rH-U9JzBWnsdHEC2FCcV4u4QKQW0b2bei0Xc1hq3UZY4EzszzU6_W8L8KG0HdMd26zz3ti5z4rvCDzr4tVN5Xg7376DiqN-62OKtB5Bmkg50kNaBypNCLwB9SLIECkAJlFbe5aQNCaNDoIzZiSTY-wO8Pzcg:1oq7XG:1LQvMk4xErHqbT4dLSwfxFrgQ4eTIiF8lfcme31rOss','2022-11-16 06:47:38.830631'),('wthol6gbp5okznst668w0sgg19mi2sti','.eJxVjDEOAiEQRe9CbQgMCGJp7xnIwAyyaiBZdivj3XWTLbT9773_EhHXpcZ18BwnEmdhxOF3S5gf3DZAd2y3LnNvyzwluSlyp0NeO_Hzsrt_BxVH_dYBi_PGW6uDDR5Y4-lILhkg6wCZXaIM5EIoqKiAcqYQedA-Fc2clHh_ANmRODs:1nnr2n:siaPfDfOxYcoqmYhD4E-msxCiVuQXg0X-d9E9JTRpvU','2022-05-23 00:14:33.915530'),('xdefmx3a0j8lto6d8hedkemjdt2hj22g','.eJxVjDsOwjAQBe_iGln-rH-U9JzBWnsdHEC2FCcV4u4QKQW0b2bei0Xc1hq3UZY4EzszzU6_W8L8KG0HdMd26zz3ti5z4rvCDzr4tVN5Xg7376DiqN-62OKtB5Bmkg50kNaBypNCLwB9SLIECkAJlFbe5aQNCaNDoIzZiSTY-wO8Pzcg:1oo4vq:xo3L1m8NP1KrboWJbQBs2q3pO7ulwLB6ZLBniowaL64','2022-11-10 15:36:34.948323'),('xrt5cr7ni81bmfzedcyg8hjabst9qppr','.eJxVjDsOwjAQBe_iGln-rH-U9JzBWnsdHEC2FCcV4u4QKQW0b2bei0Xc1hq3UZY4EzszzU6_W8L8KG0HdMd26zz3ti5z4rvCDzr4tVN5Xg7376DiqN-62OKtB5Bmkg50kNaBypNCLwB9SLIECkAJlFbe5aQNCaNDoIzZiSTY-wO8Pzcg:1str9L:Siak9ehe2yvivLpV7mz45IXPm4rPxEA3WZ0UeJt226E','2024-10-10 16:15:27.609700');
/*!40000 ALTER TABLE `django_session` ENABLE KEYS */;
UNLOCK TABLES;

--
-- Table structure for table `order_billingaddress`
--

DROP TABLE IF EXISTS `order_billingaddress`;
/*!40101 SET @saved_cs_client     = @@character_set_client */;
/*!50503 SET character_set_client = utf8mb4 */;
CREATE TABLE `order_billingaddress` (
  `id` bigint NOT NULL AUTO_INCREMENT,
  `created_at` datetime(6) NOT NULL,
  `updated_at` datetime(6) NOT NULL,
  `first_name` varchar(255) NOT NULL,
  `last_name` varchar(255) DEFAULT NULL,
  `email` varchar(255) NOT NULL,
  `phone_no` varchar(255) DEFAULT NULL,
  `street_no` varchar(255) NOT NULL,
  `building_no` varchar(255) DEFAULT NULL,
  `state` varchar(255) NOT NULL,
  `city` varchar(255) NOT NULL,
  `zip_code` varchar(20) NOT NULL,
  `created_by_id` bigint DEFAULT NULL,
  PRIMARY KEY (`id`),
  KEY `order_billingaddress_created_by_id_9ee97f4b` (`created_by_id`),
  CONSTRAINT `order_billingaddress_created_by_id_9ee97f4b_fk_authentic` FOREIGN KEY (`created_by_id`) REFERENCES `authentication_user` (`id`)
) ENGINE=InnoDB DEFAULT CHARSET=utf8mb4 COLLATE=utf8mb4_0900_ai_ci;
/*!40101 SET character_set_client = @saved_cs_client */;

--
-- Dumping data for table `order_billingaddress`
--

LOCK TABLES `order_billingaddress` WRITE;
/*!40000 ALTER TABLE `order_billingaddress` DISABLE KEYS */;
/*!40000 ALTER TABLE `order_billingaddress` ENABLE KEYS */;
UNLOCK TABLES;

--
-- Table structure for table `order_orderinfo`
--

DROP TABLE IF EXISTS `order_orderinfo`;
/*!40101 SET @saved_cs_client     = @@character_set_client */;
/*!50503 SET character_set_client = utf8mb4 */;
CREATE TABLE `order_orderinfo` (
  `id` bigint NOT NULL AUTO_INCREMENT,
  `created_at` datetime(6) NOT NULL,
  `updated_at` datetime(6) NOT NULL,
  `subtotal` decimal(15,2) NOT NULL,
  `total` decimal(15,2) NOT NULL,
  `tax` decimal(15,2) NOT NULL,
  `payment_method` varchar(10) NOT NULL,
  `billing_address_id` bigint NOT NULL,
  `created_by_id` bigint DEFAULT NULL,
  `request_id` bigint NOT NULL,
  `shipping_address_id` bigint NOT NULL,
  `order_id` varchar(255) NOT NULL,
  `quantity` double NOT NULL,
  `status` varchar(50) DEFAULT NULL,
  `user_id` bigint DEFAULT NULL,
  `is_deleted` tinyint(1) NOT NULL,
  `modified_number` int NOT NULL,
  `review_id` bigint DEFAULT NULL,
  `payment_info` json DEFAULT NULL,
  `refund_info` json DEFAULT NULL,
  `tracking_number` varchar(200) DEFAULT NULL,
  PRIMARY KEY (`id`),
  UNIQUE KEY `billing_address_id` (`billing_address_id`),
  UNIQUE KEY `shipping_address_id` (`shipping_address_id`),
  KEY `order_orderinfo_created_by_id_bcccc0bc` (`created_by_id`),
  KEY `order_orderinfo_user_id_ac29fa2b_fk_authentication_user_id` (`user_id`),
  KEY `order_orderinfo_request_id_f8a2e53c` (`request_id`),
  KEY `order_orderinfo_review_id_537e45b6_fk_order_requestreview_id` (`review_id`),
  CONSTRAINT `order_orderinfo_billing_address_id_c7b5963c_fk_order_bil` FOREIGN KEY (`billing_address_id`) REFERENCES `order_billingaddress` (`id`),
  CONSTRAINT `order_orderinfo_created_by_id_bcccc0bc_fk_authentication_user_id` FOREIGN KEY (`created_by_id`) REFERENCES `authentication_user` (`id`),
  CONSTRAINT `order_orderinfo_request_id_f8a2e53c_fk_order_request_id` FOREIGN KEY (`request_id`) REFERENCES `order_request` (`id`),
  CONSTRAINT `order_orderinfo_review_id_537e45b6_fk_order_requestreview_id` FOREIGN KEY (`review_id`) REFERENCES `order_requestreview` (`id`),
  CONSTRAINT `order_orderinfo_shipping_address_id_9d11f526_fk_order_shi` FOREIGN KEY (`shipping_address_id`) REFERENCES `order_shippingaddress` (`id`),
  CONSTRAINT `order_orderinfo_user_id_ac29fa2b_fk_authentication_user_id` FOREIGN KEY (`user_id`) REFERENCES `authentication_user` (`id`)
) ENGINE=InnoDB DEFAULT CHARSET=utf8mb4 COLLATE=utf8mb4_0900_ai_ci;
/*!40101 SET character_set_client = @saved_cs_client */;

--
-- Dumping data for table `order_orderinfo`
--

LOCK TABLES `order_orderinfo` WRITE;
/*!40000 ALTER TABLE `order_orderinfo` DISABLE KEYS */;
/*!40000 ALTER TABLE `order_orderinfo` ENABLE KEYS */;
UNLOCK TABLES;

--
-- Table structure for table `order_orderinfohistory`
--

DROP TABLE IF EXISTS `order_orderinfohistory`;
/*!40101 SET @saved_cs_client     = @@character_set_client */;
/*!50503 SET character_set_client = utf8mb4 */;
CREATE TABLE `order_orderinfohistory` (
  `id` bigint NOT NULL AUTO_INCREMENT,
  `created_at` datetime(6) NOT NULL,
  `updated_at` datetime(6) NOT NULL,
  `order_id` varchar(255) NOT NULL,
  `subtotal` decimal(15,2) NOT NULL,
  `total` decimal(15,2) NOT NULL,
  `tax` decimal(15,2) NOT NULL,
  `payment_method` varchar(10) NOT NULL,
  `quantity` double NOT NULL,
  `status` varchar(50) DEFAULT NULL,
  `billing_address_id` bigint NOT NULL,
  `created_by_id` bigint DEFAULT NULL,
  `request_id` bigint NOT NULL,
  `shipping_address_id` bigint NOT NULL,
  `user_id` bigint DEFAULT NULL,
  `modified_number` int NOT NULL,
  `review_id` bigint DEFAULT NULL,
  `payment_info` json DEFAULT NULL,
  `refund_info` json DEFAULT NULL,
  `tracking_number` varchar(200) DEFAULT NULL,
  PRIMARY KEY (`id`),
  UNIQUE KEY `billing_address_id` (`billing_address_id`),
  UNIQUE KEY `shipping_address_id` (`shipping_address_id`),
  KEY `order_orderinfohisto_user_id_e0f1e3d0_fk_authentic` (`user_id`),
  KEY `order_orderinfohistory_created_by_id_b405c871` (`created_by_id`),
  KEY `order_orderinfohistory_request_id_04847343` (`request_id`),
  KEY `order_orderinfohisto_review_id_387b14f9_fk_order_req` (`review_id`),
  CONSTRAINT `order_orderinfohisto_billing_address_id_959fdc2a_fk_order_bil` FOREIGN KEY (`billing_address_id`) REFERENCES `order_billingaddress` (`id`),
  CONSTRAINT `order_orderinfohisto_created_by_id_b405c871_fk_authentic` FOREIGN KEY (`created_by_id`) REFERENCES `authentication_user` (`id`),
  CONSTRAINT `order_orderinfohisto_review_id_387b14f9_fk_order_req` FOREIGN KEY (`review_id`) REFERENCES `order_requestreview` (`id`),
  CONSTRAINT `order_orderinfohisto_shipping_address_id_51715d0f_fk_order_shi` FOREIGN KEY (`shipping_address_id`) REFERENCES `order_shippingaddress` (`id`),
  CONSTRAINT `order_orderinfohisto_user_id_e0f1e3d0_fk_authentic` FOREIGN KEY (`user_id`) REFERENCES `authentication_user` (`id`),
  CONSTRAINT `order_orderinfohistory_request_id_04847343_fk_order_request_id` FOREIGN KEY (`request_id`) REFERENCES `order_request` (`id`)
) ENGINE=InnoDB DEFAULT CHARSET=utf8mb4 COLLATE=utf8mb4_0900_ai_ci;
/*!40101 SET character_set_client = @saved_cs_client */;

--
-- Dumping data for table `order_orderinfohistory`
--

LOCK TABLES `order_orderinfohistory` WRITE;
/*!40000 ALTER TABLE `order_orderinfohistory` DISABLE KEYS */;
/*!40000 ALTER TABLE `order_orderinfohistory` ENABLE KEYS */;
UNLOCK TABLES;

--
-- Table structure for table `order_request`
--

DROP TABLE IF EXISTS `order_request`;
/*!40101 SET @saved_cs_client     = @@character_set_client */;
/*!50503 SET character_set_client = utf8mb4 */;
CREATE TABLE `order_request` (
  `id` bigint NOT NULL AUTO_INCREMENT,
  `created_at` datetime(6) NOT NULL,
  `updated_at` datetime(6) NOT NULL,
  `order_id` varchar(255) NOT NULL,
  `answer` json NOT NULL,
  `quantity` int unsigned NOT NULL,
  `type` varchar(10) NOT NULL,
  `created_by_id` bigint DEFAULT NULL,
  `part_id` bigint DEFAULT NULL,
  `comment` varchar(1000) DEFAULT NULL,
  `contact_info` json NOT NULL DEFAULT (_utf8mb3'{}'),
  `user_id` bigint DEFAULT NULL,
  `is_deleted` tinyint(1) NOT NULL,
  `modified_number` int NOT NULL,
  `cost` double DEFAULT NULL,
  `lead_time` varchar(255) DEFAULT NULL,
  `is_estimated` tinyint(1) DEFAULT NULL,
  `ref_request` varchar(255) NOT NULL,
  `review_id` int DEFAULT NULL,
  `admin_status` varchar(50) DEFAULT NULL,
  `customer_status` varchar(50) DEFAULT NULL,
  `supplier_status` varchar(50) DEFAULT NULL,
  `moderator_status` varchar(50) DEFAULT NULL,
  `zip_code` varchar(50) NOT NULL,
  `image_comment` varchar(100) DEFAULT NULL,
  PRIMARY KEY (`id`),
  UNIQUE KEY `order_request_order_id_be39b2a9_uniq` (`order_id`),
  KEY `order_order_created_by_id_5d2a1dcd` (`created_by_id`),
  KEY `order_order_user_id_7cf9bc2b_fk_authentication_user_id` (`user_id`),
  KEY `order_order_part_id_60b95b56_fk_product_part_id` (`part_id`),
  CONSTRAINT `order_order_created_by_id_5d2a1dcd_fk_authentication_user_id` FOREIGN KEY (`created_by_id`) REFERENCES `authentication_user` (`id`),
  CONSTRAINT `order_order_part_id_60b95b56_fk_product_part_id` FOREIGN KEY (`part_id`) REFERENCES `product_part` (`id`),
  CONSTRAINT `order_order_user_id_7cf9bc2b_fk_authentication_user_id` FOREIGN KEY (`user_id`) REFERENCES `authentication_user` (`id`),
  CONSTRAINT `order_request_quantity_acf6119c_check` CHECK ((`quantity` >= 0))
) ENGINE=InnoDB AUTO_INCREMENT=41 DEFAULT CHARSET=utf8mb4 COLLATE=utf8mb4_0900_ai_ci;
/*!40101 SET character_set_client = @saved_cs_client */;

--
-- Dumping data for table `order_request`
--

LOCK TABLES `order_request` WRITE;
/*!40000 ALTER TABLE `order_request` DISABLE KEYS */;
INSERT INTO `order_request` VALUES (1,'2022-05-31 05:08:48.170017','2022-05-31 05:08:48.170055','742485909','{\"id\": 7, \"slug\": \"pump\", \"title\": \"Pump\", \"description\": \"NA\", \"partclassification_set\": [{\"id\": 29, \"is_optional\": \"False\", \"classification\": {\"id\": 1, \"title\": \"Mechanical Specification\", \"created_at\": \"2022-05-11T06:15:21.725312Z\", \"created_by\": null, \"updated_at\": \"2022-05-27T04:38:28.316932Z\", \"description\": \"\"}, \"partclassificationattribute_set\": [{\"id\": 107, \"attribute\": {\"id\": 7, \"type\": \"text\", \"unit\": [], \"title\": \"Application, e.g., industrial processes\", \"value\": \"Heating\", \"options\": null, \"created_at\": \"2022-05-27T03:37:17.103745Z\", \"created_by\": null, \"unit_value\": \"\", \"updated_at\": \"2022-05-27T04:23:27.535651Z\", \"description\": null, \"is_optional\": false, \"classification\": 1}, \"is_optional\": \"False\"}, {\"id\": 108, \"attribute\": {\"id\": 8, \"type\": \"text\", \"unit\": [], \"title\": \"Fluid, e.g., 50% ethylene glycol-water\", \"value\": \"water\", \"options\": null, \"created_at\": \"2022-05-27T03:37:17.106806Z\", \"created_by\": null, \"unit_value\": \"\", \"updated_at\": \"2022-05-27T03:37:17.106845Z\", \"description\": null, \"is_optional\": false, \"classification\": 1}, \"is_optional\": \"False\"}, {\"id\": 109, \"attribute\": {\"id\": 1, \"type\": \"number\", \"unit\": [{\"id\": 3, \"title\": \"US gpm\", \"created_at\": \"2022-05-11T06:12:47.549174Z\", \"created_by\": null, \"updated_at\": \"2022-05-11T06:12:47.549209Z\", \"description\": \"\"}, {\"id\": 4, \"title\": \"lpm\", \"created_at\": \"2022-05-11T06:15:07.786870Z\", \"created_by\": null, \"updated_at\": \"2022-05-11T06:15:07.786921Z\", \"description\": \"\"}], \"title\": \"Flow\", \"value\": \"20\", \"options\": null, \"created_at\": \"2022-05-11T06:15:21.726990Z\", \"created_by\": null, \"unit_value\": 3, \"updated_at\": \"2022-05-11T06:15:21.727040Z\", \"description\": null, \"is_optional\": false, \"classification\": 1}, \"is_optional\": \"False\"}, {\"id\": 110, \"attribute\": {\"id\": 2, \"type\": \"number\", \"unit\": [{\"id\": 5, \"title\": \"psi\", \"created_at\": \"2022-05-11T06:20:18.195552Z\", \"created_by\": null, \"updated_at\": \"2022-05-11T06:20:18.195591Z\", \"description\": \"\"}, {\"id\": 6, \"title\": \"ft\", \"created_at\": \"2022-05-11T06:20:33.482968Z\", \"created_by\": null, \"updated_at\": \"2022-05-11T06:20:33.483008Z\", \"description\": \"\"}], \"title\": \"Head\", \"value\": \"20\", \"options\": null, \"created_at\": \"2022-05-11T06:22:58.054217Z\", \"created_by\": null, \"unit_value\": 5, \"updated_at\": \"2022-05-11T06:22:58.054247Z\", \"description\": null, \"is_optional\": false, \"classification\": 1}, \"is_optional\": \"False\"}, {\"id\": 111, \"attribute\": {\"id\": 14, \"type\": \"number\", \"unit\": [{\"id\": 5, \"title\": \"psi\", \"created_at\": \"2022-05-11T06:20:18.195552Z\", \"created_by\": null, \"updated_at\": \"2022-05-11T06:20:18.195591Z\", \"description\": \"\"}, {\"id\": 6, \"title\": \"ft\", \"created_at\": \"2022-05-11T06:20:33.482968Z\", \"created_by\": null, \"updated_at\": \"2022-05-11T06:20:33.483008Z\", \"description\": \"\"}], \"title\": \"Min suction head\", \"value\": \"12\", \"options\": null, \"created_at\": \"2022-05-27T04:15:47.658835Z\", \"created_by\": null, \"unit_value\": 5, \"updated_at\": \"2022-05-27T04:23:27.543400Z\", \"description\": null, \"is_optional\": false, \"classification\": 1}, \"is_optional\": \"False\"}, {\"id\": 112, \"attribute\": {\"id\": 12, \"type\": \"number\", \"unit\": [{\"id\": 11, \"title\": \"F\", \"created_at\": \"2022-05-27T03:34:15.792951Z\", \"created_by\": null, \"updated_at\": \"2022-05-27T03:34:15.792986Z\", \"description\": \"Fahrenheit\"}, {\"id\": 12, \"title\": \"C\", \"created_at\": \"2022-05-27T03:35:30.829998Z\", \"created_by\": null, \"updated_at\": \"2022-05-27T03:35:30.830033Z\", \"description\": \"Centigrade\"}], \"title\": \"Max fluid temperature\", \"value\": \"120\", \"options\": null, \"created_at\": \"2022-05-27T03:37:17.121300Z\", \"created_by\": null, \"unit_value\": 11, \"updated_at\": \"2022-05-27T04:23:27.539845Z\", \"description\": null, \"is_optional\": true, \"classification\": 1}, \"is_optional\": \"True\"}, {\"id\": 113, \"attribute\": {\"id\": 13, \"type\": \"number\", \"unit\": [{\"id\": 11, \"title\": \"F\", \"created_at\": \"2022-05-27T03:34:15.792951Z\", \"created_by\": null, \"updated_at\": \"2022-05-27T03:34:15.792986Z\", \"description\": \"Fahrenheit\"}, {\"id\": 12, \"title\": \"C\", \"created_at\": \"2022-05-27T03:35:30.829998Z\", \"created_by\": null, \"updated_at\": \"2022-05-27T03:35:30.830033Z\", \"description\": \"Centigrade\"}], \"title\": \"Min fluid temperature\", \"value\": \"40\", \"options\": null, \"created_at\": \"2022-05-27T03:37:17.125943Z\", \"created_by\": null, \"unit_value\": 11, \"updated_at\": \"2022-05-27T04:23:27.541776Z\", \"description\": null, \"is_optional\": true, \"classification\": 1}, \"is_optional\": \"True\"}]}, {\"id\": 30, \"is_optional\": \"False\", \"classification\": {\"id\": 2, \"title\": \"Electrical Specification\", \"created_at\": \"2022-05-27T04:40:50.864425Z\", \"created_by\": null, \"updated_at\": \"2022-05-27T05:06:30.115779Z\", \"description\": \"\"}, \"partclassificationattribute_set\": [{\"id\": 114, \"attribute\": {\"id\": 17, \"type\": \"select\", \"unit\": [], \"title\": \"Frequency\", \"value\": \" 60Hz\", \"options\": \"50 Hz, 60Hz\", \"created_at\": \"2022-05-27T04:40:50.866200Z\", \"created_by\": null, \"unit_value\": \"\", \"updated_at\": \"2022-05-27T04:40:50.866233Z\", \"description\": null, \"is_optional\": false, \"classification\": 2}, \"is_optional\": \"False\"}, {\"id\": 115, \"attribute\": {\"id\": 18, \"type\": \"select\", \"unit\": [], \"title\": \"Phase\", \"value\": \"1\", \"options\": \"1,2,3\", \"created_at\": \"2022-05-27T04:40:50.868892Z\", \"created_by\": null, \"unit_value\": \"\", \"updated_at\": \"2022-05-27T04:40:50.868921Z\", \"description\": null, \"is_optional\": false, \"classification\": 2}, \"is_optional\": \"False\"}, {\"id\": 116, \"attribute\": {\"id\": 19, \"type\": \"select\", \"unit\": [], \"title\": \"Voltage\", \"value\": \"208\", \"options\": \"120,208,240,480\", \"created_at\": \"2022-05-27T04:40:50.870944Z\", \"created_by\": null, \"unit_value\": \"\", \"updated_at\": \"2022-05-27T05:06:30.117578Z\", \"description\": null, \"is_optional\": false, \"classification\": 2}, \"is_optional\": \"False\"}]}, {\"id\": 31, \"is_optional\": \"False\", \"classification\": {\"id\": 3, \"title\": \"Preference\", \"created_at\": \"2022-05-27T05:00:47.764698Z\", \"created_by\": null, \"updated_at\": \"2022-05-27T05:00:47.764746Z\", \"description\": \"\"}, \"partclassificationattribute_set\": [{\"id\": 117, \"attribute\": {\"id\": 20, \"type\": \"number\", \"unit\": [{\"id\": 13, \"title\": \"Week\", \"created_at\": \"2022-05-27T04:23:14.899157Z\", \"created_by\": null, \"updated_at\": \"2022-05-27T04:23:14.899227Z\", \"description\": \"\"}, {\"id\": 14, \"title\": \"Day\", \"created_at\": \"2022-05-27T04:23:21.410775Z\", \"created_by\": null, \"updated_at\": \"2022-05-27T04:23:21.410810Z\", \"description\": \"\"}], \"title\": \"Lead time to be less than\", \"value\": \"2\", \"options\": null, \"created_at\": \"2022-05-27T05:00:47.765744Z\", \"created_by\": null, \"unit_value\": 13, \"updated_at\": \"2022-05-27T05:00:47.765785Z\", \"description\": null, \"is_optional\": true, \"classification\": 3}, \"is_optional\": \"True\"}, {\"id\": 118, \"attribute\": {\"id\": 21, \"type\": \"number\", \"unit\": [{\"id\": 18, \"title\": \"USD\", \"created_at\": \"2022-05-27T04:28:43.387412Z\", \"created_by\": null, \"updated_at\": \"2022-05-27T04:28:43.387463Z\", \"description\": \"\"}, {\"id\": 19, \"title\": \"EUR\", \"created_at\": \"2022-05-27T04:29:10.653710Z\", \"created_by\": null, \"updated_at\": \"2022-05-27T04:29:10.653744Z\", \"description\": \"\"}, {\"id\": 20, \"title\": \"CNH\", \"created_at\": \"2022-05-27T04:29:17.096803Z\", \"created_by\": null, \"updated_at\": \"2022-05-27T04:29:17.096851Z\", \"description\": \"\"}, {\"id\": 21, \"title\": \"CNY\", \"created_at\": \"2022-05-27T04:30:47.418935Z\", \"created_by\": null, \"updated_at\": \"2022-05-27T04:30:47.418982Z\", \"description\": \"\"}, {\"id\": 22, \"title\": \"BTC\", \"created_at\": \"2022-05-27T04:30:52.577476Z\", \"created_by\": null, \"updated_at\": \"2022-05-27T04:30:52.577512Z\", \"description\": \"\"}], \"title\": \"Price to be less than\", \"value\": \"2000\", \"options\": null, \"created_at\": \"2022-05-27T05:00:47.769491Z\", \"created_by\": null, \"unit_value\": 18, \"updated_at\": \"2022-05-27T05:00:47.769535Z\", \"description\": null, \"is_optional\": true, \"classification\": 3}, \"is_optional\": \"True\"}]}]}',1,'query',NULL,7,'XXXX','{\"email\": \"admin@gmail.com\", \"phone\": \"123\", \"last_name\": \"\", \"first_name\": \"\", \"companyName\": \"mediusware\"}',3,0,0,NULL,NULL,0,'',NULL,'pending','submitted',NULL,NULL,'94070',NULL),(2,'2022-10-11 13:56:33.090906','2022-10-11 13:56:33.091027','35313211','{\"id\": 7, \"slug\": \"pump\", \"title\": \"Pump\", \"description\": \"NA\", \"partclassification_set\": [{\"id\": 29, \"is_optional\": \"False\", \"classification\": {\"id\": 1, \"title\": \"Mechanical Specification\", \"created_at\": \"2022-05-11T06:15:21.725312Z\", \"created_by\": null, \"updated_at\": \"2022-05-27T04:38:28.316932Z\", \"description\": \"\"}, \"partclassificationattribute_set\": [{\"id\": 107, \"attribute\": {\"id\": 7, \"type\": \"text\", \"unit\": [], \"title\": \"Application, e.g., industrial processes\", \"value\": \"Centrifugal\", \"options\": null, \"created_at\": \"2022-05-27T03:37:17.103745Z\", \"created_by\": null, \"unit_value\": \"\", \"updated_at\": \"2022-05-27T04:23:27.535651Z\", \"description\": null, \"is_optional\": false, \"classification\": 1}, \"is_optional\": \"False\"}, {\"id\": 108, \"attribute\": {\"id\": 8, \"type\": \"text\", \"unit\": [], \"title\": \"Fluid, e.g., 50% ethylene glycol-water\", \"value\": \"60% ethylene glycol-water\", \"options\": null, \"created_at\": \"2022-05-27T03:37:17.106806Z\", \"created_by\": null, \"unit_value\": \"\", \"updated_at\": \"2022-05-27T03:37:17.106845Z\", \"description\": null, \"is_optional\": false, \"classification\": 1}, \"is_optional\": \"False\"}, {\"id\": 109, \"attribute\": {\"id\": 1, \"type\": \"number\", \"unit\": [{\"id\": 3, \"title\": \"US gpm\", \"created_at\": \"2022-05-11T06:12:47.549174Z\", \"created_by\": null, \"updated_at\": \"2022-05-11T06:12:47.549209Z\", \"description\": \"\"}, {\"id\": 4, \"title\": \"lpm\", \"created_at\": \"2022-05-11T06:15:07.786870Z\", \"created_by\": null, \"updated_at\": \"2022-05-11T06:15:07.786921Z\", \"description\": \"\"}], \"title\": \"Flow\", \"value\": \"4400\", \"options\": null, \"created_at\": \"2022-05-11T06:15:21.726990Z\", \"created_by\": null, \"unit_value\": 4, \"updated_at\": \"2022-05-11T06:15:21.727040Z\", \"description\": null, \"is_optional\": false, \"classification\": 1}, \"is_optional\": \"False\"}, {\"id\": 110, \"attribute\": {\"id\": 2, \"type\": \"number\", \"unit\": [{\"id\": 5, \"title\": \"psi\", \"created_at\": \"2022-05-11T06:20:18.195552Z\", \"created_by\": null, \"updated_at\": \"2022-05-11T06:20:18.195591Z\", \"description\": \"\"}, {\"id\": 6, \"title\": \"ft\", \"created_at\": \"2022-05-11T06:20:33.482968Z\", \"created_by\": null, \"updated_at\": \"2022-05-11T06:20:33.483008Z\", \"description\": \"\"}], \"title\": \"Head\", \"value\": \"60\", \"options\": null, \"created_at\": \"2022-05-11T06:22:58.054217Z\", \"created_by\": null, \"unit_value\": 6, \"updated_at\": \"2022-05-11T06:22:58.054247Z\", \"description\": null, \"is_optional\": false, \"classification\": 1}, \"is_optional\": \"False\"}, {\"id\": 111, \"attribute\": {\"id\": 14, \"type\": \"number\", \"unit\": [{\"id\": 5, \"title\": \"psi\", \"created_at\": \"2022-05-11T06:20:18.195552Z\", \"created_by\": null, \"updated_at\": \"2022-05-11T06:20:18.195591Z\", \"description\": \"\"}, {\"id\": 6, \"title\": \"ft\", \"created_at\": \"2022-05-11T06:20:33.482968Z\", \"created_by\": null, \"updated_at\": \"2022-05-11T06:20:33.483008Z\", \"description\": \"\"}], \"title\": \"Min suction head\", \"value\": \"200\", \"options\": null, \"created_at\": \"2022-05-27T04:15:47.658835Z\", \"created_by\": null, \"unit_value\": 6, \"updated_at\": \"2022-05-27T04:23:27.543400Z\", \"description\": null, \"is_optional\": false, \"classification\": 1}, \"is_optional\": \"False\"}, {\"id\": 112, \"attribute\": {\"id\": 12, \"type\": \"number\", \"unit\": [{\"id\": 11, \"title\": \"F\", \"created_at\": \"2022-05-27T03:34:15.792951Z\", \"created_by\": null, \"updated_at\": \"2022-05-27T03:34:15.792986Z\", \"description\": \"Fahrenheit\"}, {\"id\": 12, \"title\": \"C\", \"created_at\": \"2022-05-27T03:35:30.829998Z\", \"created_by\": null, \"updated_at\": \"2022-05-27T03:35:30.830033Z\", \"description\": \"Centigrade\"}], \"title\": \"Max fluid temperature\", \"value\": \"\", \"options\": null, \"created_at\": \"2022-05-27T03:37:17.121300Z\", \"created_by\": null, \"unit_value\": 11, \"updated_at\": \"2022-05-27T04:23:27.539845Z\", \"description\": null, \"is_optional\": true, \"classification\": 1}, \"is_optional\": \"True\"}, {\"id\": 113, \"attribute\": {\"id\": 13, \"type\": \"number\", \"unit\": [{\"id\": 11, \"title\": \"F\", \"created_at\": \"2022-05-27T03:34:15.792951Z\", \"created_by\": null, \"updated_at\": \"2022-05-27T03:34:15.792986Z\", \"description\": \"Fahrenheit\"}, {\"id\": 12, \"title\": \"C\", \"created_at\": \"2022-05-27T03:35:30.829998Z\", \"created_by\": null, \"updated_at\": \"2022-05-27T03:35:30.830033Z\", \"description\": \"Centigrade\"}], \"title\": \"Min fluid temperature\", \"value\": \"\", \"options\": null, \"created_at\": \"2022-05-27T03:37:17.125943Z\", \"created_by\": null, \"unit_value\": 11, \"updated_at\": \"2022-05-27T04:23:27.541776Z\", \"description\": null, \"is_optional\": true, \"classification\": 1}, \"is_optional\": \"True\"}]}, {\"id\": 30, \"is_optional\": \"False\", \"classification\": {\"id\": 2, \"title\": \"Electrical Specification\", \"created_at\": \"2022-05-27T04:40:50.864425Z\", \"created_by\": null, \"updated_at\": \"2022-05-27T05:06:30.115779Z\", \"description\": \"\"}, \"partclassificationattribute_set\": [{\"id\": 114, \"attribute\": {\"id\": 17, \"type\": \"select\", \"unit\": [], \"title\": \"Frequency\", \"value\": \"50 Hz\", \"options\": \"50 Hz, 60Hz\", \"created_at\": \"2022-05-27T04:40:50.866200Z\", \"created_by\": null, \"unit_value\": \"\", \"updated_at\": \"2022-05-27T04:40:50.866233Z\", \"description\": null, \"is_optional\": false, \"classification\": 2}, \"is_optional\": \"False\"}, {\"id\": 115, \"attribute\": {\"id\": 18, \"type\": \"select\", \"unit\": [], \"title\": \"Phase\", \"value\": \"2\", \"options\": \"1,2,3\", \"created_at\": \"2022-05-27T04:40:50.868892Z\", \"created_by\": null, \"unit_value\": \"\", \"updated_at\": \"2022-05-27T04:40:50.868921Z\", \"description\": null, \"is_optional\": false, \"classification\": 2}, \"is_optional\": \"False\"}, {\"id\": 116, \"attribute\": {\"id\": 19, \"type\": \"select\", \"unit\": [], \"title\": \"Voltage\", \"value\": \"120\", \"options\": \"120,208,240,480\", \"created_at\": \"2022-05-27T04:40:50.870944Z\", \"created_by\": null, \"unit_value\": \"\", \"updated_at\": \"2022-05-27T05:06:30.117578Z\", \"description\": null, \"is_optional\": false, \"classification\": 2}, \"is_optional\": \"False\"}]}, {\"id\": 31, \"is_optional\": \"False\", \"classification\": {\"id\": 3, \"title\": \"Preference\", \"created_at\": \"2022-05-27T05:00:47.764698Z\", \"created_by\": null, \"updated_at\": \"2022-05-27T05:00:47.764746Z\", \"description\": \"\"}, \"partclassificationattribute_set\": [{\"id\": 117, \"attribute\": {\"id\": 20, \"type\": \"number\", \"unit\": [{\"id\": 13, \"title\": \"Week\", \"created_at\": \"2022-05-27T04:23:14.899157Z\", \"created_by\": null, \"updated_at\": \"2022-05-27T04:23:14.899227Z\", \"description\": \"\"}, {\"id\": 14, \"title\": \"Day\", \"created_at\": \"2022-05-27T04:23:21.410775Z\", \"created_by\": null, \"updated_at\": \"2022-05-27T04:23:21.410810Z\", \"description\": \"\"}], \"title\": \"Lead time to be less than\", \"value\": \"\", \"options\": null, \"created_at\": \"2022-05-27T05:00:47.765744Z\", \"created_by\": null, \"unit_value\": 13, \"updated_at\": \"2022-05-27T05:00:47.765785Z\", \"description\": null, \"is_optional\": true, \"classification\": 3}, \"is_optional\": \"True\"}, {\"id\": 118, \"attribute\": {\"id\": 21, \"type\": \"number\", \"unit\": [{\"id\": 18, \"title\": \"USD\", \"created_at\": \"2022-05-27T04:28:43.387412Z\", \"created_by\": null, \"updated_at\": \"2022-05-27T04:28:43.387463Z\", \"description\": \"\"}, {\"id\": 19, \"title\": \"EUR\", \"created_at\": \"2022-05-27T04:29:10.653710Z\", \"created_by\": null, \"updated_at\": \"2022-05-27T04:29:10.653744Z\", \"description\": \"\"}, {\"id\": 20, \"title\": \"CNH\", \"created_at\": \"2022-05-27T04:29:17.096803Z\", \"created_by\": null, \"updated_at\": \"2022-05-27T04:29:17.096851Z\", \"description\": \"\"}, {\"id\": 21, \"title\": \"CNY\", \"created_at\": \"2022-05-27T04:30:47.418935Z\", \"created_by\": null, \"updated_at\": \"2022-05-27T04:30:47.418982Z\", \"description\": \"\"}, {\"id\": 22, \"title\": \"BTC\", \"created_at\": \"2022-05-27T04:30:52.577476Z\", \"created_by\": null, \"updated_at\": \"2022-05-27T04:30:52.577512Z\", \"description\": \"\"}], \"title\": \"Price to be less than\", \"value\": \"\", \"options\": null, \"created_at\": \"2022-05-27T05:00:47.769491Z\", \"created_by\": null, \"unit_value\": 18, \"updated_at\": \"2022-05-27T05:00:47.769535Z\", \"description\": null, \"is_optional\": true, \"classification\": 3}, \"is_optional\": \"True\"}]}]}',5,'quote',NULL,7,'I want to buy this centrifugal pump','{\"email\": \"chloe@gmail.com\", \"phone\": \"+12556335\", \"password\": \"sadia123\", \"existUser\": \"ssss\", \"last_name\": \"campbell\", \"first_name\": \"chloe\", \"companyName\": \"Mediusware\", \"confirmPassword\": \"sadia123\"}',NULL,0,0,NULL,NULL,0,'',NULL,'pending','submitted',NULL,NULL,'12708',NULL),(3,'2022-10-12 07:04:28.366489','2022-10-12 09:29:48.679542','421901686','{\"id\": 7, \"slug\": \"pump\", \"title\": \"Pump\", \"description\": \"NA\", \"partclassification_set\": [{\"id\": 29, \"is_optional\": \"False\", \"classification\": {\"id\": 1, \"title\": \"Mechanical Specification\", \"created_at\": \"2022-05-11T06:15:21.725312Z\", \"created_by\": null, \"updated_at\": \"2022-05-27T04:38:28.316932Z\", \"description\": \"\"}, \"partclassificationattribute_set\": [{\"id\": 107, \"attribute\": {\"id\": 7, \"type\": \"text\", \"unit\": [], \"title\": \"Application, e.g., industrial processes\", \"value\": \"Centrifugal\", \"options\": null, \"created_at\": \"2022-05-27T03:37:17.103745Z\", \"created_by\": null, \"unit_value\": \"\", \"updated_at\": \"2022-05-27T04:23:27.535651Z\", \"description\": null, \"is_optional\": false, \"classification\": 1}, \"is_optional\": \"False\"}, {\"id\": 108, \"attribute\": {\"id\": 8, \"type\": \"text\", \"unit\": [], \"title\": \"Fluid, e.g., 50% ethylene glycol-water\", \"value\": \"50% ethylene glycol-water\", \"options\": null, \"created_at\": \"2022-05-27T03:37:17.106806Z\", \"created_by\": null, \"unit_value\": \"\", \"updated_at\": \"2022-05-27T03:37:17.106845Z\", \"description\": null, \"is_optional\": false, \"classification\": 1}, \"is_optional\": \"False\"}, {\"id\": 109, \"attribute\": {\"id\": 1, \"type\": \"number\", \"unit\": [{\"id\": 3, \"title\": \"US gpm\", \"created_at\": \"2022-05-11T06:12:47.549174Z\", \"created_by\": null, \"updated_at\": \"2022-05-11T06:12:47.549209Z\", \"description\": \"\"}, {\"id\": 4, \"title\": \"lpm\", \"created_at\": \"2022-05-11T06:15:07.786870Z\", \"created_by\": null, \"updated_at\": \"2022-05-11T06:15:07.786921Z\", \"description\": \"\"}], \"title\": \"Flow\", \"value\": \"120\", \"options\": null, \"created_at\": \"2022-05-11T06:15:21.726990Z\", \"created_by\": null, \"unit_value\": 3, \"updated_at\": \"2022-05-11T06:15:21.727040Z\", \"description\": null, \"is_optional\": false, \"classification\": 1}, \"is_optional\": \"False\"}, {\"id\": 110, \"attribute\": {\"id\": 2, \"type\": \"number\", \"unit\": [{\"id\": 5, \"title\": \"psi\", \"created_at\": \"2022-05-11T06:20:18.195552Z\", \"created_by\": null, \"updated_at\": \"2022-05-11T06:20:18.195591Z\", \"description\": \"\"}, {\"id\": 6, \"title\": \"ft\", \"created_at\": \"2022-05-11T06:20:33.482968Z\", \"created_by\": null, \"updated_at\": \"2022-05-11T06:20:33.483008Z\", \"description\": \"\"}], \"title\": \"Head\", \"value\": \"220\", \"options\": null, \"created_at\": \"2022-05-11T06:22:58.054217Z\", \"created_by\": null, \"unit_value\": 5, \"updated_at\": \"2022-05-11T06:22:58.054247Z\", \"description\": null, \"is_optional\": false, \"classification\": 1}, \"is_optional\": \"False\"}, {\"id\": 111, \"attribute\": {\"id\": 14, \"type\": \"number\", \"unit\": [{\"id\": 5, \"title\": \"psi\", \"created_at\": \"2022-05-11T06:20:18.195552Z\", \"created_by\": null, \"updated_at\": \"2022-05-11T06:20:18.195591Z\", \"description\": \"\"}, {\"id\": 6, \"title\": \"ft\", \"created_at\": \"2022-05-11T06:20:33.482968Z\", \"created_by\": null, \"updated_at\": \"2022-05-11T06:20:33.483008Z\", \"description\": \"\"}], \"title\": \"Min suction head\", \"value\": \"320\", \"options\": null, \"created_at\": \"2022-05-27T04:15:47.658835Z\", \"created_by\": null, \"unit_value\": 5, \"updated_at\": \"2022-05-27T04:23:27.543400Z\", \"description\": null, \"is_optional\": false, \"classification\": 1}, \"is_optional\": \"False\"}, {\"id\": 112, \"attribute\": {\"id\": 12, \"type\": \"number\", \"unit\": [{\"id\": 11, \"title\": \"F\", \"created_at\": \"2022-05-27T03:34:15.792951Z\", \"created_by\": null, \"updated_at\": \"2022-05-27T03:34:15.792986Z\", \"description\": \"Fahrenheit\"}, {\"id\": 12, \"title\": \"C\", \"created_at\": \"2022-05-27T03:35:30.829998Z\", \"created_by\": null, \"updated_at\": \"2022-05-27T03:35:30.830033Z\", \"description\": \"Centigrade\"}], \"title\": \"Max fluid temperature\", \"value\": \"420\", \"options\": null, \"created_at\": \"2022-05-27T03:37:17.121300Z\", \"created_by\": null, \"unit_value\": 12, \"updated_at\": \"2022-05-27T04:23:27.539845Z\", \"description\": null, \"is_optional\": true, \"classification\": 1}, \"is_optional\": \"True\"}, {\"id\": 113, \"attribute\": {\"id\": 13, \"type\": \"number\", \"unit\": [{\"id\": 11, \"title\": \"F\", \"created_at\": \"2022-05-27T03:34:15.792951Z\", \"created_by\": null, \"updated_at\": \"2022-05-27T03:34:15.792986Z\", \"description\": \"Fahrenheit\"}, {\"id\": 12, \"title\": \"C\", \"created_at\": \"2022-05-27T03:35:30.829998Z\", \"created_by\": null, \"updated_at\": \"2022-05-27T03:35:30.830033Z\", \"description\": \"Centigrade\"}], \"title\": \"Min fluid temperature\", \"value\": \"520\", \"options\": null, \"created_at\": \"2022-05-27T03:37:17.125943Z\", \"created_by\": null, \"unit_value\": 12, \"updated_at\": \"2022-05-27T04:23:27.541776Z\", \"description\": null, \"is_optional\": true, \"classification\": 1}, \"is_optional\": \"True\"}]}, {\"id\": 30, \"is_optional\": \"False\", \"classification\": {\"id\": 2, \"title\": \"Electrical Specification\", \"created_at\": \"2022-05-27T04:40:50.864425Z\", \"created_by\": null, \"updated_at\": \"2022-05-27T05:06:30.115779Z\", \"description\": \"\"}, \"partclassificationattribute_set\": [{\"id\": 114, \"attribute\": {\"id\": 17, \"type\": \"select\", \"unit\": [], \"title\": \"Frequency\", \"value\": \"50 Hz\", \"options\": \"50 Hz, 60Hz\", \"created_at\": \"2022-05-27T04:40:50.866200Z\", \"created_by\": null, \"unit_value\": \"\", \"updated_at\": \"2022-05-27T04:40:50.866233Z\", \"description\": null, \"is_optional\": false, \"classification\": 2}, \"is_optional\": \"False\"}, {\"id\": 115, \"attribute\": {\"id\": 18, \"type\": \"select\", \"unit\": [], \"title\": \"Phase\", \"value\": \"1\", \"options\": \"1,2,3\", \"created_at\": \"2022-05-27T04:40:50.868892Z\", \"created_by\": null, \"unit_value\": \"\", \"updated_at\": \"2022-05-27T04:40:50.868921Z\", \"description\": null, \"is_optional\": false, \"classification\": 2}, \"is_optional\": \"False\"}, {\"id\": 116, \"attribute\": {\"id\": 19, \"type\": \"select\", \"unit\": [], \"title\": \"Voltage\", \"value\": \"120\", \"options\": \"120,208,240,480\", \"created_at\": \"2022-05-27T04:40:50.870944Z\", \"created_by\": null, \"unit_value\": \"\", \"updated_at\": \"2022-05-27T05:06:30.117578Z\", \"description\": null, \"is_optional\": false, \"classification\": 2}, \"is_optional\": \"False\"}]}, {\"id\": 31, \"is_optional\": \"False\", \"classification\": {\"id\": 3, \"title\": \"Preference\", \"created_at\": \"2022-05-27T05:00:47.764698Z\", \"created_by\": null, \"updated_at\": \"2022-05-27T05:00:47.764746Z\", \"description\": \"\"}, \"partclassificationattribute_set\": [{\"id\": 117, \"attribute\": {\"id\": 20, \"type\": \"number\", \"unit\": [{\"id\": 13, \"title\": \"Week\", \"created_at\": \"2022-05-27T04:23:14.899157Z\", \"created_by\": null, \"updated_at\": \"2022-05-27T04:23:14.899227Z\", \"description\": \"\"}, {\"id\": 14, \"title\": \"Day\", \"created_at\": \"2022-05-27T04:23:21.410775Z\", \"created_by\": null, \"updated_at\": \"2022-05-27T04:23:21.410810Z\", \"description\": \"\"}], \"title\": \"Lead time to be less than\", \"value\": \"\", \"options\": null, \"created_at\": \"2022-05-27T05:00:47.765744Z\", \"created_by\": null, \"unit_value\": 13, \"updated_at\": \"2022-05-27T05:00:47.765785Z\", \"description\": null, \"is_optional\": true, \"classification\": 3}, \"is_optional\": \"True\"}, {\"id\": 118, \"attribute\": {\"id\": 21, \"type\": \"number\", \"unit\": [{\"id\": 18, \"title\": \"USD\", \"created_at\": \"2022-05-27T04:28:43.387412Z\", \"created_by\": null, \"updated_at\": \"2022-05-27T04:28:43.387463Z\", \"description\": \"\"}, {\"id\": 19, \"title\": \"EUR\", \"created_at\": \"2022-05-27T04:29:10.653710Z\", \"created_by\": null, \"updated_at\": \"2022-05-27T04:29:10.653744Z\", \"description\": \"\"}, {\"id\": 20, \"title\": \"CNH\", \"created_at\": \"2022-05-27T04:29:17.096803Z\", \"created_by\": null, \"updated_at\": \"2022-05-27T04:29:17.096851Z\", \"description\": \"\"}, {\"id\": 21, \"title\": \"CNY\", \"created_at\": \"2022-05-27T04:30:47.418935Z\", \"created_by\": null, \"updated_at\": \"2022-05-27T04:30:47.418982Z\", \"description\": \"\"}, {\"id\": 22, \"title\": \"BTC\", \"created_at\": \"2022-05-27T04:30:52.577476Z\", \"created_by\": null, \"updated_at\": \"2022-05-27T04:30:52.577512Z\", \"description\": \"\"}], \"title\": \"Price to be less than\", \"value\": \"\", \"options\": null, \"created_at\": \"2022-05-27T05:00:47.769491Z\", \"created_by\": null, \"unit_value\": 18, \"updated_at\": \"2022-05-27T05:00:47.769535Z\", \"description\": null, \"is_optional\": true, \"classification\": 3}, \"is_optional\": \"True\"}]}]}',2,'quote',NULL,7,'Want to buy this centrifugal pump','{\"email\": \"admin@admin.com\", \"phone\": \"+12658996312\", \"last_name\": \"Jackson\", \"first_name\": \"Cody\", \"companyName\": \"Turner Ecstatic\"}',NULL,0,0,NULL,NULL,0,'',NULL,'cancelled','cancelled','cancelled','cancelled','23012',NULL),(4,'2022-10-12 07:07:54.446986','2022-10-12 07:07:54.447118','945202218','{\"id\": 7, \"slug\": \"pump\", \"title\": \"Pump\", \"description\": \"NA\", \"partclassification_set\": [{\"id\": 29, \"is_optional\": \"False\", \"classification\": {\"id\": 1, \"title\": \"Mechanical Specification\", \"created_at\": \"2022-05-11T06:15:21.725312Z\", \"created_by\": null, \"updated_at\": \"2022-05-27T04:38:28.316932Z\", \"description\": \"\"}, \"partclassificationattribute_set\": [{\"id\": 107, \"attribute\": {\"id\": 7, \"type\": \"text\", \"unit\": [], \"title\": \"Application, e.g., industrial processes\", \"value\": \"Pressure\", \"options\": null, \"created_at\": \"2022-05-27T03:37:17.103745Z\", \"created_by\": null, \"unit_value\": \"\", \"updated_at\": \"2022-05-27T04:23:27.535651Z\", \"description\": null, \"is_optional\": false, \"classification\": 1}, \"is_optional\": \"False\"}, {\"id\": 108, \"attribute\": {\"id\": 8, \"type\": \"text\", \"unit\": [], \"title\": \"Fluid, e.g., 50% ethylene glycol-water\", \"value\": \"40% ethylene glycol-water \", \"options\": null, \"created_at\": \"2022-05-27T03:37:17.106806Z\", \"created_by\": null, \"unit_value\": \"\", \"updated_at\": \"2022-05-27T03:37:17.106845Z\", \"description\": null, \"is_optional\": false, \"classification\": 1}, \"is_optional\": \"False\"}, {\"id\": 109, \"attribute\": {\"id\": 1, \"type\": \"number\", \"unit\": [{\"id\": 3, \"title\": \"US gpm\", \"created_at\": \"2022-05-11T06:12:47.549174Z\", \"created_by\": null, \"updated_at\": \"2022-05-11T06:12:47.549209Z\", \"description\": \"\"}, {\"id\": 4, \"title\": \"lpm\", \"created_at\": \"2022-05-11T06:15:07.786870Z\", \"created_by\": null, \"updated_at\": \"2022-05-11T06:15:07.786921Z\", \"description\": \"\"}], \"title\": \"Flow\", \"value\": \"220\", \"options\": null, \"created_at\": \"2022-05-11T06:15:21.726990Z\", \"created_by\": null, \"unit_value\": 4, \"updated_at\": \"2022-05-11T06:15:21.727040Z\", \"description\": null, \"is_optional\": false, \"classification\": 1}, \"is_optional\": \"False\"}, {\"id\": 110, \"attribute\": {\"id\": 2, \"type\": \"number\", \"unit\": [{\"id\": 5, \"title\": \"psi\", \"created_at\": \"2022-05-11T06:20:18.195552Z\", \"created_by\": null, \"updated_at\": \"2022-05-11T06:20:18.195591Z\", \"description\": \"\"}, {\"id\": 6, \"title\": \"ft\", \"created_at\": \"2022-05-11T06:20:33.482968Z\", \"created_by\": null, \"updated_at\": \"2022-05-11T06:20:33.483008Z\", \"description\": \"\"}], \"title\": \"Head\", \"value\": \"320\", \"options\": null, \"created_at\": \"2022-05-11T06:22:58.054217Z\", \"created_by\": null, \"unit_value\": 6, \"updated_at\": \"2022-05-11T06:22:58.054247Z\", \"description\": null, \"is_optional\": false, \"classification\": 1}, \"is_optional\": \"False\"}, {\"id\": 111, \"attribute\": {\"id\": 14, \"type\": \"number\", \"unit\": [{\"id\": 5, \"title\": \"psi\", \"created_at\": \"2022-05-11T06:20:18.195552Z\", \"created_by\": null, \"updated_at\": \"2022-05-11T06:20:18.195591Z\", \"description\": \"\"}, {\"id\": 6, \"title\": \"ft\", \"created_at\": \"2022-05-11T06:20:33.482968Z\", \"created_by\": null, \"updated_at\": \"2022-05-11T06:20:33.483008Z\", \"description\": \"\"}], \"title\": \"Min suction head\", \"value\": \"420\", \"options\": null, \"created_at\": \"2022-05-27T04:15:47.658835Z\", \"created_by\": null, \"unit_value\": 6, \"updated_at\": \"2022-05-27T04:23:27.543400Z\", \"description\": null, \"is_optional\": false, \"classification\": 1}, \"is_optional\": \"False\"}, {\"id\": 112, \"attribute\": {\"id\": 12, \"type\": \"number\", \"unit\": [{\"id\": 11, \"title\": \"F\", \"created_at\": \"2022-05-27T03:34:15.792951Z\", \"created_by\": null, \"updated_at\": \"2022-05-27T03:34:15.792986Z\", \"description\": \"Fahrenheit\"}, {\"id\": 12, \"title\": \"C\", \"created_at\": \"2022-05-27T03:35:30.829998Z\", \"created_by\": null, \"updated_at\": \"2022-05-27T03:35:30.830033Z\", \"description\": \"Centigrade\"}], \"title\": \"Max fluid temperature\", \"value\": \"520\", \"options\": null, \"created_at\": \"2022-05-27T03:37:17.121300Z\", \"created_by\": null, \"unit_value\": 11, \"updated_at\": \"2022-05-27T04:23:27.539845Z\", \"description\": null, \"is_optional\": true, \"classification\": 1}, \"is_optional\": \"True\"}, {\"id\": 113, \"attribute\": {\"id\": 13, \"type\": \"number\", \"unit\": [{\"id\": 11, \"title\": \"F\", \"created_at\": \"2022-05-27T03:34:15.792951Z\", \"created_by\": null, \"updated_at\": \"2022-05-27T03:34:15.792986Z\", \"description\": \"Fahrenheit\"}, {\"id\": 12, \"title\": \"C\", \"created_at\": \"2022-05-27T03:35:30.829998Z\", \"created_by\": null, \"updated_at\": \"2022-05-27T03:35:30.830033Z\", \"description\": \"Centigrade\"}], \"title\": \"Min fluid temperature\", \"value\": \"620\", \"options\": null, \"created_at\": \"2022-05-27T03:37:17.125943Z\", \"created_by\": null, \"unit_value\": 11, \"updated_at\": \"2022-05-27T04:23:27.541776Z\", \"description\": null, \"is_optional\": true, \"classification\": 1}, \"is_optional\": \"True\"}]}, {\"id\": 30, \"is_optional\": \"False\", \"classification\": {\"id\": 2, \"title\": \"Electrical Specification\", \"created_at\": \"2022-05-27T04:40:50.864425Z\", \"created_by\": null, \"updated_at\": \"2022-05-27T05:06:30.115779Z\", \"description\": \"\"}, \"partclassificationattribute_set\": [{\"id\": 114, \"attribute\": {\"id\": 17, \"type\": \"select\", \"unit\": [], \"title\": \"Frequency\", \"value\": \" 60Hz\", \"options\": \"50 Hz, 60Hz\", \"created_at\": \"2022-05-27T04:40:50.866200Z\", \"created_by\": null, \"unit_value\": \"\", \"updated_at\": \"2022-05-27T04:40:50.866233Z\", \"description\": null, \"is_optional\": false, \"classification\": 2}, \"is_optional\": \"False\"}, {\"id\": 115, \"attribute\": {\"id\": 18, \"type\": \"select\", \"unit\": [], \"title\": \"Phase\", \"value\": \"2\", \"options\": \"1,2,3\", \"created_at\": \"2022-05-27T04:40:50.868892Z\", \"created_by\": null, \"unit_value\": \"\", \"updated_at\": \"2022-05-27T04:40:50.868921Z\", \"description\": null, \"is_optional\": false, \"classification\": 2}, \"is_optional\": \"False\"}, {\"id\": 116, \"attribute\": {\"id\": 19, \"type\": \"select\", \"unit\": [], \"title\": \"Voltage\", \"value\": \"208\", \"options\": \"120,208,240,480\", \"created_at\": \"2022-05-27T04:40:50.870944Z\", \"created_by\": null, \"unit_value\": \"\", \"updated_at\": \"2022-05-27T05:06:30.117578Z\", \"description\": null, \"is_optional\": false, \"classification\": 2}, \"is_optional\": \"False\"}]}, {\"id\": 31, \"is_optional\": \"False\", \"classification\": {\"id\": 3, \"title\": \"Preference\", \"created_at\": \"2022-05-27T05:00:47.764698Z\", \"created_by\": null, \"updated_at\": \"2022-05-27T05:00:47.764746Z\", \"description\": \"\"}, \"partclassificationattribute_set\": [{\"id\": 117, \"attribute\": {\"id\": 20, \"type\": \"number\", \"unit\": [{\"id\": 13, \"title\": \"Week\", \"created_at\": \"2022-05-27T04:23:14.899157Z\", \"created_by\": null, \"updated_at\": \"2022-05-27T04:23:14.899227Z\", \"description\": \"\"}, {\"id\": 14, \"title\": \"Day\", \"created_at\": \"2022-05-27T04:23:21.410775Z\", \"created_by\": null, \"updated_at\": \"2022-05-27T04:23:21.410810Z\", \"description\": \"\"}], \"title\": \"Lead time to be less than\", \"value\": \"3\", \"options\": null, \"created_at\": \"2022-05-27T05:00:47.765744Z\", \"created_by\": null, \"unit_value\": 14, \"updated_at\": \"2022-05-27T05:00:47.765785Z\", \"description\": null, \"is_optional\": true, \"classification\": 3}, \"is_optional\": \"True\"}, {\"id\": 118, \"attribute\": {\"id\": 21, \"type\": \"number\", \"unit\": [{\"id\": 18, \"title\": \"USD\", \"created_at\": \"2022-05-27T04:28:43.387412Z\", \"created_by\": null, \"updated_at\": \"2022-05-27T04:28:43.387463Z\", \"description\": \"\"}, {\"id\": 19, \"title\": \"EUR\", \"created_at\": \"2022-05-27T04:29:10.653710Z\", \"created_by\": null, \"updated_at\": \"2022-05-27T04:29:10.653744Z\", \"description\": \"\"}, {\"id\": 20, \"title\": \"CNH\", \"created_at\": \"2022-05-27T04:29:17.096803Z\", \"created_by\": null, \"updated_at\": \"2022-05-27T04:29:17.096851Z\", \"description\": \"\"}, {\"id\": 21, \"title\": \"CNY\", \"created_at\": \"2022-05-27T04:30:47.418935Z\", \"created_by\": null, \"updated_at\": \"2022-05-27T04:30:47.418982Z\", \"description\": \"\"}, {\"id\": 22, \"title\": \"BTC\", \"created_at\": \"2022-05-27T04:30:52.577476Z\", \"created_by\": null, \"updated_at\": \"2022-05-27T04:30:52.577512Z\", \"description\": \"\"}], \"title\": \"Price to be less than\", \"value\": \"600\", \"options\": null, \"created_at\": \"2022-05-27T05:00:47.769491Z\", \"created_by\": null, \"unit_value\": 18, \"updated_at\": \"2022-05-27T05:00:47.769535Z\", \"description\": null, \"is_optional\": true, \"classification\": 3}, \"is_optional\": \"True\"}]}]}',5,'query',NULL,7,'','{\"email\": \"admin@admin.com\", \"phone\": \"+12658996312\", \"last_name\": \"Jackson\", \"first_name\": \"Cody\", \"companyName\": \"Turner Ecstatic\"}',NULL,0,0,NULL,NULL,0,'',NULL,'pending','submitted',NULL,NULL,'30212',NULL),(5,'2022-10-12 07:10:36.663564','2022-10-12 07:10:36.663619','305556266','{\"id\": 7, \"slug\": \"pump\", \"title\": \"Pump\", \"description\": \"NA\", \"partclassification_set\": [{\"id\": 29, \"is_optional\": \"False\", \"classification\": {\"id\": 1, \"title\": \"Mechanical Specification\", \"created_at\": \"2022-05-11T06:15:21.725312Z\", \"created_by\": null, \"updated_at\": \"2022-05-27T04:38:28.316932Z\", \"description\": \"\"}, \"partclassificationattribute_set\": [{\"id\": 107, \"attribute\": {\"id\": 7, \"type\": \"text\", \"unit\": [], \"title\": \"Application, e.g., industrial processes\", \"value\": \"Piston pump\", \"options\": null, \"created_at\": \"2022-05-27T03:37:17.103745Z\", \"created_by\": null, \"unit_value\": \"\", \"updated_at\": \"2022-05-27T04:23:27.535651Z\", \"description\": null, \"is_optional\": false, \"classification\": 1}, \"is_optional\": \"False\"}, {\"id\": 108, \"attribute\": {\"id\": 8, \"type\": \"text\", \"unit\": [], \"title\": \"Fluid, e.g., 50% ethylene glycol-water\", \"value\": \"30%\", \"options\": null, \"created_at\": \"2022-05-27T03:37:17.106806Z\", \"created_by\": null, \"unit_value\": \"\", \"updated_at\": \"2022-05-27T03:37:17.106845Z\", \"description\": null, \"is_optional\": false, \"classification\": 1}, \"is_optional\": \"False\"}, {\"id\": 109, \"attribute\": {\"id\": 1, \"type\": \"number\", \"unit\": [{\"id\": 3, \"title\": \"US gpm\", \"created_at\": \"2022-05-11T06:12:47.549174Z\", \"created_by\": null, \"updated_at\": \"2022-05-11T06:12:47.549209Z\", \"description\": \"\"}, {\"id\": 4, \"title\": \"lpm\", \"created_at\": \"2022-05-11T06:15:07.786870Z\", \"created_by\": null, \"updated_at\": \"2022-05-11T06:15:07.786921Z\", \"description\": \"\"}], \"title\": \"Flow\", \"value\": \"320\", \"options\": null, \"created_at\": \"2022-05-11T06:15:21.726990Z\", \"created_by\": null, \"unit_value\": 4, \"updated_at\": \"2022-05-11T06:15:21.727040Z\", \"description\": null, \"is_optional\": false, \"classification\": 1}, \"is_optional\": \"False\"}, {\"id\": 110, \"attribute\": {\"id\": 2, \"type\": \"number\", \"unit\": [{\"id\": 5, \"title\": \"psi\", \"created_at\": \"2022-05-11T06:20:18.195552Z\", \"created_by\": null, \"updated_at\": \"2022-05-11T06:20:18.195591Z\", \"description\": \"\"}, {\"id\": 6, \"title\": \"ft\", \"created_at\": \"2022-05-11T06:20:33.482968Z\", \"created_by\": null, \"updated_at\": \"2022-05-11T06:20:33.483008Z\", \"description\": \"\"}], \"title\": \"Head\", \"value\": \"420\", \"options\": null, \"created_at\": \"2022-05-11T06:22:58.054217Z\", \"created_by\": null, \"unit_value\": 5, \"updated_at\": \"2022-05-11T06:22:58.054247Z\", \"description\": null, \"is_optional\": false, \"classification\": 1}, \"is_optional\": \"False\"}, {\"id\": 111, \"attribute\": {\"id\": 14, \"type\": \"number\", \"unit\": [{\"id\": 5, \"title\": \"psi\", \"created_at\": \"2022-05-11T06:20:18.195552Z\", \"created_by\": null, \"updated_at\": \"2022-05-11T06:20:18.195591Z\", \"description\": \"\"}, {\"id\": 6, \"title\": \"ft\", \"created_at\": \"2022-05-11T06:20:33.482968Z\", \"created_by\": null, \"updated_at\": \"2022-05-11T06:20:33.483008Z\", \"description\": \"\"}], \"title\": \"Min suction head\", \"value\": \"520\", \"options\": null, \"created_at\": \"2022-05-27T04:15:47.658835Z\", \"created_by\": null, \"unit_value\": 5, \"updated_at\": \"2022-05-27T04:23:27.543400Z\", \"description\": null, \"is_optional\": false, \"classification\": 1}, \"is_optional\": \"False\"}, {\"id\": 112, \"attribute\": {\"id\": 12, \"type\": \"number\", \"unit\": [{\"id\": 11, \"title\": \"F\", \"created_at\": \"2022-05-27T03:34:15.792951Z\", \"created_by\": null, \"updated_at\": \"2022-05-27T03:34:15.792986Z\", \"description\": \"Fahrenheit\"}, {\"id\": 12, \"title\": \"C\", \"created_at\": \"2022-05-27T03:35:30.829998Z\", \"created_by\": null, \"updated_at\": \"2022-05-27T03:35:30.830033Z\", \"description\": \"Centigrade\"}], \"title\": \"Max fluid temperature\", \"value\": \"620\", \"options\": null, \"created_at\": \"2022-05-27T03:37:17.121300Z\", \"created_by\": null, \"unit_value\": 12, \"updated_at\": \"2022-05-27T04:23:27.539845Z\", \"description\": null, \"is_optional\": true, \"classification\": 1}, \"is_optional\": \"True\"}, {\"id\": 113, \"attribute\": {\"id\": 13, \"type\": \"number\", \"unit\": [{\"id\": 11, \"title\": \"F\", \"created_at\": \"2022-05-27T03:34:15.792951Z\", \"created_by\": null, \"updated_at\": \"2022-05-27T03:34:15.792986Z\", \"description\": \"Fahrenheit\"}, {\"id\": 12, \"title\": \"C\", \"created_at\": \"2022-05-27T03:35:30.829998Z\", \"created_by\": null, \"updated_at\": \"2022-05-27T03:35:30.830033Z\", \"description\": \"Centigrade\"}], \"title\": \"Min fluid temperature\", \"value\": \"720\", \"options\": null, \"created_at\": \"2022-05-27T03:37:17.125943Z\", \"created_by\": null, \"unit_value\": 12, \"updated_at\": \"2022-05-27T04:23:27.541776Z\", \"description\": null, \"is_optional\": true, \"classification\": 1}, \"is_optional\": \"True\"}]}, {\"id\": 30, \"is_optional\": \"False\", \"classification\": {\"id\": 2, \"title\": \"Electrical Specification\", \"created_at\": \"2022-05-27T04:40:50.864425Z\", \"created_by\": null, \"updated_at\": \"2022-05-27T05:06:30.115779Z\", \"description\": \"\"}, \"partclassificationattribute_set\": [{\"id\": 114, \"attribute\": {\"id\": 17, \"type\": \"select\", \"unit\": [], \"title\": \"Frequency\", \"value\": \"50 Hz\", \"options\": \"50 Hz, 60Hz\", \"created_at\": \"2022-05-27T04:40:50.866200Z\", \"created_by\": null, \"unit_value\": \"\", \"updated_at\": \"2022-05-27T04:40:50.866233Z\", \"description\": null, \"is_optional\": false, \"classification\": 2}, \"is_optional\": \"False\"}, {\"id\": 115, \"attribute\": {\"id\": 18, \"type\": \"select\", \"unit\": [], \"title\": \"Phase\", \"value\": \"3\", \"options\": \"1,2,3\", \"created_at\": \"2022-05-27T04:40:50.868892Z\", \"created_by\": null, \"unit_value\": \"\", \"updated_at\": \"2022-05-27T04:40:50.868921Z\", \"description\": null, \"is_optional\": false, \"classification\": 2}, \"is_optional\": \"False\"}, {\"id\": 116, \"attribute\": {\"id\": 19, \"type\": \"select\", \"unit\": [], \"title\": \"Voltage\", \"value\": \"240\", \"options\": \"120,208,240,480\", \"created_at\": \"2022-05-27T04:40:50.870944Z\", \"created_by\": null, \"unit_value\": \"\", \"updated_at\": \"2022-05-27T05:06:30.117578Z\", \"description\": null, \"is_optional\": false, \"classification\": 2}, \"is_optional\": \"False\"}]}, {\"id\": 31, \"is_optional\": \"False\", \"classification\": {\"id\": 3, \"title\": \"Preference\", \"created_at\": \"2022-05-27T05:00:47.764698Z\", \"created_by\": null, \"updated_at\": \"2022-05-27T05:00:47.764746Z\", \"description\": \"\"}, \"partclassificationattribute_set\": [{\"id\": 117, \"attribute\": {\"id\": 20, \"type\": \"number\", \"unit\": [{\"id\": 13, \"title\": \"Week\", \"created_at\": \"2022-05-27T04:23:14.899157Z\", \"created_by\": null, \"updated_at\": \"2022-05-27T04:23:14.899227Z\", \"description\": \"\"}, {\"id\": 14, \"title\": \"Day\", \"created_at\": \"2022-05-27T04:23:21.410775Z\", \"created_by\": null, \"updated_at\": \"2022-05-27T04:23:21.410810Z\", \"description\": \"\"}], \"title\": \"Lead time to be less than\", \"value\": \"\", \"options\": null, \"created_at\": \"2022-05-27T05:00:47.765744Z\", \"created_by\": null, \"unit_value\": 13, \"updated_at\": \"2022-05-27T05:00:47.765785Z\", \"description\": null, \"is_optional\": true, \"classification\": 3}, \"is_optional\": \"True\"}, {\"id\": 118, \"attribute\": {\"id\": 21, \"type\": \"number\", \"unit\": [{\"id\": 18, \"title\": \"USD\", \"created_at\": \"2022-05-27T04:28:43.387412Z\", \"created_by\": null, \"updated_at\": \"2022-05-27T04:28:43.387463Z\", \"description\": \"\"}, {\"id\": 19, \"title\": \"EUR\", \"created_at\": \"2022-05-27T04:29:10.653710Z\", \"created_by\": null, \"updated_at\": \"2022-05-27T04:29:10.653744Z\", \"description\": \"\"}, {\"id\": 20, \"title\": \"CNH\", \"created_at\": \"2022-05-27T04:29:17.096803Z\", \"created_by\": null, \"updated_at\": \"2022-05-27T04:29:17.096851Z\", \"description\": \"\"}, {\"id\": 21, \"title\": \"CNY\", \"created_at\": \"2022-05-27T04:30:47.418935Z\", \"created_by\": null, \"updated_at\": \"2022-05-27T04:30:47.418982Z\", \"description\": \"\"}, {\"id\": 22, \"title\": \"BTC\", \"created_at\": \"2022-05-27T04:30:52.577476Z\", \"created_by\": null, \"updated_at\": \"2022-05-27T04:30:52.577512Z\", \"description\": \"\"}], \"title\": \"Price to be less than\", \"value\": \"\", \"options\": null, \"created_at\": \"2022-05-27T05:00:47.769491Z\", \"created_by\": null, \"unit_value\": 18, \"updated_at\": \"2022-05-27T05:00:47.769535Z\", \"description\": null, \"is_optional\": true, \"classification\": 3}, \"is_optional\": \"True\"}]}]}',3,'quote',NULL,7,'','{\"email\": \"admin@admin.com\", \"phone\": \"+12658996312\", \"last_name\": \"Jackson\", \"first_name\": \"Cody\", \"companyName\": \"Turner Ecstatic\"}',NULL,0,0,NULL,NULL,0,'',NULL,'pending','submitted',NULL,NULL,'32562',NULL),(6,'2022-10-12 07:12:03.983721','2022-10-12 07:12:03.983787','499169952','{\"id\": 7, \"slug\": \"pump\", \"title\": \"Pump\", \"description\": \"NA\", \"partclassification_set\": [{\"id\": 29, \"is_optional\": \"False\", \"classification\": {\"id\": 1, \"title\": \"Mechanical Specification\", \"created_at\": \"2022-05-11T06:15:21.725312Z\", \"created_by\": null, \"updated_at\": \"2022-05-27T04:38:28.316932Z\", \"description\": \"\"}, \"partclassificationattribute_set\": [{\"id\": 107, \"attribute\": {\"id\": 7, \"type\": \"text\", \"unit\": [], \"title\": \"Application, e.g., industrial processes\", \"value\": \"Hydraulic pump\", \"options\": null, \"created_at\": \"2022-05-27T03:37:17.103745Z\", \"created_by\": null, \"unit_value\": \"\", \"updated_at\": \"2022-05-27T04:23:27.535651Z\", \"description\": null, \"is_optional\": false, \"classification\": 1}, \"is_optional\": \"False\"}, {\"id\": 108, \"attribute\": {\"id\": 8, \"type\": \"text\", \"unit\": [], \"title\": \"Fluid, e.g., 50% ethylene glycol-water\", \"value\": \"40%\", \"options\": null, \"created_at\": \"2022-05-27T03:37:17.106806Z\", \"created_by\": null, \"unit_value\": \"\", \"updated_at\": \"2022-05-27T03:37:17.106845Z\", \"description\": null, \"is_optional\": false, \"classification\": 1}, \"is_optional\": \"False\"}, {\"id\": 109, \"attribute\": {\"id\": 1, \"type\": \"number\", \"unit\": [{\"id\": 3, \"title\": \"US gpm\", \"created_at\": \"2022-05-11T06:12:47.549174Z\", \"created_by\": null, \"updated_at\": \"2022-05-11T06:12:47.549209Z\", \"description\": \"\"}, {\"id\": 4, \"title\": \"lpm\", \"created_at\": \"2022-05-11T06:15:07.786870Z\", \"created_by\": null, \"updated_at\": \"2022-05-11T06:15:07.786921Z\", \"description\": \"\"}], \"title\": \"Flow\", \"value\": \"150\", \"options\": null, \"created_at\": \"2022-05-11T06:15:21.726990Z\", \"created_by\": null, \"unit_value\": 4, \"updated_at\": \"2022-05-11T06:15:21.727040Z\", \"description\": null, \"is_optional\": false, \"classification\": 1}, \"is_optional\": \"False\"}, {\"id\": 110, \"attribute\": {\"id\": 2, \"type\": \"number\", \"unit\": [{\"id\": 5, \"title\": \"psi\", \"created_at\": \"2022-05-11T06:20:18.195552Z\", \"created_by\": null, \"updated_at\": \"2022-05-11T06:20:18.195591Z\", \"description\": \"\"}, {\"id\": 6, \"title\": \"ft\", \"created_at\": \"2022-05-11T06:20:33.482968Z\", \"created_by\": null, \"updated_at\": \"2022-05-11T06:20:33.483008Z\", \"description\": \"\"}], \"title\": \"Head\", \"value\": \"250\", \"options\": null, \"created_at\": \"2022-05-11T06:22:58.054217Z\", \"created_by\": null, \"unit_value\": 6, \"updated_at\": \"2022-05-11T06:22:58.054247Z\", \"description\": null, \"is_optional\": false, \"classification\": 1}, \"is_optional\": \"False\"}, {\"id\": 111, \"attribute\": {\"id\": 14, \"type\": \"number\", \"unit\": [{\"id\": 5, \"title\": \"psi\", \"created_at\": \"2022-05-11T06:20:18.195552Z\", \"created_by\": null, \"updated_at\": \"2022-05-11T06:20:18.195591Z\", \"description\": \"\"}, {\"id\": 6, \"title\": \"ft\", \"created_at\": \"2022-05-11T06:20:33.482968Z\", \"created_by\": null, \"updated_at\": \"2022-05-11T06:20:33.483008Z\", \"description\": \"\"}], \"title\": \"Min suction head\", \"value\": \"350\", \"options\": null, \"created_at\": \"2022-05-27T04:15:47.658835Z\", \"created_by\": null, \"unit_value\": 6, \"updated_at\": \"2022-05-27T04:23:27.543400Z\", \"description\": null, \"is_optional\": false, \"classification\": 1}, \"is_optional\": \"False\"}, {\"id\": 112, \"attribute\": {\"id\": 12, \"type\": \"number\", \"unit\": [{\"id\": 11, \"title\": \"F\", \"created_at\": \"2022-05-27T03:34:15.792951Z\", \"created_by\": null, \"updated_at\": \"2022-05-27T03:34:15.792986Z\", \"description\": \"Fahrenheit\"}, {\"id\": 12, \"title\": \"C\", \"created_at\": \"2022-05-27T03:35:30.829998Z\", \"created_by\": null, \"updated_at\": \"2022-05-27T03:35:30.830033Z\", \"description\": \"Centigrade\"}], \"title\": \"Max fluid temperature\", \"value\": \"450\", \"options\": null, \"created_at\": \"2022-05-27T03:37:17.121300Z\", \"created_by\": null, \"unit_value\": 11, \"updated_at\": \"2022-05-27T04:23:27.539845Z\", \"description\": null, \"is_optional\": true, \"classification\": 1}, \"is_optional\": \"True\"}, {\"id\": 113, \"attribute\": {\"id\": 13, \"type\": \"number\", \"unit\": [{\"id\": 11, \"title\": \"F\", \"created_at\": \"2022-05-27T03:34:15.792951Z\", \"created_by\": null, \"updated_at\": \"2022-05-27T03:34:15.792986Z\", \"description\": \"Fahrenheit\"}, {\"id\": 12, \"title\": \"C\", \"created_at\": \"2022-05-27T03:35:30.829998Z\", \"created_by\": null, \"updated_at\": \"2022-05-27T03:35:30.830033Z\", \"description\": \"Centigrade\"}], \"title\": \"Min fluid temperature\", \"value\": \"550\", \"options\": null, \"created_at\": \"2022-05-27T03:37:17.125943Z\", \"created_by\": null, \"unit_value\": 11, \"updated_at\": \"2022-05-27T04:23:27.541776Z\", \"description\": null, \"is_optional\": true, \"classification\": 1}, \"is_optional\": \"True\"}]}, {\"id\": 30, \"is_optional\": \"False\", \"classification\": {\"id\": 2, \"title\": \"Electrical Specification\", \"created_at\": \"2022-05-27T04:40:50.864425Z\", \"created_by\": null, \"updated_at\": \"2022-05-27T05:06:30.115779Z\", \"description\": \"\"}, \"partclassificationattribute_set\": [{\"id\": 114, \"attribute\": {\"id\": 17, \"type\": \"select\", \"unit\": [], \"title\": \"Frequency\", \"value\": \" 60Hz\", \"options\": \"50 Hz, 60Hz\", \"created_at\": \"2022-05-27T04:40:50.866200Z\", \"created_by\": null, \"unit_value\": \"\", \"updated_at\": \"2022-05-27T04:40:50.866233Z\", \"description\": null, \"is_optional\": false, \"classification\": 2}, \"is_optional\": \"False\"}, {\"id\": 115, \"attribute\": {\"id\": 18, \"type\": \"select\", \"unit\": [], \"title\": \"Phase\", \"value\": \"3\", \"options\": \"1,2,3\", \"created_at\": \"2022-05-27T04:40:50.868892Z\", \"created_by\": null, \"unit_value\": \"\", \"updated_at\": \"2022-05-27T04:40:50.868921Z\", \"description\": null, \"is_optional\": false, \"classification\": 2}, \"is_optional\": \"False\"}, {\"id\": 116, \"attribute\": {\"id\": 19, \"type\": \"select\", \"unit\": [], \"title\": \"Voltage\", \"value\": \"240\", \"options\": \"120,208,240,480\", \"created_at\": \"2022-05-27T04:40:50.870944Z\", \"created_by\": null, \"unit_value\": \"\", \"updated_at\": \"2022-05-27T05:06:30.117578Z\", \"description\": null, \"is_optional\": false, \"classification\": 2}, \"is_optional\": \"False\"}]}, {\"id\": 31, \"is_optional\": \"False\", \"classification\": {\"id\": 3, \"title\": \"Preference\", \"created_at\": \"2022-05-27T05:00:47.764698Z\", \"created_by\": null, \"updated_at\": \"2022-05-27T05:00:47.764746Z\", \"description\": \"\"}, \"partclassificationattribute_set\": [{\"id\": 117, \"attribute\": {\"id\": 20, \"type\": \"number\", \"unit\": [{\"id\": 13, \"title\": \"Week\", \"created_at\": \"2022-05-27T04:23:14.899157Z\", \"created_by\": null, \"updated_at\": \"2022-05-27T04:23:14.899227Z\", \"description\": \"\"}, {\"id\": 14, \"title\": \"Day\", \"created_at\": \"2022-05-27T04:23:21.410775Z\", \"created_by\": null, \"updated_at\": \"2022-05-27T04:23:21.410810Z\", \"description\": \"\"}], \"title\": \"Lead time to be less than\", \"value\": \"5\", \"options\": null, \"created_at\": \"2022-05-27T05:00:47.765744Z\", \"created_by\": null, \"unit_value\": 13, \"updated_at\": \"2022-05-27T05:00:47.765785Z\", \"description\": null, \"is_optional\": true, \"classification\": 3}, \"is_optional\": \"True\"}, {\"id\": 118, \"attribute\": {\"id\": 21, \"type\": \"number\", \"unit\": [{\"id\": 18, \"title\": \"USD\", \"created_at\": \"2022-05-27T04:28:43.387412Z\", \"created_by\": null, \"updated_at\": \"2022-05-27T04:28:43.387463Z\", \"description\": \"\"}, {\"id\": 19, \"title\": \"EUR\", \"created_at\": \"2022-05-27T04:29:10.653710Z\", \"created_by\": null, \"updated_at\": \"2022-05-27T04:29:10.653744Z\", \"description\": \"\"}, {\"id\": 20, \"title\": \"CNH\", \"created_at\": \"2022-05-27T04:29:17.096803Z\", \"created_by\": null, \"updated_at\": \"2022-05-27T04:29:17.096851Z\", \"description\": \"\"}, {\"id\": 21, \"title\": \"CNY\", \"created_at\": \"2022-05-27T04:30:47.418935Z\", \"created_by\": null, \"updated_at\": \"2022-05-27T04:30:47.418982Z\", \"description\": \"\"}, {\"id\": 22, \"title\": \"BTC\", \"created_at\": \"2022-05-27T04:30:52.577476Z\", \"created_by\": null, \"updated_at\": \"2022-05-27T04:30:52.577512Z\", \"description\": \"\"}], \"title\": \"Price to be less than\", \"value\": \"1200\", \"options\": null, \"created_at\": \"2022-05-27T05:00:47.769491Z\", \"created_by\": null, \"unit_value\": 19, \"updated_at\": \"2022-05-27T05:00:47.769535Z\", \"description\": null, \"is_optional\": true, \"classification\": 3}, \"is_optional\": \"True\"}]}]}',4,'quote',NULL,7,'','{\"email\": \"admin@admin.com\", \"phone\": \"+12658996312\", \"last_name\": \"Jackson\", \"first_name\": \"Cody\", \"companyName\": \"Turner Ecstatic\"}',NULL,0,0,NULL,NULL,0,'',NULL,'pending','submitted',NULL,NULL,'23654',NULL),(7,'2022-10-12 07:12:58.316757','2022-10-12 07:15:35.624472','245907270','{\"id\": 7, \"slug\": \"pump\", \"title\": \"Pump\", \"description\": \"NA\", \"partclassification_set\": [{\"id\": 29, \"is_optional\": \"False\", \"classification\": {\"id\": 1, \"title\": \"Mechanical Specification\", \"created_at\": \"2022-05-11T06:15:21.725312Z\", \"created_by\": null, \"updated_at\": \"2022-05-27T04:38:28.316932Z\", \"description\": \"\"}, \"partclassificationattribute_set\": [{\"id\": 107, \"attribute\": {\"id\": 7, \"type\": \"text\", \"unit\": [], \"title\": \"Application, e.g., industrial processes\", \"value\": \"Hydraulic pump\", \"options\": null, \"created_at\": \"2022-05-27T03:37:17.103745Z\", \"created_by\": null, \"unit_value\": \"\", \"updated_at\": \"2022-05-27T04:23:27.535651Z\", \"description\": null, \"is_optional\": false, \"classification\": 1}, \"is_optional\": \"False\"}, {\"id\": 108, \"attribute\": {\"id\": 8, \"type\": \"text\", \"unit\": [], \"title\": \"Fluid, e.g., 50% ethylene glycol-water\", \"value\": \"40%\", \"options\": null, \"created_at\": \"2022-05-27T03:37:17.106806Z\", \"created_by\": null, \"unit_value\": \"\", \"updated_at\": \"2022-05-27T03:37:17.106845Z\", \"description\": null, \"is_optional\": false, \"classification\": 1}, \"is_optional\": \"False\"}, {\"id\": 109, \"attribute\": {\"id\": 1, \"type\": \"number\", \"unit\": [{\"id\": 3, \"title\": \"US gpm\", \"created_at\": \"2022-05-11T06:12:47.549174Z\", \"created_by\": null, \"updated_at\": \"2022-05-11T06:12:47.549209Z\", \"description\": \"\"}, {\"id\": 4, \"title\": \"lpm\", \"created_at\": \"2022-05-11T06:15:07.786870Z\", \"created_by\": null, \"updated_at\": \"2022-05-11T06:15:07.786921Z\", \"description\": \"\"}], \"title\": \"Flow\", \"value\": \"150\", \"options\": null, \"created_at\": \"2022-05-11T06:15:21.726990Z\", \"created_by\": null, \"unit_value\": 3, \"updated_at\": \"2022-05-11T06:15:21.727040Z\", \"description\": null, \"is_optional\": false, \"classification\": 1}, \"is_optional\": \"False\"}, {\"id\": 110, \"attribute\": {\"id\": 2, \"type\": \"number\", \"unit\": [{\"id\": 5, \"title\": \"psi\", \"created_at\": \"2022-05-11T06:20:18.195552Z\", \"created_by\": null, \"updated_at\": \"2022-05-11T06:20:18.195591Z\", \"description\": \"\"}, {\"id\": 6, \"title\": \"ft\", \"created_at\": \"2022-05-11T06:20:33.482968Z\", \"created_by\": null, \"updated_at\": \"2022-05-11T06:20:33.483008Z\", \"description\": \"\"}], \"title\": \"Head\", \"value\": \"250\", \"options\": null, \"created_at\": \"2022-05-11T06:22:58.054217Z\", \"created_by\": null, \"unit_value\": 5, \"updated_at\": \"2022-05-11T06:22:58.054247Z\", \"description\": null, \"is_optional\": false, \"classification\": 1}, \"is_optional\": \"False\"}, {\"id\": 111, \"attribute\": {\"id\": 14, \"type\": \"number\", \"unit\": [{\"id\": 5, \"title\": \"psi\", \"created_at\": \"2022-05-11T06:20:18.195552Z\", \"created_by\": null, \"updated_at\": \"2022-05-11T06:20:18.195591Z\", \"description\": \"\"}, {\"id\": 6, \"title\": \"ft\", \"created_at\": \"2022-05-11T06:20:33.482968Z\", \"created_by\": null, \"updated_at\": \"2022-05-11T06:20:33.483008Z\", \"description\": \"\"}], \"title\": \"Min suction head\", \"value\": \"350\", \"options\": null, \"created_at\": \"2022-05-27T04:15:47.658835Z\", \"created_by\": null, \"unit_value\": 5, \"updated_at\": \"2022-05-27T04:23:27.543400Z\", \"description\": null, \"is_optional\": false, \"classification\": 1}, \"is_optional\": \"False\"}, {\"id\": 112, \"attribute\": {\"id\": 12, \"type\": \"number\", \"unit\": [{\"id\": 11, \"title\": \"F\", \"created_at\": \"2022-05-27T03:34:15.792951Z\", \"created_by\": null, \"updated_at\": \"2022-05-27T03:34:15.792986Z\", \"description\": \"Fahrenheit\"}, {\"id\": 12, \"title\": \"C\", \"created_at\": \"2022-05-27T03:35:30.829998Z\", \"created_by\": null, \"updated_at\": \"2022-05-27T03:35:30.830033Z\", \"description\": \"Centigrade\"}], \"title\": \"Max fluid temperature\", \"value\": \"450\", \"options\": null, \"created_at\": \"2022-05-27T03:37:17.121300Z\", \"created_by\": null, \"unit_value\": 11, \"updated_at\": \"2022-05-27T04:23:27.539845Z\", \"description\": null, \"is_optional\": true, \"classification\": 1}, \"is_optional\": \"True\"}, {\"id\": 113, \"attribute\": {\"id\": 13, \"type\": \"number\", \"unit\": [{\"id\": 11, \"title\": \"F\", \"created_at\": \"2022-05-27T03:34:15.792951Z\", \"created_by\": null, \"updated_at\": \"2022-05-27T03:34:15.792986Z\", \"description\": \"Fahrenheit\"}, {\"id\": 12, \"title\": \"C\", \"created_at\": \"2022-05-27T03:35:30.829998Z\", \"created_by\": null, \"updated_at\": \"2022-05-27T03:35:30.830033Z\", \"description\": \"Centigrade\"}], \"title\": \"Min fluid temperature\", \"value\": \"550\", \"options\": null, \"created_at\": \"2022-05-27T03:37:17.125943Z\", \"created_by\": null, \"unit_value\": 11, \"updated_at\": \"2022-05-27T04:23:27.541776Z\", \"description\": null, \"is_optional\": true, \"classification\": 1}, \"is_optional\": \"True\"}]}, {\"id\": 30, \"is_optional\": \"False\", \"classification\": {\"id\": 2, \"title\": \"Electrical Specification\", \"created_at\": \"2022-05-27T04:40:50.864425Z\", \"created_by\": null, \"updated_at\": \"2022-05-27T05:06:30.115779Z\", \"description\": \"\"}, \"partclassificationattribute_set\": [{\"id\": 114, \"attribute\": {\"id\": 17, \"type\": \"select\", \"unit\": [], \"title\": \"Frequency\", \"value\": \" 60Hz\", \"options\": \"50 Hz, 60Hz\", \"created_at\": \"2022-05-27T04:40:50.866200Z\", \"created_by\": null, \"unit_value\": \"\", \"updated_at\": \"2022-05-27T04:40:50.866233Z\", \"description\": null, \"is_optional\": false, \"classification\": 2}, \"is_optional\": \"False\"}, {\"id\": 115, \"attribute\": {\"id\": 18, \"type\": \"select\", \"unit\": [], \"title\": \"Phase\", \"value\": \"3\", \"options\": \"1,2,3\", \"created_at\": \"2022-05-27T04:40:50.868892Z\", \"created_by\": null, \"unit_value\": \"\", \"updated_at\": \"2022-05-27T04:40:50.868921Z\", \"description\": null, \"is_optional\": false, \"classification\": 2}, \"is_optional\": \"False\"}, {\"id\": 116, \"attribute\": {\"id\": 19, \"type\": \"select\", \"unit\": [], \"title\": \"Voltage\", \"value\": \"240\", \"options\": \"120,208,240,480\", \"created_at\": \"2022-05-27T04:40:50.870944Z\", \"created_by\": null, \"unit_value\": \"\", \"updated_at\": \"2022-05-27T05:06:30.117578Z\", \"description\": null, \"is_optional\": false, \"classification\": 2}, \"is_optional\": \"False\"}]}, {\"id\": 31, \"is_optional\": \"False\", \"classification\": {\"id\": 3, \"title\": \"Preference\", \"created_at\": \"2022-05-27T05:00:47.764698Z\", \"created_by\": null, \"updated_at\": \"2022-05-27T05:00:47.764746Z\", \"description\": \"\"}, \"partclassificationattribute_set\": [{\"id\": 117, \"attribute\": {\"id\": 20, \"type\": \"number\", \"unit\": [{\"id\": 13, \"title\": \"Week\", \"created_at\": \"2022-05-27T04:23:14.899157Z\", \"created_by\": null, \"updated_at\": \"2022-05-27T04:23:14.899227Z\", \"description\": \"\"}, {\"id\": 14, \"title\": \"Day\", \"created_at\": \"2022-05-27T04:23:21.410775Z\", \"created_by\": null, \"updated_at\": \"2022-05-27T04:23:21.410810Z\", \"description\": \"\"}], \"title\": \"Lead time to be less than\", \"value\": \"5\", \"options\": null, \"created_at\": \"2022-05-27T05:00:47.765744Z\", \"created_by\": null, \"unit_value\": 13, \"updated_at\": \"2022-05-27T05:00:47.765785Z\", \"description\": null, \"is_optional\": true, \"classification\": 3}, \"is_optional\": \"True\"}, {\"id\": 118, \"attribute\": {\"id\": 21, \"type\": \"number\", \"unit\": [{\"id\": 18, \"title\": \"USD\", \"created_at\": \"2022-05-27T04:28:43.387412Z\", \"created_by\": null, \"updated_at\": \"2022-05-27T04:28:43.387463Z\", \"description\": \"\"}, {\"id\": 19, \"title\": \"EUR\", \"created_at\": \"2022-05-27T04:29:10.653710Z\", \"created_by\": null, \"updated_at\": \"2022-05-27T04:29:10.653744Z\", \"description\": \"\"}, {\"id\": 20, \"title\": \"CNH\", \"created_at\": \"2022-05-27T04:29:17.096803Z\", \"created_by\": null, \"updated_at\": \"2022-05-27T04:29:17.096851Z\", \"description\": \"\"}, {\"id\": 21, \"title\": \"CNY\", \"created_at\": \"2022-05-27T04:30:47.418935Z\", \"created_by\": null, \"updated_at\": \"2022-05-27T04:30:47.418982Z\", \"description\": \"\"}, {\"id\": 22, \"title\": \"BTC\", \"created_at\": \"2022-05-27T04:30:52.577476Z\", \"created_by\": null, \"updated_at\": \"2022-05-27T04:30:52.577512Z\", \"description\": \"\"}], \"title\": \"Price to be less than\", \"value\": \"1200\", \"options\": null, \"created_at\": \"2022-05-27T05:00:47.769491Z\", \"created_by\": null, \"unit_value\": 18, \"updated_at\": \"2022-05-27T05:00:47.769535Z\", \"description\": null, \"is_optional\": true, \"classification\": 3}, \"is_optional\": \"True\"}]}]}',4,'quote',NULL,7,'','{\"email\": \"admin@admin.com\", \"phone\": \"+12658996312\", \"last_name\": \"Jackson\", \"first_name\": \"Cody\", \"companyName\": \"Turner Ecstatic\"}',NULL,1,0,NULL,NULL,0,'',NULL,'pending','submitted',NULL,NULL,'23654',NULL),(8,'2022-10-12 07:14:09.936890','2022-10-12 07:14:53.987666','676268503','{\"id\": 7, \"slug\": \"pump\", \"title\": \"Pump\", \"description\": \"NA\", \"partclassification_set\": [{\"id\": 29, \"is_optional\": \"False\", \"classification\": {\"id\": 1, \"title\": \"Mechanical Specification\", \"created_at\": \"2022-05-11T06:15:21.725312Z\", \"created_by\": null, \"updated_at\": \"2022-05-27T04:38:28.316932Z\", \"description\": \"\"}, \"partclassificationattribute_set\": [{\"id\": 107, \"attribute\": {\"id\": 7, \"type\": \"text\", \"unit\": [], \"title\": \"Application, e.g., industrial processes\", \"value\": \"Hydraulic pump\", \"options\": null, \"created_at\": \"2022-05-27T03:37:17.103745Z\", \"created_by\": null, \"unit_value\": \"\", \"updated_at\": \"2022-05-27T04:23:27.535651Z\", \"description\": null, \"is_optional\": false, \"classification\": 1}, \"is_optional\": \"False\"}, {\"id\": 108, \"attribute\": {\"id\": 8, \"type\": \"text\", \"unit\": [], \"title\": \"Fluid, e.g., 50% ethylene glycol-water\", \"value\": \"45%\", \"options\": null, \"created_at\": \"2022-05-27T03:37:17.106806Z\", \"created_by\": null, \"unit_value\": \"\", \"updated_at\": \"2022-05-27T03:37:17.106845Z\", \"description\": null, \"is_optional\": false, \"classification\": 1}, \"is_optional\": \"False\"}, {\"id\": 109, \"attribute\": {\"id\": 1, \"type\": \"number\", \"unit\": [{\"id\": 3, \"title\": \"US gpm\", \"created_at\": \"2022-05-11T06:12:47.549174Z\", \"created_by\": null, \"updated_at\": \"2022-05-11T06:12:47.549209Z\", \"description\": \"\"}, {\"id\": 4, \"title\": \"lpm\", \"created_at\": \"2022-05-11T06:15:07.786870Z\", \"created_by\": null, \"updated_at\": \"2022-05-11T06:15:07.786921Z\", \"description\": \"\"}], \"title\": \"Flow\", \"value\": \"155\", \"options\": null, \"created_at\": \"2022-05-11T06:15:21.726990Z\", \"created_by\": null, \"unit_value\": 3, \"updated_at\": \"2022-05-11T06:15:21.727040Z\", \"description\": null, \"is_optional\": false, \"classification\": 1}, \"is_optional\": \"False\"}, {\"id\": 110, \"attribute\": {\"id\": 2, \"type\": \"number\", \"unit\": [{\"id\": 5, \"title\": \"psi\", \"created_at\": \"2022-05-11T06:20:18.195552Z\", \"created_by\": null, \"updated_at\": \"2022-05-11T06:20:18.195591Z\", \"description\": \"\"}, {\"id\": 6, \"title\": \"ft\", \"created_at\": \"2022-05-11T06:20:33.482968Z\", \"created_by\": null, \"updated_at\": \"2022-05-11T06:20:33.483008Z\", \"description\": \"\"}], \"title\": \"Head\", \"value\": \"255\", \"options\": null, \"created_at\": \"2022-05-11T06:22:58.054217Z\", \"created_by\": null, \"unit_value\": 5, \"updated_at\": \"2022-05-11T06:22:58.054247Z\", \"description\": null, \"is_optional\": false, \"classification\": 1}, \"is_optional\": \"False\"}, {\"id\": 111, \"attribute\": {\"id\": 14, \"type\": \"number\", \"unit\": [{\"id\": 5, \"title\": \"psi\", \"created_at\": \"2022-05-11T06:20:18.195552Z\", \"created_by\": null, \"updated_at\": \"2022-05-11T06:20:18.195591Z\", \"description\": \"\"}, {\"id\": 6, \"title\": \"ft\", \"created_at\": \"2022-05-11T06:20:33.482968Z\", \"created_by\": null, \"updated_at\": \"2022-05-11T06:20:33.483008Z\", \"description\": \"\"}], \"title\": \"Min suction head\", \"value\": \"355\", \"options\": null, \"created_at\": \"2022-05-27T04:15:47.658835Z\", \"created_by\": null, \"unit_value\": 5, \"updated_at\": \"2022-05-27T04:23:27.543400Z\", \"description\": null, \"is_optional\": false, \"classification\": 1}, \"is_optional\": \"False\"}, {\"id\": 112, \"attribute\": {\"id\": 12, \"type\": \"number\", \"unit\": [{\"id\": 11, \"title\": \"F\", \"created_at\": \"2022-05-27T03:34:15.792951Z\", \"created_by\": null, \"updated_at\": \"2022-05-27T03:34:15.792986Z\", \"description\": \"Fahrenheit\"}, {\"id\": 12, \"title\": \"C\", \"created_at\": \"2022-05-27T03:35:30.829998Z\", \"created_by\": null, \"updated_at\": \"2022-05-27T03:35:30.830033Z\", \"description\": \"Centigrade\"}], \"title\": \"Max fluid temperature\", \"value\": \"455\", \"options\": null, \"created_at\": \"2022-05-27T03:37:17.121300Z\", \"created_by\": null, \"unit_value\": 11, \"updated_at\": \"2022-05-27T04:23:27.539845Z\", \"description\": null, \"is_optional\": true, \"classification\": 1}, \"is_optional\": \"True\"}, {\"id\": 113, \"attribute\": {\"id\": 13, \"type\": \"number\", \"unit\": [{\"id\": 11, \"title\": \"F\", \"created_at\": \"2022-05-27T03:34:15.792951Z\", \"created_by\": null, \"updated_at\": \"2022-05-27T03:34:15.792986Z\", \"description\": \"Fahrenheit\"}, {\"id\": 12, \"title\": \"C\", \"created_at\": \"2022-05-27T03:35:30.829998Z\", \"created_by\": null, \"updated_at\": \"2022-05-27T03:35:30.830033Z\", \"description\": \"Centigrade\"}], \"title\": \"Min fluid temperature\", \"value\": \"555\", \"options\": null, \"created_at\": \"2022-05-27T03:37:17.125943Z\", \"created_by\": null, \"unit_value\": 11, \"updated_at\": \"2022-05-27T04:23:27.541776Z\", \"description\": null, \"is_optional\": true, \"classification\": 1}, \"is_optional\": \"True\"}]}, {\"id\": 30, \"is_optional\": \"False\", \"classification\": {\"id\": 2, \"title\": \"Electrical Specification\", \"created_at\": \"2022-05-27T04:40:50.864425Z\", \"created_by\": null, \"updated_at\": \"2022-05-27T05:06:30.115779Z\", \"description\": \"\"}, \"partclassificationattribute_set\": [{\"id\": 114, \"attribute\": {\"id\": 17, \"type\": \"select\", \"unit\": [], \"title\": \"Frequency\", \"value\": \"50 Hz\", \"options\": \"50 Hz, 60Hz\", \"created_at\": \"2022-05-27T04:40:50.866200Z\", \"created_by\": null, \"unit_value\": \"\", \"updated_at\": \"2022-05-27T04:40:50.866233Z\", \"description\": null, \"is_optional\": false, \"classification\": 2}, \"is_optional\": \"False\"}, {\"id\": 115, \"attribute\": {\"id\": 18, \"type\": \"select\", \"unit\": [], \"title\": \"Phase\", \"value\": \"2\", \"options\": \"1,2,3\", \"created_at\": \"2022-05-27T04:40:50.868892Z\", \"created_by\": null, \"unit_value\": \"\", \"updated_at\": \"2022-05-27T04:40:50.868921Z\", \"description\": null, \"is_optional\": false, \"classification\": 2}, \"is_optional\": \"False\"}, {\"id\": 116, \"attribute\": {\"id\": 19, \"type\": \"select\", \"unit\": [], \"title\": \"Voltage\", \"value\": \"480\", \"options\": \"120,208,240,480\", \"created_at\": \"2022-05-27T04:40:50.870944Z\", \"created_by\": null, \"unit_value\": \"\", \"updated_at\": \"2022-05-27T05:06:30.117578Z\", \"description\": null, \"is_optional\": false, \"classification\": 2}, \"is_optional\": \"False\"}]}, {\"id\": 31, \"is_optional\": \"False\", \"classification\": {\"id\": 3, \"title\": \"Preference\", \"created_at\": \"2022-05-27T05:00:47.764698Z\", \"created_by\": null, \"updated_at\": \"2022-05-27T05:00:47.764746Z\", \"description\": \"\"}, \"partclassificationattribute_set\": [{\"id\": 117, \"attribute\": {\"id\": 20, \"type\": \"number\", \"unit\": [{\"id\": 13, \"title\": \"Week\", \"created_at\": \"2022-05-27T04:23:14.899157Z\", \"created_by\": null, \"updated_at\": \"2022-05-27T04:23:14.899227Z\", \"description\": \"\"}, {\"id\": 14, \"title\": \"Day\", \"created_at\": \"2022-05-27T04:23:21.410775Z\", \"created_by\": null, \"updated_at\": \"2022-05-27T04:23:21.410810Z\", \"description\": \"\"}], \"title\": \"Lead time to be less than\", \"value\": \"6\", \"options\": null, \"created_at\": \"2022-05-27T05:00:47.765744Z\", \"created_by\": null, \"unit_value\": 13, \"updated_at\": \"2022-05-27T05:00:47.765785Z\", \"description\": null, \"is_optional\": true, \"classification\": 3}, \"is_optional\": \"True\"}, {\"id\": 118, \"attribute\": {\"id\": 21, \"type\": \"number\", \"unit\": [{\"id\": 18, \"title\": \"USD\", \"created_at\": \"2022-05-27T04:28:43.387412Z\", \"created_by\": null, \"updated_at\": \"2022-05-27T04:28:43.387463Z\", \"description\": \"\"}, {\"id\": 19, \"title\": \"EUR\", \"created_at\": \"2022-05-27T04:29:10.653710Z\", \"created_by\": null, \"updated_at\": \"2022-05-27T04:29:10.653744Z\", \"description\": \"\"}, {\"id\": 20, \"title\": \"CNH\", \"created_at\": \"2022-05-27T04:29:17.096803Z\", \"created_by\": null, \"updated_at\": \"2022-05-27T04:29:17.096851Z\", \"description\": \"\"}, {\"id\": 21, \"title\": \"CNY\", \"created_at\": \"2022-05-27T04:30:47.418935Z\", \"created_by\": null, \"updated_at\": \"2022-05-27T04:30:47.418982Z\", \"description\": \"\"}, {\"id\": 22, \"title\": \"BTC\", \"created_at\": \"2022-05-27T04:30:52.577476Z\", \"created_by\": null, \"updated_at\": \"2022-05-27T04:30:52.577512Z\", \"description\": \"\"}], \"title\": \"Price to be less than\", \"value\": \"1500\", \"options\": null, \"created_at\": \"2022-05-27T05:00:47.769491Z\", \"created_by\": null, \"unit_value\": 18, \"updated_at\": \"2022-05-27T05:00:47.769535Z\", \"description\": null, \"is_optional\": true, \"classification\": 3}, \"is_optional\": \"True\"}]}]}',6,'query',NULL,7,'This is the one','{\"email\": \"admin@admin.com\", \"phone\": \"+12658996312\", \"last_name\": \"Jackson\", \"first_name\": \"Cody\", \"companyName\": \"Turner Ecstatic\"}',NULL,0,0,NULL,NULL,0,'',NULL,'cancelled','cancelled','cancelled','cancelled','25854',NULL),(9,'2022-10-12 09:08:20.632655','2022-10-12 09:08:20.632719','239455239','{\"id\": 7, \"slug\": \"pump\", \"title\": \"Pump\", \"description\": \"NA\", \"partclassification_set\": [{\"id\": 29, \"is_optional\": \"False\", \"classification\": {\"id\": 1, \"title\": \"Mechanical Specification\", \"created_at\": \"2022-05-11T06:15:21.725312Z\", \"created_by\": null, \"updated_at\": \"2022-05-27T04:38:28.316932Z\", \"description\": \"\"}, \"partclassificationattribute_set\": [{\"id\": 107, \"attribute\": {\"id\": 7, \"type\": \"text\", \"unit\": [], \"title\": \"Application, e.g., industrial processes\", \"value\": \"Rotary lobe pump\", \"options\": null, \"created_at\": \"2022-05-27T03:37:17.103745Z\", \"created_by\": null, \"unit_value\": \"\", \"updated_at\": \"2022-05-27T04:23:27.535651Z\", \"description\": null, \"is_optional\": false, \"classification\": 1}, \"is_optional\": \"False\"}, {\"id\": 108, \"attribute\": {\"id\": 8, \"type\": \"text\", \"unit\": [], \"title\": \"Fluid, e.g., 50% ethylene glycol-water\", \"value\": \"abcd\", \"options\": null, \"created_at\": \"2022-05-27T03:37:17.106806Z\", \"created_by\": null, \"unit_value\": \"\", \"updated_at\": \"2022-05-27T03:37:17.106845Z\", \"description\": null, \"is_optional\": false, \"classification\": 1}, \"is_optional\": \"False\"}, {\"id\": 109, \"attribute\": {\"id\": 1, \"type\": \"number\", \"unit\": [{\"id\": 3, \"title\": \"US gpm\", \"created_at\": \"2022-05-11T06:12:47.549174Z\", \"created_by\": null, \"updated_at\": \"2022-05-11T06:12:47.549209Z\", \"description\": \"\"}, {\"id\": 4, \"title\": \"lpm\", \"created_at\": \"2022-05-11T06:15:07.786870Z\", \"created_by\": null, \"updated_at\": \"2022-05-11T06:15:07.786921Z\", \"description\": \"\"}], \"title\": \"Flow\", \"value\": \"20\", \"options\": null, \"created_at\": \"2022-05-11T06:15:21.726990Z\", \"created_by\": null, \"unit_value\": 3, \"updated_at\": \"2022-05-11T06:15:21.727040Z\", \"description\": null, \"is_optional\": false, \"classification\": 1}, \"is_optional\": \"False\"}, {\"id\": 110, \"attribute\": {\"id\": 2, \"type\": \"number\", \"unit\": [{\"id\": 5, \"title\": \"psi\", \"created_at\": \"2022-05-11T06:20:18.195552Z\", \"created_by\": null, \"updated_at\": \"2022-05-11T06:20:18.195591Z\", \"description\": \"\"}, {\"id\": 6, \"title\": \"ft\", \"created_at\": \"2022-05-11T06:20:33.482968Z\", \"created_by\": null, \"updated_at\": \"2022-05-11T06:20:33.483008Z\", \"description\": \"\"}], \"title\": \"Head\", \"value\": \"40\", \"options\": null, \"created_at\": \"2022-05-11T06:22:58.054217Z\", \"created_by\": null, \"unit_value\": 5, \"updated_at\": \"2022-05-11T06:22:58.054247Z\", \"description\": null, \"is_optional\": false, \"classification\": 1}, \"is_optional\": \"False\"}, {\"id\": 111, \"attribute\": {\"id\": 14, \"type\": \"number\", \"unit\": [{\"id\": 5, \"title\": \"psi\", \"created_at\": \"2022-05-11T06:20:18.195552Z\", \"created_by\": null, \"updated_at\": \"2022-05-11T06:20:18.195591Z\", \"description\": \"\"}, {\"id\": 6, \"title\": \"ft\", \"created_at\": \"2022-05-11T06:20:33.482968Z\", \"created_by\": null, \"updated_at\": \"2022-05-11T06:20:33.483008Z\", \"description\": \"\"}], \"title\": \"Min suction head\", \"value\": \"50\", \"options\": null, \"created_at\": \"2022-05-27T04:15:47.658835Z\", \"created_by\": null, \"unit_value\": 5, \"updated_at\": \"2022-05-27T04:23:27.543400Z\", \"description\": null, \"is_optional\": false, \"classification\": 1}, \"is_optional\": \"False\"}, {\"id\": 112, \"attribute\": {\"id\": 12, \"type\": \"number\", \"unit\": [{\"id\": 11, \"title\": \"F\", \"created_at\": \"2022-05-27T03:34:15.792951Z\", \"created_by\": null, \"updated_at\": \"2022-05-27T03:34:15.792986Z\", \"description\": \"Fahrenheit\"}, {\"id\": 12, \"title\": \"C\", \"created_at\": \"2022-05-27T03:35:30.829998Z\", \"created_by\": null, \"updated_at\": \"2022-05-27T03:35:30.830033Z\", \"description\": \"Centigrade\"}], \"title\": \"Max fluid temperature\", \"value\": \"60\", \"options\": null, \"created_at\": \"2022-05-27T03:37:17.121300Z\", \"created_by\": null, \"unit_value\": 11, \"updated_at\": \"2022-05-27T04:23:27.539845Z\", \"description\": null, \"is_optional\": true, \"classification\": 1}, \"is_optional\": \"True\"}, {\"id\": 113, \"attribute\": {\"id\": 13, \"type\": \"number\", \"unit\": [{\"id\": 11, \"title\": \"F\", \"created_at\": \"2022-05-27T03:34:15.792951Z\", \"created_by\": null, \"updated_at\": \"2022-05-27T03:34:15.792986Z\", \"description\": \"Fahrenheit\"}, {\"id\": 12, \"title\": \"C\", \"created_at\": \"2022-05-27T03:35:30.829998Z\", \"created_by\": null, \"updated_at\": \"2022-05-27T03:35:30.830033Z\", \"description\": \"Centigrade\"}], \"title\": \"Min fluid temperature\", \"value\": \"70\", \"options\": null, \"created_at\": \"2022-05-27T03:37:17.125943Z\", \"created_by\": null, \"unit_value\": 11, \"updated_at\": \"2022-05-27T04:23:27.541776Z\", \"description\": null, \"is_optional\": true, \"classification\": 1}, \"is_optional\": \"True\"}]}, {\"id\": 30, \"is_optional\": \"False\", \"classification\": {\"id\": 2, \"title\": \"Electrical Specification\", \"created_at\": \"2022-05-27T04:40:50.864425Z\", \"created_by\": null, \"updated_at\": \"2022-05-27T05:06:30.115779Z\", \"description\": \"\"}, \"partclassificationattribute_set\": [{\"id\": 114, \"attribute\": {\"id\": 17, \"type\": \"select\", \"unit\": [], \"title\": \"Frequency\", \"value\": \" 60Hz\", \"options\": \"50 Hz, 60Hz\", \"created_at\": \"2022-05-27T04:40:50.866200Z\", \"created_by\": null, \"unit_value\": \"\", \"updated_at\": \"2022-05-27T04:40:50.866233Z\", \"description\": null, \"is_optional\": false, \"classification\": 2}, \"is_optional\": \"False\"}, {\"id\": 115, \"attribute\": {\"id\": 18, \"type\": \"select\", \"unit\": [], \"title\": \"Phase\", \"value\": \"1\", \"options\": \"1,2,3\", \"created_at\": \"2022-05-27T04:40:50.868892Z\", \"created_by\": null, \"unit_value\": \"\", \"updated_at\": \"2022-05-27T04:40:50.868921Z\", \"description\": null, \"is_optional\": false, \"classification\": 2}, \"is_optional\": \"False\"}, {\"id\": 116, \"attribute\": {\"id\": 19, \"type\": \"select\", \"unit\": [], \"title\": \"Voltage\", \"value\": \"120\", \"options\": \"120,208,240,480\", \"created_at\": \"2022-05-27T04:40:50.870944Z\", \"created_by\": null, \"unit_value\": \"\", \"updated_at\": \"2022-05-27T05:06:30.117578Z\", \"description\": null, \"is_optional\": false, \"classification\": 2}, \"is_optional\": \"False\"}]}, {\"id\": 31, \"is_optional\": \"False\", \"classification\": {\"id\": 3, \"title\": \"Preference\", \"created_at\": \"2022-05-27T05:00:47.764698Z\", \"created_by\": null, \"updated_at\": \"2022-05-27T05:00:47.764746Z\", \"description\": \"\"}, \"partclassificationattribute_set\": [{\"id\": 117, \"attribute\": {\"id\": 20, \"type\": \"number\", \"unit\": [{\"id\": 13, \"title\": \"Week\", \"created_at\": \"2022-05-27T04:23:14.899157Z\", \"created_by\": null, \"updated_at\": \"2022-05-27T04:23:14.899227Z\", \"description\": \"\"}, {\"id\": 14, \"title\": \"Day\", \"created_at\": \"2022-05-27T04:23:21.410775Z\", \"created_by\": null, \"updated_at\": \"2022-05-27T04:23:21.410810Z\", \"description\": \"\"}], \"title\": \"Lead time to be less than\", \"value\": \"\", \"options\": null, \"created_at\": \"2022-05-27T05:00:47.765744Z\", \"created_by\": null, \"unit_value\": 13, \"updated_at\": \"2022-05-27T05:00:47.765785Z\", \"description\": null, \"is_optional\": true, \"classification\": 3}, \"is_optional\": \"True\"}, {\"id\": 118, \"attribute\": {\"id\": 21, \"type\": \"number\", \"unit\": [{\"id\": 18, \"title\": \"USD\", \"created_at\": \"2022-05-27T04:28:43.387412Z\", \"created_by\": null, \"updated_at\": \"2022-05-27T04:28:43.387463Z\", \"description\": \"\"}, {\"id\": 19, \"title\": \"EUR\", \"created_at\": \"2022-05-27T04:29:10.653710Z\", \"created_by\": null, \"updated_at\": \"2022-05-27T04:29:10.653744Z\", \"description\": \"\"}, {\"id\": 20, \"title\": \"CNH\", \"created_at\": \"2022-05-27T04:29:17.096803Z\", \"created_by\": null, \"updated_at\": \"2022-05-27T04:29:17.096851Z\", \"description\": \"\"}, {\"id\": 21, \"title\": \"CNY\", \"created_at\": \"2022-05-27T04:30:47.418935Z\", \"created_by\": null, \"updated_at\": \"2022-05-27T04:30:47.418982Z\", \"description\": \"\"}, {\"id\": 22, \"title\": \"BTC\", \"created_at\": \"2022-05-27T04:30:52.577476Z\", \"created_by\": null, \"updated_at\": \"2022-05-27T04:30:52.577512Z\", \"description\": \"\"}], \"title\": \"Price to be less than\", \"value\": \"\", \"options\": null, \"created_at\": \"2022-05-27T05:00:47.769491Z\", \"created_by\": null, \"unit_value\": 18, \"updated_at\": \"2022-05-27T05:00:47.769535Z\", \"description\": null, \"is_optional\": true, \"classification\": 3}, \"is_optional\": \"True\"}]}]}',2,'quote',NULL,7,'','{\"email\": \"admin@admin.com\", \"phone\": \"+12658996312\", \"last_name\": \"Jackson\", \"first_name\": \"Cody\", \"companyName\": \"Turner Ecstatic\"}',NULL,0,0,NULL,NULL,0,'',NULL,'pending','submitted',NULL,NULL,'56565',NULL),(10,'2022-10-12 09:08:20.912721','2022-10-12 09:08:20.912800','432631870','{\"id\": 7, \"slug\": \"pump\", \"title\": \"Pump\", \"description\": \"NA\", \"partclassification_set\": [{\"id\": 29, \"is_optional\": \"False\", \"classification\": {\"id\": 1, \"title\": \"Mechanical Specification\", \"created_at\": \"2022-05-11T06:15:21.725312Z\", \"created_by\": null, \"updated_at\": \"2022-05-27T04:38:28.316932Z\", \"description\": \"\"}, \"partclassificationattribute_set\": [{\"id\": 107, \"attribute\": {\"id\": 7, \"type\": \"text\", \"unit\": [], \"title\": \"Application, e.g., industrial processes\", \"value\": \"Rotary lobe pump\", \"options\": null, \"created_at\": \"2022-05-27T03:37:17.103745Z\", \"created_by\": null, \"unit_value\": \"\", \"updated_at\": \"2022-05-27T04:23:27.535651Z\", \"description\": null, \"is_optional\": false, \"classification\": 1}, \"is_optional\": \"False\"}, {\"id\": 108, \"attribute\": {\"id\": 8, \"type\": \"text\", \"unit\": [], \"title\": \"Fluid, e.g., 50% ethylene glycol-water\", \"value\": \"abcd\", \"options\": null, \"created_at\": \"2022-05-27T03:37:17.106806Z\", \"created_by\": null, \"unit_value\": \"\", \"updated_at\": \"2022-05-27T03:37:17.106845Z\", \"description\": null, \"is_optional\": false, \"classification\": 1}, \"is_optional\": \"False\"}, {\"id\": 109, \"attribute\": {\"id\": 1, \"type\": \"number\", \"unit\": [{\"id\": 3, \"title\": \"US gpm\", \"created_at\": \"2022-05-11T06:12:47.549174Z\", \"created_by\": null, \"updated_at\": \"2022-05-11T06:12:47.549209Z\", \"description\": \"\"}, {\"id\": 4, \"title\": \"lpm\", \"created_at\": \"2022-05-11T06:15:07.786870Z\", \"created_by\": null, \"updated_at\": \"2022-05-11T06:15:07.786921Z\", \"description\": \"\"}], \"title\": \"Flow\", \"value\": \"20\", \"options\": null, \"created_at\": \"2022-05-11T06:15:21.726990Z\", \"created_by\": null, \"unit_value\": 3, \"updated_at\": \"2022-05-11T06:15:21.727040Z\", \"description\": null, \"is_optional\": false, \"classification\": 1}, \"is_optional\": \"False\"}, {\"id\": 110, \"attribute\": {\"id\": 2, \"type\": \"number\", \"unit\": [{\"id\": 5, \"title\": \"psi\", \"created_at\": \"2022-05-11T06:20:18.195552Z\", \"created_by\": null, \"updated_at\": \"2022-05-11T06:20:18.195591Z\", \"description\": \"\"}, {\"id\": 6, \"title\": \"ft\", \"created_at\": \"2022-05-11T06:20:33.482968Z\", \"created_by\": null, \"updated_at\": \"2022-05-11T06:20:33.483008Z\", \"description\": \"\"}], \"title\": \"Head\", \"value\": \"40\", \"options\": null, \"created_at\": \"2022-05-11T06:22:58.054217Z\", \"created_by\": null, \"unit_value\": 5, \"updated_at\": \"2022-05-11T06:22:58.054247Z\", \"description\": null, \"is_optional\": false, \"classification\": 1}, \"is_optional\": \"False\"}, {\"id\": 111, \"attribute\": {\"id\": 14, \"type\": \"number\", \"unit\": [{\"id\": 5, \"title\": \"psi\", \"created_at\": \"2022-05-11T06:20:18.195552Z\", \"created_by\": null, \"updated_at\": \"2022-05-11T06:20:18.195591Z\", \"description\": \"\"}, {\"id\": 6, \"title\": \"ft\", \"created_at\": \"2022-05-11T06:20:33.482968Z\", \"created_by\": null, \"updated_at\": \"2022-05-11T06:20:33.483008Z\", \"description\": \"\"}], \"title\": \"Min suction head\", \"value\": \"50\", \"options\": null, \"created_at\": \"2022-05-27T04:15:47.658835Z\", \"created_by\": null, \"unit_value\": 5, \"updated_at\": \"2022-05-27T04:23:27.543400Z\", \"description\": null, \"is_optional\": false, \"classification\": 1}, \"is_optional\": \"False\"}, {\"id\": 112, \"attribute\": {\"id\": 12, \"type\": \"number\", \"unit\": [{\"id\": 11, \"title\": \"F\", \"created_at\": \"2022-05-27T03:34:15.792951Z\", \"created_by\": null, \"updated_at\": \"2022-05-27T03:34:15.792986Z\", \"description\": \"Fahrenheit\"}, {\"id\": 12, \"title\": \"C\", \"created_at\": \"2022-05-27T03:35:30.829998Z\", \"created_by\": null, \"updated_at\": \"2022-05-27T03:35:30.830033Z\", \"description\": \"Centigrade\"}], \"title\": \"Max fluid temperature\", \"value\": \"60\", \"options\": null, \"created_at\": \"2022-05-27T03:37:17.121300Z\", \"created_by\": null, \"unit_value\": 11, \"updated_at\": \"2022-05-27T04:23:27.539845Z\", \"description\": null, \"is_optional\": true, \"classification\": 1}, \"is_optional\": \"True\"}, {\"id\": 113, \"attribute\": {\"id\": 13, \"type\": \"number\", \"unit\": [{\"id\": 11, \"title\": \"F\", \"created_at\": \"2022-05-27T03:34:15.792951Z\", \"created_by\": null, \"updated_at\": \"2022-05-27T03:34:15.792986Z\", \"description\": \"Fahrenheit\"}, {\"id\": 12, \"title\": \"C\", \"created_at\": \"2022-05-27T03:35:30.829998Z\", \"created_by\": null, \"updated_at\": \"2022-05-27T03:35:30.830033Z\", \"description\": \"Centigrade\"}], \"title\": \"Min fluid temperature\", \"value\": \"70\", \"options\": null, \"created_at\": \"2022-05-27T03:37:17.125943Z\", \"created_by\": null, \"unit_value\": 11, \"updated_at\": \"2022-05-27T04:23:27.541776Z\", \"description\": null, \"is_optional\": true, \"classification\": 1}, \"is_optional\": \"True\"}]}, {\"id\": 30, \"is_optional\": \"False\", \"classification\": {\"id\": 2, \"title\": \"Electrical Specification\", \"created_at\": \"2022-05-27T04:40:50.864425Z\", \"created_by\": null, \"updated_at\": \"2022-05-27T05:06:30.115779Z\", \"description\": \"\"}, \"partclassificationattribute_set\": [{\"id\": 114, \"attribute\": {\"id\": 17, \"type\": \"select\", \"unit\": [], \"title\": \"Frequency\", \"value\": \" 60Hz\", \"options\": \"50 Hz, 60Hz\", \"created_at\": \"2022-05-27T04:40:50.866200Z\", \"created_by\": null, \"unit_value\": \"\", \"updated_at\": \"2022-05-27T04:40:50.866233Z\", \"description\": null, \"is_optional\": false, \"classification\": 2}, \"is_optional\": \"False\"}, {\"id\": 115, \"attribute\": {\"id\": 18, \"type\": \"select\", \"unit\": [], \"title\": \"Phase\", \"value\": \"1\", \"options\": \"1,2,3\", \"created_at\": \"2022-05-27T04:40:50.868892Z\", \"created_by\": null, \"unit_value\": \"\", \"updated_at\": \"2022-05-27T04:40:50.868921Z\", \"description\": null, \"is_optional\": false, \"classification\": 2}, \"is_optional\": \"False\"}, {\"id\": 116, \"attribute\": {\"id\": 19, \"type\": \"select\", \"unit\": [], \"title\": \"Voltage\", \"value\": \"120\", \"options\": \"120,208,240,480\", \"created_at\": \"2022-05-27T04:40:50.870944Z\", \"created_by\": null, \"unit_value\": \"\", \"updated_at\": \"2022-05-27T05:06:30.117578Z\", \"description\": null, \"is_optional\": false, \"classification\": 2}, \"is_optional\": \"False\"}]}, {\"id\": 31, \"is_optional\": \"False\", \"classification\": {\"id\": 3, \"title\": \"Preference\", \"created_at\": \"2022-05-27T05:00:47.764698Z\", \"created_by\": null, \"updated_at\": \"2022-05-27T05:00:47.764746Z\", \"description\": \"\"}, \"partclassificationattribute_set\": [{\"id\": 117, \"attribute\": {\"id\": 20, \"type\": \"number\", \"unit\": [{\"id\": 13, \"title\": \"Week\", \"created_at\": \"2022-05-27T04:23:14.899157Z\", \"created_by\": null, \"updated_at\": \"2022-05-27T04:23:14.899227Z\", \"description\": \"\"}, {\"id\": 14, \"title\": \"Day\", \"created_at\": \"2022-05-27T04:23:21.410775Z\", \"created_by\": null, \"updated_at\": \"2022-05-27T04:23:21.410810Z\", \"description\": \"\"}], \"title\": \"Lead time to be less than\", \"value\": \"\", \"options\": null, \"created_at\": \"2022-05-27T05:00:47.765744Z\", \"created_by\": null, \"unit_value\": 13, \"updated_at\": \"2022-05-27T05:00:47.765785Z\", \"description\": null, \"is_optional\": true, \"classification\": 3}, \"is_optional\": \"True\"}, {\"id\": 118, \"attribute\": {\"id\": 21, \"type\": \"number\", \"unit\": [{\"id\": 18, \"title\": \"USD\", \"created_at\": \"2022-05-27T04:28:43.387412Z\", \"created_by\": null, \"updated_at\": \"2022-05-27T04:28:43.387463Z\", \"description\": \"\"}, {\"id\": 19, \"title\": \"EUR\", \"created_at\": \"2022-05-27T04:29:10.653710Z\", \"created_by\": null, \"updated_at\": \"2022-05-27T04:29:10.653744Z\", \"description\": \"\"}, {\"id\": 20, \"title\": \"CNH\", \"created_at\": \"2022-05-27T04:29:17.096803Z\", \"created_by\": null, \"updated_at\": \"2022-05-27T04:29:17.096851Z\", \"description\": \"\"}, {\"id\": 21, \"title\": \"CNY\", \"created_at\": \"2022-05-27T04:30:47.418935Z\", \"created_by\": null, \"updated_at\": \"2022-05-27T04:30:47.418982Z\", \"description\": \"\"}, {\"id\": 22, \"title\": \"BTC\", \"created_at\": \"2022-05-27T04:30:52.577476Z\", \"created_by\": null, \"updated_at\": \"2022-05-27T04:30:52.577512Z\", \"description\": \"\"}], \"title\": \"Price to be less than\", \"value\": \"\", \"options\": null, \"created_at\": \"2022-05-27T05:00:47.769491Z\", \"created_by\": null, \"unit_value\": 18, \"updated_at\": \"2022-05-27T05:00:47.769535Z\", \"description\": null, \"is_optional\": true, \"classification\": 3}, \"is_optional\": \"True\"}]}]}',2,'quote',NULL,7,'','{\"email\": \"admin@admin.com\", \"phone\": \"+12658996312\", \"last_name\": \"Jackson\", \"first_name\": \"Cody\", \"companyName\": \"Turner Ecstatic\"}',NULL,0,0,NULL,NULL,0,'',NULL,'pending','submitted',NULL,NULL,'56565',NULL),(11,'2022-10-12 09:08:21.133866','2022-10-12 09:08:21.133959','355347569','{\"id\": 7, \"slug\": \"pump\", \"title\": \"Pump\", \"description\": \"NA\", \"partclassification_set\": [{\"id\": 29, \"is_optional\": \"False\", \"classification\": {\"id\": 1, \"title\": \"Mechanical Specification\", \"created_at\": \"2022-05-11T06:15:21.725312Z\", \"created_by\": null, \"updated_at\": \"2022-05-27T04:38:28.316932Z\", \"description\": \"\"}, \"partclassificationattribute_set\": [{\"id\": 107, \"attribute\": {\"id\": 7, \"type\": \"text\", \"unit\": [], \"title\": \"Application, e.g., industrial processes\", \"value\": \"Rotary lobe pump\", \"options\": null, \"created_at\": \"2022-05-27T03:37:17.103745Z\", \"created_by\": null, \"unit_value\": \"\", \"updated_at\": \"2022-05-27T04:23:27.535651Z\", \"description\": null, \"is_optional\": false, \"classification\": 1}, \"is_optional\": \"False\"}, {\"id\": 108, \"attribute\": {\"id\": 8, \"type\": \"text\", \"unit\": [], \"title\": \"Fluid, e.g., 50% ethylene glycol-water\", \"value\": \"abcd\", \"options\": null, \"created_at\": \"2022-05-27T03:37:17.106806Z\", \"created_by\": null, \"unit_value\": \"\", \"updated_at\": \"2022-05-27T03:37:17.106845Z\", \"description\": null, \"is_optional\": false, \"classification\": 1}, \"is_optional\": \"False\"}, {\"id\": 109, \"attribute\": {\"id\": 1, \"type\": \"number\", \"unit\": [{\"id\": 3, \"title\": \"US gpm\", \"created_at\": \"2022-05-11T06:12:47.549174Z\", \"created_by\": null, \"updated_at\": \"2022-05-11T06:12:47.549209Z\", \"description\": \"\"}, {\"id\": 4, \"title\": \"lpm\", \"created_at\": \"2022-05-11T06:15:07.786870Z\", \"created_by\": null, \"updated_at\": \"2022-05-11T06:15:07.786921Z\", \"description\": \"\"}], \"title\": \"Flow\", \"value\": \"20\", \"options\": null, \"created_at\": \"2022-05-11T06:15:21.726990Z\", \"created_by\": null, \"unit_value\": 3, \"updated_at\": \"2022-05-11T06:15:21.727040Z\", \"description\": null, \"is_optional\": false, \"classification\": 1}, \"is_optional\": \"False\"}, {\"id\": 110, \"attribute\": {\"id\": 2, \"type\": \"number\", \"unit\": [{\"id\": 5, \"title\": \"psi\", \"created_at\": \"2022-05-11T06:20:18.195552Z\", \"created_by\": null, \"updated_at\": \"2022-05-11T06:20:18.195591Z\", \"description\": \"\"}, {\"id\": 6, \"title\": \"ft\", \"created_at\": \"2022-05-11T06:20:33.482968Z\", \"created_by\": null, \"updated_at\": \"2022-05-11T06:20:33.483008Z\", \"description\": \"\"}], \"title\": \"Head\", \"value\": \"40\", \"options\": null, \"created_at\": \"2022-05-11T06:22:58.054217Z\", \"created_by\": null, \"unit_value\": 5, \"updated_at\": \"2022-05-11T06:22:58.054247Z\", \"description\": null, \"is_optional\": false, \"classification\": 1}, \"is_optional\": \"False\"}, {\"id\": 111, \"attribute\": {\"id\": 14, \"type\": \"number\", \"unit\": [{\"id\": 5, \"title\": \"psi\", \"created_at\": \"2022-05-11T06:20:18.195552Z\", \"created_by\": null, \"updated_at\": \"2022-05-11T06:20:18.195591Z\", \"description\": \"\"}, {\"id\": 6, \"title\": \"ft\", \"created_at\": \"2022-05-11T06:20:33.482968Z\", \"created_by\": null, \"updated_at\": \"2022-05-11T06:20:33.483008Z\", \"description\": \"\"}], \"title\": \"Min suction head\", \"value\": \"50\", \"options\": null, \"created_at\": \"2022-05-27T04:15:47.658835Z\", \"created_by\": null, \"unit_value\": 5, \"updated_at\": \"2022-05-27T04:23:27.543400Z\", \"description\": null, \"is_optional\": false, \"classification\": 1}, \"is_optional\": \"False\"}, {\"id\": 112, \"attribute\": {\"id\": 12, \"type\": \"number\", \"unit\": [{\"id\": 11, \"title\": \"F\", \"created_at\": \"2022-05-27T03:34:15.792951Z\", \"created_by\": null, \"updated_at\": \"2022-05-27T03:34:15.792986Z\", \"description\": \"Fahrenheit\"}, {\"id\": 12, \"title\": \"C\", \"created_at\": \"2022-05-27T03:35:30.829998Z\", \"created_by\": null, \"updated_at\": \"2022-05-27T03:35:30.830033Z\", \"description\": \"Centigrade\"}], \"title\": \"Max fluid temperature\", \"value\": \"60\", \"options\": null, \"created_at\": \"2022-05-27T03:37:17.121300Z\", \"created_by\": null, \"unit_value\": 11, \"updated_at\": \"2022-05-27T04:23:27.539845Z\", \"description\": null, \"is_optional\": true, \"classification\": 1}, \"is_optional\": \"True\"}, {\"id\": 113, \"attribute\": {\"id\": 13, \"type\": \"number\", \"unit\": [{\"id\": 11, \"title\": \"F\", \"created_at\": \"2022-05-27T03:34:15.792951Z\", \"created_by\": null, \"updated_at\": \"2022-05-27T03:34:15.792986Z\", \"description\": \"Fahrenheit\"}, {\"id\": 12, \"title\": \"C\", \"created_at\": \"2022-05-27T03:35:30.829998Z\", \"created_by\": null, \"updated_at\": \"2022-05-27T03:35:30.830033Z\", \"description\": \"Centigrade\"}], \"title\": \"Min fluid temperature\", \"value\": \"70\", \"options\": null, \"created_at\": \"2022-05-27T03:37:17.125943Z\", \"created_by\": null, \"unit_value\": 11, \"updated_at\": \"2022-05-27T04:23:27.541776Z\", \"description\": null, \"is_optional\": true, \"classification\": 1}, \"is_optional\": \"True\"}]}, {\"id\": 30, \"is_optional\": \"False\", \"classification\": {\"id\": 2, \"title\": \"Electrical Specification\", \"created_at\": \"2022-05-27T04:40:50.864425Z\", \"created_by\": null, \"updated_at\": \"2022-05-27T05:06:30.115779Z\", \"description\": \"\"}, \"partclassificationattribute_set\": [{\"id\": 114, \"attribute\": {\"id\": 17, \"type\": \"select\", \"unit\": [], \"title\": \"Frequency\", \"value\": \" 60Hz\", \"options\": \"50 Hz, 60Hz\", \"created_at\": \"2022-05-27T04:40:50.866200Z\", \"created_by\": null, \"unit_value\": \"\", \"updated_at\": \"2022-05-27T04:40:50.866233Z\", \"description\": null, \"is_optional\": false, \"classification\": 2}, \"is_optional\": \"False\"}, {\"id\": 115, \"attribute\": {\"id\": 18, \"type\": \"select\", \"unit\": [], \"title\": \"Phase\", \"value\": \"1\", \"options\": \"1,2,3\", \"created_at\": \"2022-05-27T04:40:50.868892Z\", \"created_by\": null, \"unit_value\": \"\", \"updated_at\": \"2022-05-27T04:40:50.868921Z\", \"description\": null, \"is_optional\": false, \"classification\": 2}, \"is_optional\": \"False\"}, {\"id\": 116, \"attribute\": {\"id\": 19, \"type\": \"select\", \"unit\": [], \"title\": \"Voltage\", \"value\": \"120\", \"options\": \"120,208,240,480\", \"created_at\": \"2022-05-27T04:40:50.870944Z\", \"created_by\": null, \"unit_value\": \"\", \"updated_at\": \"2022-05-27T05:06:30.117578Z\", \"description\": null, \"is_optional\": false, \"classification\": 2}, \"is_optional\": \"False\"}]}, {\"id\": 31, \"is_optional\": \"False\", \"classification\": {\"id\": 3, \"title\": \"Preference\", \"created_at\": \"2022-05-27T05:00:47.764698Z\", \"created_by\": null, \"updated_at\": \"2022-05-27T05:00:47.764746Z\", \"description\": \"\"}, \"partclassificationattribute_set\": [{\"id\": 117, \"attribute\": {\"id\": 20, \"type\": \"number\", \"unit\": [{\"id\": 13, \"title\": \"Week\", \"created_at\": \"2022-05-27T04:23:14.899157Z\", \"created_by\": null, \"updated_at\": \"2022-05-27T04:23:14.899227Z\", \"description\": \"\"}, {\"id\": 14, \"title\": \"Day\", \"created_at\": \"2022-05-27T04:23:21.410775Z\", \"created_by\": null, \"updated_at\": \"2022-05-27T04:23:21.410810Z\", \"description\": \"\"}], \"title\": \"Lead time to be less than\", \"value\": \"\", \"options\": null, \"created_at\": \"2022-05-27T05:00:47.765744Z\", \"created_by\": null, \"unit_value\": 13, \"updated_at\": \"2022-05-27T05:00:47.765785Z\", \"description\": null, \"is_optional\": true, \"classification\": 3}, \"is_optional\": \"True\"}, {\"id\": 118, \"attribute\": {\"id\": 21, \"type\": \"number\", \"unit\": [{\"id\": 18, \"title\": \"USD\", \"created_at\": \"2022-05-27T04:28:43.387412Z\", \"created_by\": null, \"updated_at\": \"2022-05-27T04:28:43.387463Z\", \"description\": \"\"}, {\"id\": 19, \"title\": \"EUR\", \"created_at\": \"2022-05-27T04:29:10.653710Z\", \"created_by\": null, \"updated_at\": \"2022-05-27T04:29:10.653744Z\", \"description\": \"\"}, {\"id\": 20, \"title\": \"CNH\", \"created_at\": \"2022-05-27T04:29:17.096803Z\", \"created_by\": null, \"updated_at\": \"2022-05-27T04:29:17.096851Z\", \"description\": \"\"}, {\"id\": 21, \"title\": \"CNY\", \"created_at\": \"2022-05-27T04:30:47.418935Z\", \"created_by\": null, \"updated_at\": \"2022-05-27T04:30:47.418982Z\", \"description\": \"\"}, {\"id\": 22, \"title\": \"BTC\", \"created_at\": \"2022-05-27T04:30:52.577476Z\", \"created_by\": null, \"updated_at\": \"2022-05-27T04:30:52.577512Z\", \"description\": \"\"}], \"title\": \"Price to be less than\", \"value\": \"\", \"options\": null, \"created_at\": \"2022-05-27T05:00:47.769491Z\", \"created_by\": null, \"unit_value\": 18, \"updated_at\": \"2022-05-27T05:00:47.769535Z\", \"description\": null, \"is_optional\": true, \"classification\": 3}, \"is_optional\": \"True\"}]}]}',2,'quote',NULL,7,'','{\"email\": \"admin@admin.com\", \"phone\": \"+12658996312\", \"last_name\": \"Jackson\", \"first_name\": \"Cody\", \"companyName\": \"Turner Ecstatic\"}',NULL,0,0,NULL,NULL,0,'',NULL,'pending','submitted',NULL,NULL,'56565',NULL),(12,'2022-10-12 09:09:16.362613','2022-10-12 09:09:16.362678','293639770','{\"id\": 7, \"slug\": \"pump\", \"title\": \"Pump\", \"description\": \"NA\", \"partclassification_set\": [{\"id\": 29, \"is_optional\": \"False\", \"classification\": {\"id\": 1, \"title\": \"Mechanical Specification\", \"created_at\": \"2022-05-11T06:15:21.725312Z\", \"created_by\": null, \"updated_at\": \"2022-05-27T04:38:28.316932Z\", \"description\": \"\"}, \"partclassificationattribute_set\": [{\"id\": 107, \"attribute\": {\"id\": 7, \"type\": \"text\", \"unit\": [], \"title\": \"Application, e.g., industrial processes\", \"value\": \"12\", \"options\": null, \"created_at\": \"2022-05-27T03:37:17.103745Z\", \"created_by\": null, \"unit_value\": \"\", \"updated_at\": \"2022-05-27T04:23:27.535651Z\", \"description\": null, \"is_optional\": false, \"classification\": 1}, \"is_optional\": \"False\"}, {\"id\": 108, \"attribute\": {\"id\": 8, \"type\": \"text\", \"unit\": [], \"title\": \"Fluid, e.g., 50% ethylene glycol-water\", \"value\": \"12\", \"options\": null, \"created_at\": \"2022-05-27T03:37:17.106806Z\", \"created_by\": null, \"unit_value\": \"\", \"updated_at\": \"2022-05-27T03:37:17.106845Z\", \"description\": null, \"is_optional\": false, \"classification\": 1}, \"is_optional\": \"False\"}, {\"id\": 109, \"attribute\": {\"id\": 1, \"type\": \"number\", \"unit\": [{\"id\": 3, \"title\": \"US gpm\", \"created_at\": \"2022-05-11T06:12:47.549174Z\", \"created_by\": null, \"updated_at\": \"2022-05-11T06:12:47.549209Z\", \"description\": \"\"}, {\"id\": 4, \"title\": \"lpm\", \"created_at\": \"2022-05-11T06:15:07.786870Z\", \"created_by\": null, \"updated_at\": \"2022-05-11T06:15:07.786921Z\", \"description\": \"\"}], \"title\": \"Flow\", \"value\": \"20\", \"options\": null, \"created_at\": \"2022-05-11T06:15:21.726990Z\", \"created_by\": null, \"unit_value\": 3, \"updated_at\": \"2022-05-11T06:15:21.727040Z\", \"description\": null, \"is_optional\": false, \"classification\": 1}, \"is_optional\": \"False\"}, {\"id\": 110, \"attribute\": {\"id\": 2, \"type\": \"number\", \"unit\": [{\"id\": 5, \"title\": \"psi\", \"created_at\": \"2022-05-11T06:20:18.195552Z\", \"created_by\": null, \"updated_at\": \"2022-05-11T06:20:18.195591Z\", \"description\": \"\"}, {\"id\": 6, \"title\": \"ft\", \"created_at\": \"2022-05-11T06:20:33.482968Z\", \"created_by\": null, \"updated_at\": \"2022-05-11T06:20:33.483008Z\", \"description\": \"\"}], \"title\": \"Head\", \"value\": \"25\", \"options\": null, \"created_at\": \"2022-05-11T06:22:58.054217Z\", \"created_by\": null, \"unit_value\": 5, \"updated_at\": \"2022-05-11T06:22:58.054247Z\", \"description\": null, \"is_optional\": false, \"classification\": 1}, \"is_optional\": \"False\"}, {\"id\": 111, \"attribute\": {\"id\": 14, \"type\": \"number\", \"unit\": [{\"id\": 5, \"title\": \"psi\", \"created_at\": \"2022-05-11T06:20:18.195552Z\", \"created_by\": null, \"updated_at\": \"2022-05-11T06:20:18.195591Z\", \"description\": \"\"}, {\"id\": 6, \"title\": \"ft\", \"created_at\": \"2022-05-11T06:20:33.482968Z\", \"created_by\": null, \"updated_at\": \"2022-05-11T06:20:33.483008Z\", \"description\": \"\"}], \"title\": \"Min suction head\", \"value\": \"30\", \"options\": null, \"created_at\": \"2022-05-27T04:15:47.658835Z\", \"created_by\": null, \"unit_value\": 5, \"updated_at\": \"2022-05-27T04:23:27.543400Z\", \"description\": null, \"is_optional\": false, \"classification\": 1}, \"is_optional\": \"False\"}, {\"id\": 112, \"attribute\": {\"id\": 12, \"type\": \"number\", \"unit\": [{\"id\": 11, \"title\": \"F\", \"created_at\": \"2022-05-27T03:34:15.792951Z\", \"created_by\": null, \"updated_at\": \"2022-05-27T03:34:15.792986Z\", \"description\": \"Fahrenheit\"}, {\"id\": 12, \"title\": \"C\", \"created_at\": \"2022-05-27T03:35:30.829998Z\", \"created_by\": null, \"updated_at\": \"2022-05-27T03:35:30.830033Z\", \"description\": \"Centigrade\"}], \"title\": \"Max fluid temperature\", \"value\": \"35\", \"options\": null, \"created_at\": \"2022-05-27T03:37:17.121300Z\", \"created_by\": null, \"unit_value\": 11, \"updated_at\": \"2022-05-27T04:23:27.539845Z\", \"description\": null, \"is_optional\": true, \"classification\": 1}, \"is_optional\": \"True\"}, {\"id\": 113, \"attribute\": {\"id\": 13, \"type\": \"number\", \"unit\": [{\"id\": 11, \"title\": \"F\", \"created_at\": \"2022-05-27T03:34:15.792951Z\", \"created_by\": null, \"updated_at\": \"2022-05-27T03:34:15.792986Z\", \"description\": \"Fahrenheit\"}, {\"id\": 12, \"title\": \"C\", \"created_at\": \"2022-05-27T03:35:30.829998Z\", \"created_by\": null, \"updated_at\": \"2022-05-27T03:35:30.830033Z\", \"description\": \"Centigrade\"}], \"title\": \"Min fluid temperature\", \"value\": \"40\", \"options\": null, \"created_at\": \"2022-05-27T03:37:17.125943Z\", \"created_by\": null, \"unit_value\": 11, \"updated_at\": \"2022-05-27T04:23:27.541776Z\", \"description\": null, \"is_optional\": true, \"classification\": 1}, \"is_optional\": \"True\"}]}, {\"id\": 30, \"is_optional\": \"False\", \"classification\": {\"id\": 2, \"title\": \"Electrical Specification\", \"created_at\": \"2022-05-27T04:40:50.864425Z\", \"created_by\": null, \"updated_at\": \"2022-05-27T05:06:30.115779Z\", \"description\": \"\"}, \"partclassificationattribute_set\": [{\"id\": 114, \"attribute\": {\"id\": 17, \"type\": \"select\", \"unit\": [], \"title\": \"Frequency\", \"value\": \"50 Hz\", \"options\": \"50 Hz, 60Hz\", \"created_at\": \"2022-05-27T04:40:50.866200Z\", \"created_by\": null, \"unit_value\": \"\", \"updated_at\": \"2022-05-27T04:40:50.866233Z\", \"description\": null, \"is_optional\": false, \"classification\": 2}, \"is_optional\": \"False\"}, {\"id\": 115, \"attribute\": {\"id\": 18, \"type\": \"select\", \"unit\": [], \"title\": \"Phase\", \"value\": \"1\", \"options\": \"1,2,3\", \"created_at\": \"2022-05-27T04:40:50.868892Z\", \"created_by\": null, \"unit_value\": \"\", \"updated_at\": \"2022-05-27T04:40:50.868921Z\", \"description\": null, \"is_optional\": false, \"classification\": 2}, \"is_optional\": \"False\"}, {\"id\": 116, \"attribute\": {\"id\": 19, \"type\": \"select\", \"unit\": [], \"title\": \"Voltage\", \"value\": \"120\", \"options\": \"120,208,240,480\", \"created_at\": \"2022-05-27T04:40:50.870944Z\", \"created_by\": null, \"unit_value\": \"\", \"updated_at\": \"2022-05-27T05:06:30.117578Z\", \"description\": null, \"is_optional\": false, \"classification\": 2}, \"is_optional\": \"False\"}]}, {\"id\": 31, \"is_optional\": \"False\", \"classification\": {\"id\": 3, \"title\": \"Preference\", \"created_at\": \"2022-05-27T05:00:47.764698Z\", \"created_by\": null, \"updated_at\": \"2022-05-27T05:00:47.764746Z\", \"description\": \"\"}, \"partclassificationattribute_set\": [{\"id\": 117, \"attribute\": {\"id\": 20, \"type\": \"number\", \"unit\": [{\"id\": 13, \"title\": \"Week\", \"created_at\": \"2022-05-27T04:23:14.899157Z\", \"created_by\": null, \"updated_at\": \"2022-05-27T04:23:14.899227Z\", \"description\": \"\"}, {\"id\": 14, \"title\": \"Day\", \"created_at\": \"2022-05-27T04:23:21.410775Z\", \"created_by\": null, \"updated_at\": \"2022-05-27T04:23:21.410810Z\", \"description\": \"\"}], \"title\": \"Lead time to be less than\", \"value\": \"\", \"options\": null, \"created_at\": \"2022-05-27T05:00:47.765744Z\", \"created_by\": null, \"unit_value\": 13, \"updated_at\": \"2022-05-27T05:00:47.765785Z\", \"description\": null, \"is_optional\": true, \"classification\": 3}, \"is_optional\": \"True\"}, {\"id\": 118, \"attribute\": {\"id\": 21, \"type\": \"number\", \"unit\": [{\"id\": 18, \"title\": \"USD\", \"created_at\": \"2022-05-27T04:28:43.387412Z\", \"created_by\": null, \"updated_at\": \"2022-05-27T04:28:43.387463Z\", \"description\": \"\"}, {\"id\": 19, \"title\": \"EUR\", \"created_at\": \"2022-05-27T04:29:10.653710Z\", \"created_by\": null, \"updated_at\": \"2022-05-27T04:29:10.653744Z\", \"description\": \"\"}, {\"id\": 20, \"title\": \"CNH\", \"created_at\": \"2022-05-27T04:29:17.096803Z\", \"created_by\": null, \"updated_at\": \"2022-05-27T04:29:17.096851Z\", \"description\": \"\"}, {\"id\": 21, \"title\": \"CNY\", \"created_at\": \"2022-05-27T04:30:47.418935Z\", \"created_by\": null, \"updated_at\": \"2022-05-27T04:30:47.418982Z\", \"description\": \"\"}, {\"id\": 22, \"title\": \"BTC\", \"created_at\": \"2022-05-27T04:30:52.577476Z\", \"created_by\": null, \"updated_at\": \"2022-05-27T04:30:52.577512Z\", \"description\": \"\"}], \"title\": \"Price to be less than\", \"value\": \"\", \"options\": null, \"created_at\": \"2022-05-27T05:00:47.769491Z\", \"created_by\": null, \"unit_value\": 18, \"updated_at\": \"2022-05-27T05:00:47.769535Z\", \"description\": null, \"is_optional\": true, \"classification\": 3}, \"is_optional\": \"True\"}]}]}',2,'query',NULL,7,'','{\"email\": \"admin@admin.com\", \"phone\": \"+12658996312\", \"last_name\": \"Jackson\", \"first_name\": \"Cody\", \"companyName\": \"Turner Ecstatic\"}',NULL,0,0,NULL,NULL,0,'',NULL,'pending','submitted',NULL,NULL,'12345',NULL),(13,'2022-10-12 09:10:16.685475','2022-10-12 09:10:16.685557','713781010','{\"id\": 7, \"slug\": \"pump\", \"title\": \"Pump\", \"description\": \"NA\", \"partclassification_set\": [{\"id\": 29, \"is_optional\": \"False\", \"classification\": {\"id\": 1, \"title\": \"Mechanical Specification\", \"created_at\": \"2022-05-11T06:15:21.725312Z\", \"created_by\": null, \"updated_at\": \"2022-05-27T04:38:28.316932Z\", \"description\": \"\"}, \"partclassificationattribute_set\": [{\"id\": 107, \"attribute\": {\"id\": 7, \"type\": \"text\", \"unit\": [], \"title\": \"Application, e.g., industrial processes\", \"value\": \"Piston pump\", \"options\": null, \"created_at\": \"2022-05-27T03:37:17.103745Z\", \"created_by\": null, \"unit_value\": \"\", \"updated_at\": \"2022-05-27T04:23:27.535651Z\", \"description\": null, \"is_optional\": false, \"classification\": 1}, \"is_optional\": \"False\"}, {\"id\": 108, \"attribute\": {\"id\": 8, \"type\": \"text\", \"unit\": [], \"title\": \"Fluid, e.g., 50% ethylene glycol-water\", \"value\": \"12344\", \"options\": null, \"created_at\": \"2022-05-27T03:37:17.106806Z\", \"created_by\": null, \"unit_value\": \"\", \"updated_at\": \"2022-05-27T03:37:17.106845Z\", \"description\": null, \"is_optional\": false, \"classification\": 1}, \"is_optional\": \"False\"}, {\"id\": 109, \"attribute\": {\"id\": 1, \"type\": \"number\", \"unit\": [{\"id\": 3, \"title\": \"US gpm\", \"created_at\": \"2022-05-11T06:12:47.549174Z\", \"created_by\": null, \"updated_at\": \"2022-05-11T06:12:47.549209Z\", \"description\": \"\"}, {\"id\": 4, \"title\": \"lpm\", \"created_at\": \"2022-05-11T06:15:07.786870Z\", \"created_by\": null, \"updated_at\": \"2022-05-11T06:15:07.786921Z\", \"description\": \"\"}], \"title\": \"Flow\", \"value\": \"20\", \"options\": null, \"created_at\": \"2022-05-11T06:15:21.726990Z\", \"created_by\": null, \"unit_value\": 3, \"updated_at\": \"2022-05-11T06:15:21.727040Z\", \"description\": null, \"is_optional\": false, \"classification\": 1}, \"is_optional\": \"False\"}, {\"id\": 110, \"attribute\": {\"id\": 2, \"type\": \"number\", \"unit\": [{\"id\": 5, \"title\": \"psi\", \"created_at\": \"2022-05-11T06:20:18.195552Z\", \"created_by\": null, \"updated_at\": \"2022-05-11T06:20:18.195591Z\", \"description\": \"\"}, {\"id\": 6, \"title\": \"ft\", \"created_at\": \"2022-05-11T06:20:33.482968Z\", \"created_by\": null, \"updated_at\": \"2022-05-11T06:20:33.483008Z\", \"description\": \"\"}], \"title\": \"Head\", \"value\": \"30\", \"options\": null, \"created_at\": \"2022-05-11T06:22:58.054217Z\", \"created_by\": null, \"unit_value\": 5, \"updated_at\": \"2022-05-11T06:22:58.054247Z\", \"description\": null, \"is_optional\": false, \"classification\": 1}, \"is_optional\": \"False\"}, {\"id\": 111, \"attribute\": {\"id\": 14, \"type\": \"number\", \"unit\": [{\"id\": 5, \"title\": \"psi\", \"created_at\": \"2022-05-11T06:20:18.195552Z\", \"created_by\": null, \"updated_at\": \"2022-05-11T06:20:18.195591Z\", \"description\": \"\"}, {\"id\": 6, \"title\": \"ft\", \"created_at\": \"2022-05-11T06:20:33.482968Z\", \"created_by\": null, \"updated_at\": \"2022-05-11T06:20:33.483008Z\", \"description\": \"\"}], \"title\": \"Min suction head\", \"value\": \"40\", \"options\": null, \"created_at\": \"2022-05-27T04:15:47.658835Z\", \"created_by\": null, \"unit_value\": 5, \"updated_at\": \"2022-05-27T04:23:27.543400Z\", \"description\": null, \"is_optional\": false, \"classification\": 1}, \"is_optional\": \"False\"}, {\"id\": 112, \"attribute\": {\"id\": 12, \"type\": \"number\", \"unit\": [{\"id\": 11, \"title\": \"F\", \"created_at\": \"2022-05-27T03:34:15.792951Z\", \"created_by\": null, \"updated_at\": \"2022-05-27T03:34:15.792986Z\", \"description\": \"Fahrenheit\"}, {\"id\": 12, \"title\": \"C\", \"created_at\": \"2022-05-27T03:35:30.829998Z\", \"created_by\": null, \"updated_at\": \"2022-05-27T03:35:30.830033Z\", \"description\": \"Centigrade\"}], \"title\": \"Max fluid temperature\", \"value\": \"50\", \"options\": null, \"created_at\": \"2022-05-27T03:37:17.121300Z\", \"created_by\": null, \"unit_value\": 11, \"updated_at\": \"2022-05-27T04:23:27.539845Z\", \"description\": null, \"is_optional\": true, \"classification\": 1}, \"is_optional\": \"True\"}, {\"id\": 113, \"attribute\": {\"id\": 13, \"type\": \"number\", \"unit\": [{\"id\": 11, \"title\": \"F\", \"created_at\": \"2022-05-27T03:34:15.792951Z\", \"created_by\": null, \"updated_at\": \"2022-05-27T03:34:15.792986Z\", \"description\": \"Fahrenheit\"}, {\"id\": 12, \"title\": \"C\", \"created_at\": \"2022-05-27T03:35:30.829998Z\", \"created_by\": null, \"updated_at\": \"2022-05-27T03:35:30.830033Z\", \"description\": \"Centigrade\"}], \"title\": \"Min fluid temperature\", \"value\": \"60\", \"options\": null, \"created_at\": \"2022-05-27T03:37:17.125943Z\", \"created_by\": null, \"unit_value\": 11, \"updated_at\": \"2022-05-27T04:23:27.541776Z\", \"description\": null, \"is_optional\": true, \"classification\": 1}, \"is_optional\": \"True\"}]}, {\"id\": 30, \"is_optional\": \"False\", \"classification\": {\"id\": 2, \"title\": \"Electrical Specification\", \"created_at\": \"2022-05-27T04:40:50.864425Z\", \"created_by\": null, \"updated_at\": \"2022-05-27T05:06:30.115779Z\", \"description\": \"\"}, \"partclassificationattribute_set\": [{\"id\": 114, \"attribute\": {\"id\": 17, \"type\": \"select\", \"unit\": [], \"title\": \"Frequency\", \"value\": \" 60Hz\", \"options\": \"50 Hz, 60Hz\", \"created_at\": \"2022-05-27T04:40:50.866200Z\", \"created_by\": null, \"unit_value\": \"\", \"updated_at\": \"2022-05-27T04:40:50.866233Z\", \"description\": null, \"is_optional\": false, \"classification\": 2}, \"is_optional\": \"False\"}, {\"id\": 115, \"attribute\": {\"id\": 18, \"type\": \"select\", \"unit\": [], \"title\": \"Phase\", \"value\": \"2\", \"options\": \"1,2,3\", \"created_at\": \"2022-05-27T04:40:50.868892Z\", \"created_by\": null, \"unit_value\": \"\", \"updated_at\": \"2022-05-27T04:40:50.868921Z\", \"description\": null, \"is_optional\": false, \"classification\": 2}, \"is_optional\": \"False\"}, {\"id\": 116, \"attribute\": {\"id\": 19, \"type\": \"select\", \"unit\": [], \"title\": \"Voltage\", \"value\": \"208\", \"options\": \"120,208,240,480\", \"created_at\": \"2022-05-27T04:40:50.870944Z\", \"created_by\": null, \"unit_value\": \"\", \"updated_at\": \"2022-05-27T05:06:30.117578Z\", \"description\": null, \"is_optional\": false, \"classification\": 2}, \"is_optional\": \"False\"}]}, {\"id\": 31, \"is_optional\": \"False\", \"classification\": {\"id\": 3, \"title\": \"Preference\", \"created_at\": \"2022-05-27T05:00:47.764698Z\", \"created_by\": null, \"updated_at\": \"2022-05-27T05:00:47.764746Z\", \"description\": \"\"}, \"partclassificationattribute_set\": [{\"id\": 117, \"attribute\": {\"id\": 20, \"type\": \"number\", \"unit\": [{\"id\": 13, \"title\": \"Week\", \"created_at\": \"2022-05-27T04:23:14.899157Z\", \"created_by\": null, \"updated_at\": \"2022-05-27T04:23:14.899227Z\", \"description\": \"\"}, {\"id\": 14, \"title\": \"Day\", \"created_at\": \"2022-05-27T04:23:21.410775Z\", \"created_by\": null, \"updated_at\": \"2022-05-27T04:23:21.410810Z\", \"description\": \"\"}], \"title\": \"Lead time to be less than\", \"value\": \"\", \"options\": null, \"created_at\": \"2022-05-27T05:00:47.765744Z\", \"created_by\": null, \"unit_value\": 13, \"updated_at\": \"2022-05-27T05:00:47.765785Z\", \"description\": null, \"is_optional\": true, \"classification\": 3}, \"is_optional\": \"True\"}, {\"id\": 118, \"attribute\": {\"id\": 21, \"type\": \"number\", \"unit\": [{\"id\": 18, \"title\": \"USD\", \"created_at\": \"2022-05-27T04:28:43.387412Z\", \"created_by\": null, \"updated_at\": \"2022-05-27T04:28:43.387463Z\", \"description\": \"\"}, {\"id\": 19, \"title\": \"EUR\", \"created_at\": \"2022-05-27T04:29:10.653710Z\", \"created_by\": null, \"updated_at\": \"2022-05-27T04:29:10.653744Z\", \"description\": \"\"}, {\"id\": 20, \"title\": \"CNH\", \"created_at\": \"2022-05-27T04:29:17.096803Z\", \"created_by\": null, \"updated_at\": \"2022-05-27T04:29:17.096851Z\", \"description\": \"\"}, {\"id\": 21, \"title\": \"CNY\", \"created_at\": \"2022-05-27T04:30:47.418935Z\", \"created_by\": null, \"updated_at\": \"2022-05-27T04:30:47.418982Z\", \"description\": \"\"}, {\"id\": 22, \"title\": \"BTC\", \"created_at\": \"2022-05-27T04:30:52.577476Z\", \"created_by\": null, \"updated_at\": \"2022-05-27T04:30:52.577512Z\", \"description\": \"\"}], \"title\": \"Price to be less than\", \"value\": \"\", \"options\": null, \"created_at\": \"2022-05-27T05:00:47.769491Z\", \"created_by\": null, \"unit_value\": 18, \"updated_at\": \"2022-05-27T05:00:47.769535Z\", \"description\": null, \"is_optional\": true, \"classification\": 3}, \"is_optional\": \"True\"}]}]}',1,'quote',NULL,7,'','{\"email\": \"admin@admin.com\", \"phone\": \"+12658996312\", \"last_name\": \"Jackson\", \"first_name\": \"Cody\", \"companyName\": \"Turner Ecstatic\"}',NULL,0,0,NULL,NULL,0,'',NULL,'pending','submitted',NULL,NULL,'12569',NULL),(14,'2022-10-12 09:29:12.460781','2022-10-12 09:29:12.460841','944556619','{\"id\": 7, \"slug\": \"pump\", \"title\": \"Pump\", \"description\": \"NA\", \"partclassification_set\": [{\"id\": 29, \"is_optional\": \"False\", \"classification\": {\"id\": 1, \"title\": \"Mechanical Specification\", \"created_at\": \"2022-05-11T06:15:21.725312Z\", \"created_by\": null, \"updated_at\": \"2022-05-27T04:38:28.316932Z\", \"description\": \"\"}, \"partclassificationattribute_set\": [{\"id\": 107, \"attribute\": {\"id\": 7, \"type\": \"text\", \"unit\": [], \"title\": \"Application, e.g., industrial processes\", \"value\": \"Screw pump\", \"options\": null, \"created_at\": \"2022-05-27T03:37:17.103745Z\", \"created_by\": null, \"unit_value\": \"\", \"updated_at\": \"2022-05-27T04:23:27.535651Z\", \"description\": null, \"is_optional\": false, \"classification\": 1}, \"is_optional\": \"False\"}, {\"id\": 108, \"attribute\": {\"id\": 8, \"type\": \"text\", \"unit\": [], \"title\": \"Fluid, e.g., 50% ethylene glycol-water\", \"value\": \"4444444\", \"options\": null, \"created_at\": \"2022-05-27T03:37:17.106806Z\", \"created_by\": null, \"unit_value\": \"\", \"updated_at\": \"2022-05-27T03:37:17.106845Z\", \"description\": null, \"is_optional\": false, \"classification\": 1}, \"is_optional\": \"False\"}, {\"id\": 109, \"attribute\": {\"id\": 1, \"type\": \"number\", \"unit\": [{\"id\": 3, \"title\": \"US gpm\", \"created_at\": \"2022-05-11T06:12:47.549174Z\", \"created_by\": null, \"updated_at\": \"2022-05-11T06:12:47.549209Z\", \"description\": \"\"}, {\"id\": 4, \"title\": \"lpm\", \"created_at\": \"2022-05-11T06:15:07.786870Z\", \"created_by\": null, \"updated_at\": \"2022-05-11T06:15:07.786921Z\", \"description\": \"\"}], \"title\": \"Flow\", \"value\": \"230\", \"options\": null, \"created_at\": \"2022-05-11T06:15:21.726990Z\", \"created_by\": null, \"unit_value\": 3, \"updated_at\": \"2022-05-11T06:15:21.727040Z\", \"description\": null, \"is_optional\": false, \"classification\": 1}, \"is_optional\": \"False\"}, {\"id\": 110, \"attribute\": {\"id\": 2, \"type\": \"number\", \"unit\": [{\"id\": 5, \"title\": \"psi\", \"created_at\": \"2022-05-11T06:20:18.195552Z\", \"created_by\": null, \"updated_at\": \"2022-05-11T06:20:18.195591Z\", \"description\": \"\"}, {\"id\": 6, \"title\": \"ft\", \"created_at\": \"2022-05-11T06:20:33.482968Z\", \"created_by\": null, \"updated_at\": \"2022-05-11T06:20:33.483008Z\", \"description\": \"\"}], \"title\": \"Head\", \"value\": \"240\", \"options\": null, \"created_at\": \"2022-05-11T06:22:58.054217Z\", \"created_by\": null, \"unit_value\": 6, \"updated_at\": \"2022-05-11T06:22:58.054247Z\", \"description\": null, \"is_optional\": false, \"classification\": 1}, \"is_optional\": \"False\"}, {\"id\": 111, \"attribute\": {\"id\": 14, \"type\": \"number\", \"unit\": [{\"id\": 5, \"title\": \"psi\", \"created_at\": \"2022-05-11T06:20:18.195552Z\", \"created_by\": null, \"updated_at\": \"2022-05-11T06:20:18.195591Z\", \"description\": \"\"}, {\"id\": 6, \"title\": \"ft\", \"created_at\": \"2022-05-11T06:20:33.482968Z\", \"created_by\": null, \"updated_at\": \"2022-05-11T06:20:33.483008Z\", \"description\": \"\"}], \"title\": \"Min suction head\", \"value\": \"250\", \"options\": null, \"created_at\": \"2022-05-27T04:15:47.658835Z\", \"created_by\": null, \"unit_value\": 5, \"updated_at\": \"2022-05-27T04:23:27.543400Z\", \"description\": null, \"is_optional\": false, \"classification\": 1}, \"is_optional\": \"False\"}, {\"id\": 112, \"attribute\": {\"id\": 12, \"type\": \"number\", \"unit\": [{\"id\": 11, \"title\": \"F\", \"created_at\": \"2022-05-27T03:34:15.792951Z\", \"created_by\": null, \"updated_at\": \"2022-05-27T03:34:15.792986Z\", \"description\": \"Fahrenheit\"}, {\"id\": 12, \"title\": \"C\", \"created_at\": \"2022-05-27T03:35:30.829998Z\", \"created_by\": null, \"updated_at\": \"2022-05-27T03:35:30.830033Z\", \"description\": \"Centigrade\"}], \"title\": \"Max fluid temperature\", \"value\": \"260\", \"options\": null, \"created_at\": \"2022-05-27T03:37:17.121300Z\", \"created_by\": null, \"unit_value\": 12, \"updated_at\": \"2022-05-27T04:23:27.539845Z\", \"description\": null, \"is_optional\": true, \"classification\": 1}, \"is_optional\": \"True\"}, {\"id\": 113, \"attribute\": {\"id\": 13, \"type\": \"number\", \"unit\": [{\"id\": 11, \"title\": \"F\", \"created_at\": \"2022-05-27T03:34:15.792951Z\", \"created_by\": null, \"updated_at\": \"2022-05-27T03:34:15.792986Z\", \"description\": \"Fahrenheit\"}, {\"id\": 12, \"title\": \"C\", \"created_at\": \"2022-05-27T03:35:30.829998Z\", \"created_by\": null, \"updated_at\": \"2022-05-27T03:35:30.830033Z\", \"description\": \"Centigrade\"}], \"title\": \"Min fluid temperature\", \"value\": \"270\", \"options\": null, \"created_at\": \"2022-05-27T03:37:17.125943Z\", \"created_by\": null, \"unit_value\": 11, \"updated_at\": \"2022-05-27T04:23:27.541776Z\", \"description\": null, \"is_optional\": true, \"classification\": 1}, \"is_optional\": \"True\"}]}, {\"id\": 30, \"is_optional\": \"False\", \"classification\": {\"id\": 2, \"title\": \"Electrical Specification\", \"created_at\": \"2022-05-27T04:40:50.864425Z\", \"created_by\": null, \"updated_at\": \"2022-05-27T05:06:30.115779Z\", \"description\": \"\"}, \"partclassificationattribute_set\": [{\"id\": 114, \"attribute\": {\"id\": 17, \"type\": \"select\", \"unit\": [], \"title\": \"Frequency\", \"value\": \"50 Hz\", \"options\": \"50 Hz, 60Hz\", \"created_at\": \"2022-05-27T04:40:50.866200Z\", \"created_by\": null, \"unit_value\": \"\", \"updated_at\": \"2022-05-27T04:40:50.866233Z\", \"description\": null, \"is_optional\": false, \"classification\": 2}, \"is_optional\": \"False\"}, {\"id\": 115, \"attribute\": {\"id\": 18, \"type\": \"select\", \"unit\": [], \"title\": \"Phase\", \"value\": \"3\", \"options\": \"1,2,3\", \"created_at\": \"2022-05-27T04:40:50.868892Z\", \"created_by\": null, \"unit_value\": \"\", \"updated_at\": \"2022-05-27T04:40:50.868921Z\", \"description\": null, \"is_optional\": false, \"classification\": 2}, \"is_optional\": \"False\"}, {\"id\": 116, \"attribute\": {\"id\": 19, \"type\": \"select\", \"unit\": [], \"title\": \"Voltage\", \"value\": \"480\", \"options\": \"120,208,240,480\", \"created_at\": \"2022-05-27T04:40:50.870944Z\", \"created_by\": null, \"unit_value\": \"\", \"updated_at\": \"2022-05-27T05:06:30.117578Z\", \"description\": null, \"is_optional\": false, \"classification\": 2}, \"is_optional\": \"False\"}]}, {\"id\": 31, \"is_optional\": \"False\", \"classification\": {\"id\": 3, \"title\": \"Preference\", \"created_at\": \"2022-05-27T05:00:47.764698Z\", \"created_by\": null, \"updated_at\": \"2022-05-27T05:00:47.764746Z\", \"description\": \"\"}, \"partclassificationattribute_set\": [{\"id\": 117, \"attribute\": {\"id\": 20, \"type\": \"number\", \"unit\": [{\"id\": 13, \"title\": \"Week\", \"created_at\": \"2022-05-27T04:23:14.899157Z\", \"created_by\": null, \"updated_at\": \"2022-05-27T04:23:14.899227Z\", \"description\": \"\"}, {\"id\": 14, \"title\": \"Day\", \"created_at\": \"2022-05-27T04:23:21.410775Z\", \"created_by\": null, \"updated_at\": \"2022-05-27T04:23:21.410810Z\", \"description\": \"\"}], \"title\": \"Lead time to be less than\", \"value\": \"\", \"options\": null, \"created_at\": \"2022-05-27T05:00:47.765744Z\", \"created_by\": null, \"unit_value\": 13, \"updated_at\": \"2022-05-27T05:00:47.765785Z\", \"description\": null, \"is_optional\": true, \"classification\": 3}, \"is_optional\": \"True\"}, {\"id\": 118, \"attribute\": {\"id\": 21, \"type\": \"number\", \"unit\": [{\"id\": 18, \"title\": \"USD\", \"created_at\": \"2022-05-27T04:28:43.387412Z\", \"created_by\": null, \"updated_at\": \"2022-05-27T04:28:43.387463Z\", \"description\": \"\"}, {\"id\": 19, \"title\": \"EUR\", \"created_at\": \"2022-05-27T04:29:10.653710Z\", \"created_by\": null, \"updated_at\": \"2022-05-27T04:29:10.653744Z\", \"description\": \"\"}, {\"id\": 20, \"title\": \"CNH\", \"created_at\": \"2022-05-27T04:29:17.096803Z\", \"created_by\": null, \"updated_at\": \"2022-05-27T04:29:17.096851Z\", \"description\": \"\"}, {\"id\": 21, \"title\": \"CNY\", \"created_at\": \"2022-05-27T04:30:47.418935Z\", \"created_by\": null, \"updated_at\": \"2022-05-27T04:30:47.418982Z\", \"description\": \"\"}, {\"id\": 22, \"title\": \"BTC\", \"created_at\": \"2022-05-27T04:30:52.577476Z\", \"created_by\": null, \"updated_at\": \"2022-05-27T04:30:52.577512Z\", \"description\": \"\"}], \"title\": \"Price to be less than\", \"value\": \"\", \"options\": null, \"created_at\": \"2022-05-27T05:00:47.769491Z\", \"created_by\": null, \"unit_value\": 18, \"updated_at\": \"2022-05-27T05:00:47.769535Z\", \"description\": null, \"is_optional\": true, \"classification\": 3}, \"is_optional\": \"True\"}]}]}',1,'quote',NULL,7,'','{\"email\": \"admin@admin.com\", \"phone\": \"+12658996312\", \"last_name\": \"Jackson\", \"first_name\": \"Cody\", \"companyName\": \"Turner Ecstatic\"}',NULL,0,0,NULL,NULL,0,'',NULL,'pending','submitted',NULL,NULL,'1111111',NULL),(15,'2022-10-14 03:06:40.789310','2022-10-14 03:06:40.789377','824508156','{\"id\": 7, \"slug\": \"pump\", \"title\": \"Pump\", \"description\": \"NA\", \"partclassification_set\": [{\"id\": 29, \"is_optional\": \"False\", \"classification\": {\"id\": 1, \"title\": \"Mechanical Specification\", \"created_at\": \"2022-05-11T06:15:21.725312Z\", \"created_by\": null, \"updated_at\": \"2022-05-27T04:38:28.316932Z\", \"description\": \"\"}, \"partclassificationattribute_set\": [{\"id\": 107, \"attribute\": {\"id\": 7, \"type\": \"text\", \"unit\": [], \"title\": \"Application, e.g., industrial processes\", \"value\": \"Heating\", \"options\": null, \"created_at\": \"2022-05-27T03:37:17.103745Z\", \"created_by\": null, \"unit_value\": \"\", \"updated_at\": \"2022-05-27T04:23:27.535651Z\", \"description\": null, \"is_optional\": false, \"classification\": 1}, \"is_optional\": \"False\"}, {\"id\": 108, \"attribute\": {\"id\": 8, \"type\": \"text\", \"unit\": [], \"title\": \"Fluid, e.g., 50% ethylene glycol-water\", \"value\": \"45\", \"options\": null, \"created_at\": \"2022-05-27T03:37:17.106806Z\", \"created_by\": null, \"unit_value\": \"\", \"updated_at\": \"2022-05-27T03:37:17.106845Z\", \"description\": null, \"is_optional\": false, \"classification\": 1}, \"is_optional\": \"False\"}, {\"id\": 109, \"attribute\": {\"id\": 1, \"type\": \"number\", \"unit\": [{\"id\": 3, \"title\": \"US gpm\", \"created_at\": \"2022-05-11T06:12:47.549174Z\", \"created_by\": null, \"updated_at\": \"2022-05-11T06:12:47.549209Z\", \"description\": \"\"}, {\"id\": 4, \"title\": \"lpm\", \"created_at\": \"2022-05-11T06:15:07.786870Z\", \"created_by\": null, \"updated_at\": \"2022-05-11T06:15:07.786921Z\", \"description\": \"\"}], \"title\": \"Flow\", \"value\": \"25\", \"options\": null, \"created_at\": \"2022-05-11T06:15:21.726990Z\", \"created_by\": null, \"unit_value\": 3, \"updated_at\": \"2022-05-11T06:15:21.727040Z\", \"description\": null, \"is_optional\": false, \"classification\": 1}, \"is_optional\": \"False\"}, {\"id\": 110, \"attribute\": {\"id\": 2, \"type\": \"number\", \"unit\": [{\"id\": 5, \"title\": \"psi\", \"created_at\": \"2022-05-11T06:20:18.195552Z\", \"created_by\": null, \"updated_at\": \"2022-05-11T06:20:18.195591Z\", \"description\": \"\"}, {\"id\": 6, \"title\": \"ft\", \"created_at\": \"2022-05-11T06:20:33.482968Z\", \"created_by\": null, \"updated_at\": \"2022-05-11T06:20:33.483008Z\", \"description\": \"\"}], \"title\": \"Head\", \"value\": \"50\", \"options\": null, \"created_at\": \"2022-05-11T06:22:58.054217Z\", \"created_by\": null, \"unit_value\": 5, \"updated_at\": \"2022-05-11T06:22:58.054247Z\", \"description\": null, \"is_optional\": false, \"classification\": 1}, \"is_optional\": \"False\"}, {\"id\": 111, \"attribute\": {\"id\": 14, \"type\": \"number\", \"unit\": [{\"id\": 5, \"title\": \"psi\", \"created_at\": \"2022-05-11T06:20:18.195552Z\", \"created_by\": null, \"updated_at\": \"2022-05-11T06:20:18.195591Z\", \"description\": \"\"}, {\"id\": 6, \"title\": \"ft\", \"created_at\": \"2022-05-11T06:20:33.482968Z\", \"created_by\": null, \"updated_at\": \"2022-05-11T06:20:33.483008Z\", \"description\": \"\"}], \"title\": \"Min suction head\", \"value\": \"20\", \"options\": null, \"created_at\": \"2022-05-27T04:15:47.658835Z\", \"created_by\": null, \"unit_value\": 5, \"updated_at\": \"2022-05-27T04:23:27.543400Z\", \"description\": null, \"is_optional\": false, \"classification\": 1}, \"is_optional\": \"False\"}, {\"id\": 112, \"attribute\": {\"id\": 12, \"type\": \"number\", \"unit\": [{\"id\": 11, \"title\": \"F\", \"created_at\": \"2022-05-27T03:34:15.792951Z\", \"created_by\": null, \"updated_at\": \"2022-05-27T03:34:15.792986Z\", \"description\": \"Fahrenheit\"}, {\"id\": 12, \"title\": \"C\", \"created_at\": \"2022-05-27T03:35:30.829998Z\", \"created_by\": null, \"updated_at\": \"2022-05-27T03:35:30.830033Z\", \"description\": \"Centigrade\"}], \"title\": \"Max fluid temperature\", \"value\": \"\", \"options\": null, \"created_at\": \"2022-05-27T03:37:17.121300Z\", \"created_by\": null, \"unit_value\": 11, \"updated_at\": \"2022-05-27T04:23:27.539845Z\", \"description\": null, \"is_optional\": true, \"classification\": 1}, \"is_optional\": \"True\"}, {\"id\": 113, \"attribute\": {\"id\": 13, \"type\": \"number\", \"unit\": [{\"id\": 11, \"title\": \"F\", \"created_at\": \"2022-05-27T03:34:15.792951Z\", \"created_by\": null, \"updated_at\": \"2022-05-27T03:34:15.792986Z\", \"description\": \"Fahrenheit\"}, {\"id\": 12, \"title\": \"C\", \"created_at\": \"2022-05-27T03:35:30.829998Z\", \"created_by\": null, \"updated_at\": \"2022-05-27T03:35:30.830033Z\", \"description\": \"Centigrade\"}], \"title\": \"Min fluid temperature\", \"value\": \"\", \"options\": null, \"created_at\": \"2022-05-27T03:37:17.125943Z\", \"created_by\": null, \"unit_value\": 11, \"updated_at\": \"2022-05-27T04:23:27.541776Z\", \"description\": null, \"is_optional\": true, \"classification\": 1}, \"is_optional\": \"True\"}]}, {\"id\": 30, \"is_optional\": \"False\", \"classification\": {\"id\": 2, \"title\": \"Electrical Specification\", \"created_at\": \"2022-05-27T04:40:50.864425Z\", \"created_by\": null, \"updated_at\": \"2022-05-27T05:06:30.115779Z\", \"description\": \"\"}, \"partclassificationattribute_set\": [{\"id\": 114, \"attribute\": {\"id\": 17, \"type\": \"select\", \"unit\": [], \"title\": \"Frequency\", \"value\": \" 60Hz\", \"options\": \"50 Hz, 60Hz\", \"created_at\": \"2022-05-27T04:40:50.866200Z\", \"created_by\": null, \"unit_value\": \"\", \"updated_at\": \"2022-05-27T04:40:50.866233Z\", \"description\": null, \"is_optional\": false, \"classification\": 2}, \"is_optional\": \"False\"}, {\"id\": 115, \"attribute\": {\"id\": 18, \"type\": \"select\", \"unit\": [], \"title\": \"Phase\", \"value\": \"3\", \"options\": \"1,2,3\", \"created_at\": \"2022-05-27T04:40:50.868892Z\", \"created_by\": null, \"unit_value\": \"\", \"updated_at\": \"2022-05-27T04:40:50.868921Z\", \"description\": null, \"is_optional\": false, \"classification\": 2}, \"is_optional\": \"False\"}, {\"id\": 116, \"attribute\": {\"id\": 19, \"type\": \"select\", \"unit\": [], \"title\": \"Voltage\", \"value\": \"208\", \"options\": \"120,208,240,480\", \"created_at\": \"2022-05-27T04:40:50.870944Z\", \"created_by\": null, \"unit_value\": \"\", \"updated_at\": \"2022-05-27T05:06:30.117578Z\", \"description\": null, \"is_optional\": false, \"classification\": 2}, \"is_optional\": \"False\"}]}, {\"id\": 31, \"is_optional\": \"False\", \"classification\": {\"id\": 3, \"title\": \"Preference\", \"created_at\": \"2022-05-27T05:00:47.764698Z\", \"created_by\": null, \"updated_at\": \"2022-05-27T05:00:47.764746Z\", \"description\": \"\"}, \"partclassificationattribute_set\": [{\"id\": 117, \"attribute\": {\"id\": 20, \"type\": \"number\", \"unit\": [{\"id\": 13, \"title\": \"Week\", \"created_at\": \"2022-05-27T04:23:14.899157Z\", \"created_by\": null, \"updated_at\": \"2022-05-27T04:23:14.899227Z\", \"description\": \"\"}, {\"id\": 14, \"title\": \"Day\", \"created_at\": \"2022-05-27T04:23:21.410775Z\", \"created_by\": null, \"updated_at\": \"2022-05-27T04:23:21.410810Z\", \"description\": \"\"}], \"title\": \"Lead time to be less than\", \"value\": \"\", \"options\": null, \"created_at\": \"2022-05-27T05:00:47.765744Z\", \"created_by\": null, \"unit_value\": 13, \"updated_at\": \"2022-05-27T05:00:47.765785Z\", \"description\": null, \"is_optional\": true, \"classification\": 3}, \"is_optional\": \"True\"}, {\"id\": 118, \"attribute\": {\"id\": 21, \"type\": \"number\", \"unit\": [{\"id\": 18, \"title\": \"USD\", \"created_at\": \"2022-05-27T04:28:43.387412Z\", \"created_by\": null, \"updated_at\": \"2022-05-27T04:28:43.387463Z\", \"description\": \"\"}, {\"id\": 19, \"title\": \"EUR\", \"created_at\": \"2022-05-27T04:29:10.653710Z\", \"created_by\": null, \"updated_at\": \"2022-05-27T04:29:10.653744Z\", \"description\": \"\"}, {\"id\": 20, \"title\": \"CNH\", \"created_at\": \"2022-05-27T04:29:17.096803Z\", \"created_by\": null, \"updated_at\": \"2022-05-27T04:29:17.096851Z\", \"description\": \"\"}, {\"id\": 21, \"title\": \"CNY\", \"created_at\": \"2022-05-27T04:30:47.418935Z\", \"created_by\": null, \"updated_at\": \"2022-05-27T04:30:47.418982Z\", \"description\": \"\"}, {\"id\": 22, \"title\": \"BTC\", \"created_at\": \"2022-05-27T04:30:52.577476Z\", \"created_by\": null, \"updated_at\": \"2022-05-27T04:30:52.577512Z\", \"description\": \"\"}], \"title\": \"Price to be less than\", \"value\": \"\", \"options\": null, \"created_at\": \"2022-05-27T05:00:47.769491Z\", \"created_by\": null, \"unit_value\": 18, \"updated_at\": \"2022-05-27T05:00:47.769535Z\", \"description\": null, \"is_optional\": true, \"classification\": 3}, \"is_optional\": \"True\"}]}]}',1,'query',NULL,7,'Test','{\"email\": \"ab.abdoli@gmail.com\", \"phone\": \"305300111\", \"last_name\": \"Abdoli\", \"first_name\": \"Abas\", \"companyName\": \"TKelvin\"}',33,0,0,NULL,NULL,0,'',NULL,'pending','submitted',NULL,NULL,'94070',NULL),(16,'2022-10-14 15:50:46.779054','2022-10-14 15:50:46.779125','54687213','{\"id\": 7, \"slug\": \"pump\", \"title\": \"Pump\", \"description\": \"NA\", \"partclassification_set\": [{\"id\": 29, \"is_optional\": \"False\", \"classification\": {\"id\": 1, \"title\": \"Mechanical Specification\", \"created_at\": \"2022-05-11T06:15:21.725312Z\", \"created_by\": null, \"updated_at\": \"2022-05-27T04:38:28.316932Z\", \"description\": \"\"}, \"partclassificationattribute_set\": [{\"id\": 107, \"attribute\": {\"id\": 7, \"type\": \"text\", \"unit\": [], \"title\": \"Application, e.g., industrial processes\", \"value\": \"Esse eius placeat m\", \"options\": null, \"created_at\": \"2022-05-27T03:37:17.103745Z\", \"created_by\": null, \"unit_value\": \"\", \"updated_at\": \"2022-05-27T04:23:27.535651Z\", \"description\": null, \"is_optional\": false, \"classification\": 1}, \"is_optional\": \"False\"}, {\"id\": 108, \"attribute\": {\"id\": 8, \"type\": \"text\", \"unit\": [], \"title\": \"Fluid, e.g., 50% ethylene glycol-water\", \"value\": \"Earum repudiandae ac\", \"options\": null, \"created_at\": \"2022-05-27T03:37:17.106806Z\", \"created_by\": null, \"unit_value\": \"\", \"updated_at\": \"2022-05-27T03:37:17.106845Z\", \"description\": null, \"is_optional\": false, \"classification\": 1}, \"is_optional\": \"False\"}, {\"id\": 109, \"attribute\": {\"id\": 1, \"type\": \"number\", \"unit\": [{\"id\": 3, \"title\": \"US gpm\", \"created_at\": \"2022-05-11T06:12:47.549174Z\", \"created_by\": null, \"updated_at\": \"2022-05-11T06:12:47.549209Z\", \"description\": \"\"}, {\"id\": 4, \"title\": \"lpm\", \"created_at\": \"2022-05-11T06:15:07.786870Z\", \"created_by\": null, \"updated_at\": \"2022-05-11T06:15:07.786921Z\", \"description\": \"\"}], \"title\": \"Flow\", \"value\": \"44\", \"options\": null, \"created_at\": \"2022-05-11T06:15:21.726990Z\", \"created_by\": null, \"unit_value\": 3, \"updated_at\": \"2022-05-11T06:15:21.727040Z\", \"description\": null, \"is_optional\": false, \"classification\": 1}, \"is_optional\": \"False\"}, {\"id\": 110, \"attribute\": {\"id\": 2, \"type\": \"number\", \"unit\": [{\"id\": 5, \"title\": \"psi\", \"created_at\": \"2022-05-11T06:20:18.195552Z\", \"created_by\": null, \"updated_at\": \"2022-05-11T06:20:18.195591Z\", \"description\": \"\"}, {\"id\": 6, \"title\": \"ft\", \"created_at\": \"2022-05-11T06:20:33.482968Z\", \"created_by\": null, \"updated_at\": \"2022-05-11T06:20:33.483008Z\", \"description\": \"\"}], \"title\": \"Head\", \"value\": \"9\", \"options\": null, \"created_at\": \"2022-05-11T06:22:58.054217Z\", \"created_by\": null, \"unit_value\": 5, \"updated_at\": \"2022-05-11T06:22:58.054247Z\", \"description\": null, \"is_optional\": false, \"classification\": 1}, \"is_optional\": \"False\"}, {\"id\": 111, \"attribute\": {\"id\": 14, \"type\": \"number\", \"unit\": [{\"id\": 5, \"title\": \"psi\", \"created_at\": \"2022-05-11T06:20:18.195552Z\", \"created_by\": null, \"updated_at\": \"2022-05-11T06:20:18.195591Z\", \"description\": \"\"}, {\"id\": 6, \"title\": \"ft\", \"created_at\": \"2022-05-11T06:20:33.482968Z\", \"created_by\": null, \"updated_at\": \"2022-05-11T06:20:33.483008Z\", \"description\": \"\"}], \"title\": \"Min suction head\", \"value\": \"30\", \"options\": null, \"created_at\": \"2022-05-27T04:15:47.658835Z\", \"created_by\": null, \"unit_value\": 6, \"updated_at\": \"2022-05-27T04:23:27.543400Z\", \"description\": null, \"is_optional\": false, \"classification\": 1}, \"is_optional\": \"False\"}, {\"id\": 112, \"attribute\": {\"id\": 12, \"type\": \"number\", \"unit\": [{\"id\": 11, \"title\": \"F\", \"created_at\": \"2022-05-27T03:34:15.792951Z\", \"created_by\": null, \"updated_at\": \"2022-05-27T03:34:15.792986Z\", \"description\": \"Fahrenheit\"}, {\"id\": 12, \"title\": \"C\", \"created_at\": \"2022-05-27T03:35:30.829998Z\", \"created_by\": null, \"updated_at\": \"2022-05-27T03:35:30.830033Z\", \"description\": \"Centigrade\"}], \"title\": \"Max fluid temperature\", \"value\": \"88\", \"options\": null, \"created_at\": \"2022-05-27T03:37:17.121300Z\", \"created_by\": null, \"unit_value\": 12, \"updated_at\": \"2022-05-27T04:23:27.539845Z\", \"description\": null, \"is_optional\": true, \"classification\": 1}, \"is_optional\": \"True\"}, {\"id\": 113, \"attribute\": {\"id\": 13, \"type\": \"number\", \"unit\": [{\"id\": 11, \"title\": \"F\", \"created_at\": \"2022-05-27T03:34:15.792951Z\", \"created_by\": null, \"updated_at\": \"2022-05-27T03:34:15.792986Z\", \"description\": \"Fahrenheit\"}, {\"id\": 12, \"title\": \"C\", \"created_at\": \"2022-05-27T03:35:30.829998Z\", \"created_by\": null, \"updated_at\": \"2022-05-27T03:35:30.830033Z\", \"description\": \"Centigrade\"}], \"title\": \"Min fluid temperature\", \"value\": \"14\", \"options\": null, \"created_at\": \"2022-05-27T03:37:17.125943Z\", \"created_by\": null, \"unit_value\": 11, \"updated_at\": \"2022-05-27T04:23:27.541776Z\", \"description\": null, \"is_optional\": true, \"classification\": 1}, \"is_optional\": \"True\"}]}, {\"id\": 30, \"is_optional\": \"False\", \"classification\": {\"id\": 2, \"title\": \"Electrical Specification\", \"created_at\": \"2022-05-27T04:40:50.864425Z\", \"created_by\": null, \"updated_at\": \"2022-05-27T05:06:30.115779Z\", \"description\": \"\"}, \"partclassificationattribute_set\": [{\"id\": 114, \"attribute\": {\"id\": 17, \"type\": \"select\", \"unit\": [], \"title\": \"Frequency\", \"value\": \" 60Hz\", \"options\": \"50 Hz, 60Hz\", \"created_at\": \"2022-05-27T04:40:50.866200Z\", \"created_by\": null, \"unit_value\": \"\", \"updated_at\": \"2022-05-27T04:40:50.866233Z\", \"description\": null, \"is_optional\": false, \"classification\": 2}, \"is_optional\": \"False\"}, {\"id\": 115, \"attribute\": {\"id\": 18, \"type\": \"select\", \"unit\": [], \"title\": \"Phase\", \"value\": \"1\", \"options\": \"1,2,3\", \"created_at\": \"2022-05-27T04:40:50.868892Z\", \"created_by\": null, \"unit_value\": \"\", \"updated_at\": \"2022-05-27T04:40:50.868921Z\", \"description\": null, \"is_optional\": false, \"classification\": 2}, \"is_optional\": \"False\"}, {\"id\": 116, \"attribute\": {\"id\": 19, \"type\": \"select\", \"unit\": [], \"title\": \"Voltage\", \"value\": \"120\", \"options\": \"120,208,240,480\", \"created_at\": \"2022-05-27T04:40:50.870944Z\", \"created_by\": null, \"unit_value\": \"\", \"updated_at\": \"2022-05-27T05:06:30.117578Z\", \"description\": null, \"is_optional\": false, \"classification\": 2}, \"is_optional\": \"False\"}]}, {\"id\": 31, \"is_optional\": \"False\", \"classification\": {\"id\": 3, \"title\": \"Preference\", \"created_at\": \"2022-05-27T05:00:47.764698Z\", \"created_by\": null, \"updated_at\": \"2022-05-27T05:00:47.764746Z\", \"description\": \"\"}, \"partclassificationattribute_set\": [{\"id\": 117, \"attribute\": {\"id\": 20, \"type\": \"number\", \"unit\": [{\"id\": 13, \"title\": \"Week\", \"created_at\": \"2022-05-27T04:23:14.899157Z\", \"created_by\": null, \"updated_at\": \"2022-05-27T04:23:14.899227Z\", \"description\": \"\"}, {\"id\": 14, \"title\": \"Day\", \"created_at\": \"2022-05-27T04:23:21.410775Z\", \"created_by\": null, \"updated_at\": \"2022-05-27T04:23:21.410810Z\", \"description\": \"\"}], \"title\": \"Lead time to be less than\", \"value\": \"74\", \"options\": null, \"created_at\": \"2022-05-27T05:00:47.765744Z\", \"created_by\": null, \"unit_value\": 14, \"updated_at\": \"2022-05-27T05:00:47.765785Z\", \"description\": null, \"is_optional\": true, \"classification\": 3}, \"is_optional\": \"True\"}, {\"id\": 118, \"attribute\": {\"id\": 21, \"type\": \"number\", \"unit\": [{\"id\": 18, \"title\": \"USD\", \"created_at\": \"2022-05-27T04:28:43.387412Z\", \"created_by\": null, \"updated_at\": \"2022-05-27T04:28:43.387463Z\", \"description\": \"\"}, {\"id\": 19, \"title\": \"EUR\", \"created_at\": \"2022-05-27T04:29:10.653710Z\", \"created_by\": null, \"updated_at\": \"2022-05-27T04:29:10.653744Z\", \"description\": \"\"}, {\"id\": 20, \"title\": \"CNH\", \"created_at\": \"2022-05-27T04:29:17.096803Z\", \"created_by\": null, \"updated_at\": \"2022-05-27T04:29:17.096851Z\", \"description\": \"\"}, {\"id\": 21, \"title\": \"CNY\", \"created_at\": \"2022-05-27T04:30:47.418935Z\", \"created_by\": null, \"updated_at\": \"2022-05-27T04:30:47.418982Z\", \"description\": \"\"}, {\"id\": 22, \"title\": \"BTC\", \"created_at\": \"2022-05-27T04:30:52.577476Z\", \"created_by\": null, \"updated_at\": \"2022-05-27T04:30:52.577512Z\", \"description\": \"\"}], \"title\": \"Price to be less than\", \"value\": \"43\", \"options\": null, \"created_at\": \"2022-05-27T05:00:47.769491Z\", \"created_by\": null, \"unit_value\": 22, \"updated_at\": \"2022-05-27T05:00:47.769535Z\", \"description\": null, \"is_optional\": true, \"classification\": 3}, \"is_optional\": \"True\"}]}]}',5,'quote',NULL,7,'fdfdfddf','{\"email\": \"admin@gmail.com\", \"phone\": \"123\", \"last_name\": \"\", \"first_name\": \"\", \"companyName\": \"mediusware\"}',3,0,0,NULL,NULL,0,'',NULL,'pending','submitted',NULL,NULL,'12159',NULL),(17,'2022-10-27 15:36:05.888302','2022-11-02 15:50:09.572509','330330194','{\"id\": 44, \"slug\": \"aluminum-bar-rod\", \"title\": \"Aluminum Bar / Rod\", \"description\": \"\", \"partclassification_set\": [{\"id\": 141, \"is_optional\": \"False\", \"classification\": {\"id\": 1, \"title\": \"Mechanical Specification\", \"created_at\": \"2022-05-11T06:15:21.725312Z\", \"created_by\": null, \"updated_at\": \"2022-10-23T21:58:53.007177Z\", \"description\": \"\"}, \"partclassificationattribute_set\": [{\"id\": 527, \"attribute\": {\"id\": 123, \"type\": \"text\", \"unit\": [], \"title\": \"Aluminum alloy, e.g., 6061\", \"value\": \"hhh\", \"options\": null, \"created_at\": \"2022-10-18T04:04:57.973259Z\", \"created_by\": null, \"unit_value\": \"\", \"updated_at\": \"2022-10-18T04:06:30.452864Z\", \"description\": null, \"is_optional\": false, \"classification\": 1}, \"is_optional\": \"False\"}, {\"id\": 528, \"attribute\": {\"id\": 119, \"type\": \"number\", \"unit\": [{\"id\": 37, \"title\": \"in\", \"created_at\": \"2022-10-16T16:13:52.114616Z\", \"created_by\": null, \"updated_at\": \"2022-10-16T16:13:52.115011Z\", \"description\": \"\"}, {\"id\": 39, \"title\": \"cm\", \"created_at\": \"2022-10-16T16:19:29.422513Z\", \"created_by\": null, \"updated_at\": \"2022-10-16T16:19:29.422590Z\", \"description\": \"\"}], \"title\": \"Diameter, e.g., 3/4\\\"\", \"value\": \"333\", \"options\": null, \"created_at\": \"2022-10-17T03:20:57.290709Z\", \"created_by\": null, \"unit_value\": 37, \"updated_at\": \"2022-10-17T03:20:57.290756Z\", \"description\": null, \"is_optional\": false, \"classification\": 1}, \"is_optional\": \"False\"}, {\"id\": 529, \"attribute\": {\"id\": 118, \"type\": \"number\", \"unit\": [{\"id\": 37, \"title\": \"in\", \"created_at\": \"2022-10-16T16:13:52.114616Z\", \"created_by\": null, \"updated_at\": \"2022-10-16T16:13:52.115011Z\", \"description\": \"\"}, {\"id\": 39, \"title\": \"cm\", \"created_at\": \"2022-10-16T16:19:29.422513Z\", \"created_by\": null, \"updated_at\": \"2022-10-16T16:19:29.422590Z\", \"description\": \"\"}], \"title\": \"Length, e.g., 36\\\"\", \"value\": \"333\", \"options\": null, \"created_at\": \"2022-10-17T03:07:39.113706Z\", \"created_by\": null, \"unit_value\": 37, \"updated_at\": \"2022-10-17T03:07:39.113773Z\", \"description\": null, \"is_optional\": false, \"classification\": 1}, \"is_optional\": \"False\"}]}, {\"id\": 142, \"is_optional\": \"True\", \"classification\": {\"id\": 3, \"title\": \"Preference\", \"created_at\": \"2022-05-27T05:00:47.764698Z\", \"created_by\": null, \"updated_at\": \"2022-05-27T05:00:47.764746Z\", \"description\": \"\"}, \"partclassificationattribute_set\": [{\"id\": 530, \"attribute\": {\"id\": 20, \"type\": \"number\", \"unit\": [{\"id\": 13, \"title\": \"Week\", \"created_at\": \"2022-05-27T04:23:14.899157Z\", \"created_by\": null, \"updated_at\": \"2022-05-27T04:23:14.899227Z\", \"description\": \"\"}, {\"id\": 14, \"title\": \"Day\", \"created_at\": \"2022-05-27T04:23:21.410775Z\", \"created_by\": null, \"updated_at\": \"2022-05-27T04:23:21.410810Z\", \"description\": \"\"}], \"title\": \"Lead time to be less than\", \"value\": \"3333\", \"options\": null, \"created_at\": \"2022-05-27T05:00:47.765744Z\", \"created_by\": null, \"unit_value\": 13, \"updated_at\": \"2022-05-27T05:00:47.765785Z\", \"description\": null, \"is_optional\": true, \"classification\": 3}, \"is_optional\": \"True\"}, {\"id\": 531, \"attribute\": {\"id\": 21, \"type\": \"number\", \"unit\": [{\"id\": 18, \"title\": \"USD\", \"created_at\": \"2022-05-27T04:28:43.387412Z\", \"created_by\": null, \"updated_at\": \"2022-05-27T04:28:43.387463Z\", \"description\": \"\"}, {\"id\": 19, \"title\": \"EUR\", \"created_at\": \"2022-05-27T04:29:10.653710Z\", \"created_by\": null, \"updated_at\": \"2022-05-27T04:29:10.653744Z\", \"description\": \"\"}, {\"id\": 20, \"title\": \"CNH\", \"created_at\": \"2022-05-27T04:29:17.096803Z\", \"created_by\": null, \"updated_at\": \"2022-05-27T04:29:17.096851Z\", \"description\": \"\"}, {\"id\": 21, \"title\": \"CNY\", \"created_at\": \"2022-05-27T04:30:47.418935Z\", \"created_by\": null, \"updated_at\": \"2022-05-27T04:30:47.418982Z\", \"description\": \"\"}, {\"id\": 22, \"title\": \"BTC\", \"created_at\": \"2022-05-27T04:30:52.577476Z\", \"created_by\": null, \"updated_at\": \"2022-05-27T04:30:52.577512Z\", \"description\": \"\"}], \"title\": \"Price to be less than\", \"value\": \"333\", \"options\": null, \"created_at\": \"2022-05-27T05:00:47.769491Z\", \"created_by\": null, \"unit_value\": 18, \"updated_at\": \"2022-05-27T05:00:47.769535Z\", \"description\": null, \"is_optional\": true, \"classification\": 3}, \"is_optional\": \"True\"}]}]}',3,'query',NULL,44,'333','{\"email\": \"hello@gmail1.com\", \"phone\": \"01738070062`\", \"password\": \"K.m.rif@t\", \"existUser\": \"ssss\", \"last_name\": \"worlld\", \"first_name\": \"hello\", \"companyName\": \"DDR\", \"confirmPassword\": \"K.m.rif@t\"}',NULL,1,0,NULL,NULL,0,'',NULL,'pending','submitted',NULL,NULL,'21345',''),(18,'2022-11-02 07:15:20.673988','2022-11-02 15:50:09.564650','139506816','{\"id\": 10, \"slug\": \"accumulator-1\", \"title\": \"Accumulator\", \"description\": \"\", \"partclassification_set\": [{\"id\": 58, \"is_optional\": \"False\", \"classification\": {\"id\": 1, \"title\": \"Mechanical Specification\", \"created_at\": \"2022-05-11T06:15:21.725312Z\", \"created_by\": null, \"updated_at\": \"2022-10-23T21:58:53.007177Z\", \"description\": \"\"}, \"partclassificationattribute_set\": [{\"id\": 209, \"attribute\": {\"id\": 22, \"type\": \"text\", \"unit\": [], \"title\": \"Refrigerant, e.g., R134a\", \"value\": \"test\", \"options\": null, \"created_at\": \"2022-10-15T05:35:37.382715Z\", \"created_by\": null, \"unit_value\": \"\", \"updated_at\": \"2022-10-15T05:35:37.382765Z\", \"description\": null, \"is_optional\": false, \"classification\": 1}, \"is_optional\": \"False\"}, {\"id\": 210, \"attribute\": {\"id\": 35, \"type\": \"text\", \"unit\": [], \"title\": \"Refrigerant holding weight or refrigeration capacity\", \"value\": \"test\", \"options\": null, \"created_at\": \"2022-10-16T03:16:51.451350Z\", \"created_by\": null, \"unit_value\": \"\", \"updated_at\": \"2022-10-16T03:16:51.451384Z\", \"description\": null, \"is_optional\": false, \"classification\": 1}, \"is_optional\": \"False\"}, {\"id\": 211, \"attribute\": {\"id\": 36, \"type\": \"select\", \"unit\": [], \"title\": \"Orientation\", \"value\": \"Vertical\", \"options\": \"Vertical,Horizontal\", \"created_at\": \"2022-10-16T03:16:51.453564Z\", \"created_by\": null, \"unit_value\": \"\", \"updated_at\": \"2022-10-16T16:00:32.276199Z\", \"description\": null, \"is_optional\": false, \"classification\": 1}, \"is_optional\": \"False\"}]}, {\"id\": 59, \"is_optional\": \"True\", \"classification\": {\"id\": 3, \"title\": \"Preference\", \"created_at\": \"2022-05-27T05:00:47.764698Z\", \"created_by\": null, \"updated_at\": \"2022-05-27T05:00:47.764746Z\", \"description\": \"\"}, \"partclassificationattribute_set\": [{\"id\": 212, \"attribute\": {\"id\": 20, \"type\": \"number\", \"unit\": [{\"id\": 13, \"title\": \"Week\", \"created_at\": \"2022-05-27T04:23:14.899157Z\", \"created_by\": null, \"updated_at\": \"2022-05-27T04:23:14.899227Z\", \"description\": \"\"}, {\"id\": 14, \"title\": \"Day\", \"created_at\": \"2022-05-27T04:23:21.410775Z\", \"created_by\": null, \"updated_at\": \"2022-05-27T04:23:21.410810Z\", \"description\": \"\"}], \"title\": \"Lead time to be less than\", \"value\": \"1\", \"options\": null, \"created_at\": \"2022-05-27T05:00:47.765744Z\", \"created_by\": null, \"unit_value\": 13, \"updated_at\": \"2022-05-27T05:00:47.765785Z\", \"description\": null, \"is_optional\": true, \"classification\": 3}, \"is_optional\": \"True\"}, {\"id\": 213, \"attribute\": {\"id\": 21, \"type\": \"number\", \"unit\": [{\"id\": 18, \"title\": \"USD\", \"created_at\": \"2022-05-27T04:28:43.387412Z\", \"created_by\": null, \"updated_at\": \"2022-05-27T04:28:43.387463Z\", \"description\": \"\"}, {\"id\": 19, \"title\": \"EUR\", \"created_at\": \"2022-05-27T04:29:10.653710Z\", \"created_by\": null, \"updated_at\": \"2022-05-27T04:29:10.653744Z\", \"description\": \"\"}, {\"id\": 20, \"title\": \"CNH\", \"created_at\": \"2022-05-27T04:29:17.096803Z\", \"created_by\": null, \"updated_at\": \"2022-05-27T04:29:17.096851Z\", \"description\": \"\"}, {\"id\": 21, \"title\": \"CNY\", \"created_at\": \"2022-05-27T04:30:47.418935Z\", \"created_by\": null, \"updated_at\": \"2022-05-27T04:30:47.418982Z\", \"description\": \"\"}, {\"id\": 22, \"title\": \"BTC\", \"created_at\": \"2022-05-27T04:30:52.577476Z\", \"created_by\": null, \"updated_at\": \"2022-05-27T04:30:52.577512Z\", \"description\": \"\"}], \"title\": \"Price to be less than\", \"value\": \"19\", \"options\": null, \"created_at\": \"2022-05-27T05:00:47.769491Z\", \"created_by\": null, \"unit_value\": 18, \"updated_at\": \"2022-05-27T05:00:47.769535Z\", \"description\": null, \"is_optional\": true, \"classification\": 3}, \"is_optional\": \"True\"}]}]}',1,'query',NULL,10,'test','{\"email\": \"admin@gmail.com\", \"phone\": \"123\", \"last_name\": \"\", \"first_name\": \"\", \"companyName\": \"mediusware\"}',3,1,0,NULL,NULL,0,'',NULL,'pending','submitted',NULL,NULL,'121234','post/parts_bOEDvCk.jpg'),(19,'2022-11-02 09:26:55.007780','2022-11-02 09:26:55.007873','853949106','{\"id\": 44, \"slug\": \"aluminum-bar-rod\", \"title\": \"Aluminum Bar / Rod\", \"description\": \"\", \"partclassification_set\": [{\"id\": 141, \"is_optional\": \"False\", \"classification\": {\"id\": 1, \"title\": \"Mechanical Specification\", \"created_at\": \"2022-05-11T06:15:21.725312Z\", \"created_by\": null, \"updated_at\": \"2022-10-23T21:58:53.007177Z\", \"description\": \"\"}, \"partclassificationattribute_set\": [{\"id\": 527, \"attribute\": {\"id\": 123, \"type\": \"text\", \"unit\": [], \"title\": \"Aluminum alloy, e.g., 6061\", \"value\": \"12\", \"options\": null, \"created_at\": \"2022-10-18T04:04:57.973259Z\", \"created_by\": null, \"unit_value\": \"\", \"updated_at\": \"2022-10-18T04:06:30.452864Z\", \"description\": null, \"is_optional\": false, \"classification\": 1}, \"is_optional\": \"False\"}, {\"id\": 528, \"attribute\": {\"id\": 119, \"type\": \"number\", \"unit\": [{\"id\": 37, \"title\": \"in\", \"created_at\": \"2022-10-16T16:13:52.114616Z\", \"created_by\": null, \"updated_at\": \"2022-10-16T16:13:52.115011Z\", \"description\": \"\"}, {\"id\": 39, \"title\": \"cm\", \"created_at\": \"2022-10-16T16:19:29.422513Z\", \"created_by\": null, \"updated_at\": \"2022-10-16T16:19:29.422590Z\", \"description\": \"\"}], \"title\": \"Diameter, e.g., 3/4\\\"\", \"value\": \"12\", \"options\": null, \"created_at\": \"2022-10-17T03:20:57.290709Z\", \"created_by\": null, \"unit_value\": 37, \"updated_at\": \"2022-10-17T03:20:57.290756Z\", \"description\": null, \"is_optional\": false, \"classification\": 1}, \"is_optional\": \"False\"}, {\"id\": 529, \"attribute\": {\"id\": 118, \"type\": \"number\", \"unit\": [{\"id\": 37, \"title\": \"in\", \"created_at\": \"2022-10-16T16:13:52.114616Z\", \"created_by\": null, \"updated_at\": \"2022-10-16T16:13:52.115011Z\", \"description\": \"\"}, {\"id\": 39, \"title\": \"cm\", \"created_at\": \"2022-10-16T16:19:29.422513Z\", \"created_by\": null, \"updated_at\": \"2022-10-16T16:19:29.422590Z\", \"description\": \"\"}], \"title\": \"Length, e.g., 36\\\"\", \"value\": \"12\", \"options\": null, \"created_at\": \"2022-10-17T03:07:39.113706Z\", \"created_by\": null, \"unit_value\": 37, \"updated_at\": \"2022-10-17T03:07:39.113773Z\", \"description\": null, \"is_optional\": false, \"classification\": 1}, \"is_optional\": \"False\"}]}, {\"id\": 142, \"is_optional\": \"True\", \"classification\": {\"id\": 3, \"title\": \"Preference\", \"created_at\": \"2022-05-27T05:00:47.764698Z\", \"created_by\": null, \"updated_at\": \"2022-05-27T05:00:47.764746Z\", \"description\": \"\"}, \"partclassificationattribute_set\": [{\"id\": 530, \"attribute\": {\"id\": 20, \"type\": \"number\", \"unit\": [{\"id\": 13, \"title\": \"Week\", \"created_at\": \"2022-05-27T04:23:14.899157Z\", \"created_by\": null, \"updated_at\": \"2022-05-27T04:23:14.899227Z\", \"description\": \"\"}, {\"id\": 14, \"title\": \"Day\", \"created_at\": \"2022-05-27T04:23:21.410775Z\", \"created_by\": null, \"updated_at\": \"2022-05-27T04:23:21.410810Z\", \"description\": \"\"}], \"title\": \"Lead time to be less than\", \"value\": \"\", \"options\": null, \"created_at\": \"2022-05-27T05:00:47.765744Z\", \"created_by\": null, \"unit_value\": 13, \"updated_at\": \"2022-05-27T05:00:47.765785Z\", \"description\": null, \"is_optional\": true, \"classification\": 3}, \"is_optional\": \"True\"}, {\"id\": 531, \"attribute\": {\"id\": 21, \"type\": \"number\", \"unit\": [{\"id\": 18, \"title\": \"USD\", \"created_at\": \"2022-05-27T04:28:43.387412Z\", \"created_by\": null, \"updated_at\": \"2022-05-27T04:28:43.387463Z\", \"description\": \"\"}, {\"id\": 19, \"title\": \"EUR\", \"created_at\": \"2022-05-27T04:29:10.653710Z\", \"created_by\": null, \"updated_at\": \"2022-05-27T04:29:10.653744Z\", \"description\": \"\"}, {\"id\": 20, \"title\": \"CNH\", \"created_at\": \"2022-05-27T04:29:17.096803Z\", \"created_by\": null, \"updated_at\": \"2022-05-27T04:29:17.096851Z\", \"description\": \"\"}, {\"id\": 21, \"title\": \"CNY\", \"created_at\": \"2022-05-27T04:30:47.418935Z\", \"created_by\": null, \"updated_at\": \"2022-05-27T04:30:47.418982Z\", \"description\": \"\"}, {\"id\": 22, \"title\": \"BTC\", \"created_at\": \"2022-05-27T04:30:52.577476Z\", \"created_by\": null, \"updated_at\": \"2022-05-27T04:30:52.577512Z\", \"description\": \"\"}], \"title\": \"Price to be less than\", \"value\": \"\", \"options\": null, \"created_at\": \"2022-05-27T05:00:47.769491Z\", \"created_by\": null, \"unit_value\": 18, \"updated_at\": \"2022-05-27T05:00:47.769535Z\", \"description\": null, \"is_optional\": true, \"classification\": 3}, \"is_optional\": \"True\"}]}]}',1,'query',NULL,44,'Test','{\"email\": \"\", \"phone\": \"\", \"password\": \"\", \"existUser\": \"\", \"last_name\": \"\", \"first_name\": \"\", \"companyName\": \"\", \"confirmPassword\": \"\"}',NULL,0,0,NULL,NULL,0,'',NULL,'pending','submitted',NULL,NULL,'94070',''),(20,'2022-11-02 09:27:50.627885','2022-11-02 15:49:50.417662','360973764','{\"id\": 10, \"slug\": \"accumulator-1\", \"title\": \"Accumulator\", \"description\": \"\", \"partclassification_set\": [{\"id\": 58, \"is_optional\": \"False\", \"classification\": {\"id\": 1, \"title\": \"Mechanical Specification\", \"created_at\": \"2022-05-11T06:15:21.725312Z\", \"created_by\": null, \"updated_at\": \"2022-10-23T21:58:53.007177Z\", \"description\": \"\"}, \"partclassificationattribute_set\": [{\"id\": 209, \"attribute\": {\"id\": 22, \"type\": \"text\", \"unit\": [], \"title\": \"Refrigerant, e.g., R134a\", \"value\": \"F146\", \"options\": null, \"created_at\": \"2022-10-15T05:35:37.382715Z\", \"created_by\": null, \"unit_value\": \"\", \"updated_at\": \"2022-10-15T05:35:37.382765Z\", \"description\": null, \"is_optional\": false, \"classification\": 1}, \"is_optional\": \"False\"}, {\"id\": 210, \"attribute\": {\"id\": 35, \"type\": \"text\", \"unit\": [], \"title\": \"Refrigerant holding weight or refrigeration capacity\", \"value\": \"800\", \"options\": null, \"created_at\": \"2022-10-16T03:16:51.451350Z\", \"created_by\": null, \"unit_value\": \"\", \"updated_at\": \"2022-10-16T03:16:51.451384Z\", \"description\": null, \"is_optional\": false, \"classification\": 1}, \"is_optional\": \"False\"}, {\"id\": 211, \"attribute\": {\"id\": 36, \"type\": \"select\", \"unit\": [], \"title\": \"Orientation\", \"value\": \"Vertical\", \"options\": \"Vertical,Horizontal\", \"created_at\": \"2022-10-16T03:16:51.453564Z\", \"created_by\": null, \"unit_value\": \"\", \"updated_at\": \"2022-10-16T16:00:32.276199Z\", \"description\": null, \"is_optional\": false, \"classification\": 1}, \"is_optional\": \"False\"}]}, {\"id\": 59, \"is_optional\": \"True\", \"classification\": {\"id\": 3, \"title\": \"Preference\", \"created_at\": \"2022-05-27T05:00:47.764698Z\", \"created_by\": null, \"updated_at\": \"2022-05-27T05:00:47.764746Z\", \"description\": \"\"}, \"partclassificationattribute_set\": [{\"id\": 212, \"attribute\": {\"id\": 20, \"type\": \"number\", \"unit\": [{\"id\": 13, \"title\": \"Week\", \"created_at\": \"2022-05-27T04:23:14.899157Z\", \"created_by\": null, \"updated_at\": \"2022-05-27T04:23:14.899227Z\", \"description\": \"\"}, {\"id\": 14, \"title\": \"Day\", \"created_at\": \"2022-05-27T04:23:21.410775Z\", \"created_by\": null, \"updated_at\": \"2022-05-27T04:23:21.410810Z\", \"description\": \"\"}], \"title\": \"Lead time to be less than\", \"value\": \"1\", \"options\": null, \"created_at\": \"2022-05-27T05:00:47.765744Z\", \"created_by\": null, \"unit_value\": 13, \"updated_at\": \"2022-05-27T05:00:47.765785Z\", \"description\": null, \"is_optional\": true, \"classification\": 3}, \"is_optional\": \"True\"}, {\"id\": 213, \"attribute\": {\"id\": 21, \"type\": \"number\", \"unit\": [{\"id\": 18, \"title\": \"USD\", \"created_at\": \"2022-05-27T04:28:43.387412Z\", \"created_by\": null, \"updated_at\": \"2022-05-27T04:28:43.387463Z\", \"description\": \"\"}, {\"id\": 19, \"title\": \"EUR\", \"created_at\": \"2022-05-27T04:29:10.653710Z\", \"created_by\": null, \"updated_at\": \"2022-05-27T04:29:10.653744Z\", \"description\": \"\"}, {\"id\": 20, \"title\": \"CNH\", \"created_at\": \"2022-05-27T04:29:17.096803Z\", \"created_by\": null, \"updated_at\": \"2022-05-27T04:29:17.096851Z\", \"description\": \"\"}, {\"id\": 21, \"title\": \"CNY\", \"created_at\": \"2022-05-27T04:30:47.418935Z\", \"created_by\": null, \"updated_at\": \"2022-05-27T04:30:47.418982Z\", \"description\": \"\"}, {\"id\": 22, \"title\": \"BTC\", \"created_at\": \"2022-05-27T04:30:52.577476Z\", \"created_by\": null, \"updated_at\": \"2022-05-27T04:30:52.577512Z\", \"description\": \"\"}], \"title\": \"Price to be less than\", \"value\": \"1000\", \"options\": null, \"created_at\": \"2022-05-27T05:00:47.769491Z\", \"created_by\": null, \"unit_value\": 18, \"updated_at\": \"2022-05-27T05:00:47.769535Z\", \"description\": null, \"is_optional\": true, \"classification\": 3}, \"is_optional\": \"True\"}]}]}',1,'query',NULL,10,'','{\"email\": \"admin@gmail.com\", \"phone\": \"+1 (726) 908-8731\", \"last_name\": \"Reynolds\", \"first_name\": \"Len\", \"companyName\": \"Gilbert and Chapman Traders\"}',3,1,0,NULL,NULL,0,'',NULL,'pending','submitted',NULL,NULL,'12345',''),(21,'2022-11-02 09:27:50.717841','2022-11-02 15:49:50.408624','144247967','{\"id\": 10, \"slug\": \"accumulator-1\", \"title\": \"Accumulator\", \"description\": \"\", \"partclassification_set\": [{\"id\": 58, \"is_optional\": \"False\", \"classification\": {\"id\": 1, \"title\": \"Mechanical Specification\", \"created_at\": \"2022-05-11T06:15:21.725312Z\", \"created_by\": null, \"updated_at\": \"2022-10-23T21:58:53.007177Z\", \"description\": \"\"}, \"partclassificationattribute_set\": [{\"id\": 209, \"attribute\": {\"id\": 22, \"type\": \"text\", \"unit\": [], \"title\": \"Refrigerant, e.g., R134a\", \"value\": \"F146\", \"options\": null, \"created_at\": \"2022-10-15T05:35:37.382715Z\", \"created_by\": null, \"unit_value\": \"\", \"updated_at\": \"2022-10-15T05:35:37.382765Z\", \"description\": null, \"is_optional\": false, \"classification\": 1}, \"is_optional\": \"False\"}, {\"id\": 210, \"attribute\": {\"id\": 35, \"type\": \"text\", \"unit\": [], \"title\": \"Refrigerant holding weight or refrigeration capacity\", \"value\": \"800\", \"options\": null, \"created_at\": \"2022-10-16T03:16:51.451350Z\", \"created_by\": null, \"unit_value\": \"\", \"updated_at\": \"2022-10-16T03:16:51.451384Z\", \"description\": null, \"is_optional\": false, \"classification\": 1}, \"is_optional\": \"False\"}, {\"id\": 211, \"attribute\": {\"id\": 36, \"type\": \"select\", \"unit\": [], \"title\": \"Orientation\", \"value\": \"Vertical\", \"options\": \"Vertical,Horizontal\", \"created_at\": \"2022-10-16T03:16:51.453564Z\", \"created_by\": null, \"unit_value\": \"\", \"updated_at\": \"2022-10-16T16:00:32.276199Z\", \"description\": null, \"is_optional\": false, \"classification\": 1}, \"is_optional\": \"False\"}]}, {\"id\": 59, \"is_optional\": \"True\", \"classification\": {\"id\": 3, \"title\": \"Preference\", \"created_at\": \"2022-05-27T05:00:47.764698Z\", \"created_by\": null, \"updated_at\": \"2022-05-27T05:00:47.764746Z\", \"description\": \"\"}, \"partclassificationattribute_set\": [{\"id\": 212, \"attribute\": {\"id\": 20, \"type\": \"number\", \"unit\": [{\"id\": 13, \"title\": \"Week\", \"created_at\": \"2022-05-27T04:23:14.899157Z\", \"created_by\": null, \"updated_at\": \"2022-05-27T04:23:14.899227Z\", \"description\": \"\"}, {\"id\": 14, \"title\": \"Day\", \"created_at\": \"2022-05-27T04:23:21.410775Z\", \"created_by\": null, \"updated_at\": \"2022-05-27T04:23:21.410810Z\", \"description\": \"\"}], \"title\": \"Lead time to be less than\", \"value\": \"1\", \"options\": null, \"created_at\": \"2022-05-27T05:00:47.765744Z\", \"created_by\": null, \"unit_value\": 13, \"updated_at\": \"2022-05-27T05:00:47.765785Z\", \"description\": null, \"is_optional\": true, \"classification\": 3}, \"is_optional\": \"True\"}, {\"id\": 213, \"attribute\": {\"id\": 21, \"type\": \"number\", \"unit\": [{\"id\": 18, \"title\": \"USD\", \"created_at\": \"2022-05-27T04:28:43.387412Z\", \"created_by\": null, \"updated_at\": \"2022-05-27T04:28:43.387463Z\", \"description\": \"\"}, {\"id\": 19, \"title\": \"EUR\", \"created_at\": \"2022-05-27T04:29:10.653710Z\", \"created_by\": null, \"updated_at\": \"2022-05-27T04:29:10.653744Z\", \"description\": \"\"}, {\"id\": 20, \"title\": \"CNH\", \"created_at\": \"2022-05-27T04:29:17.096803Z\", \"created_by\": null, \"updated_at\": \"2022-05-27T04:29:17.096851Z\", \"description\": \"\"}, {\"id\": 21, \"title\": \"CNY\", \"created_at\": \"2022-05-27T04:30:47.418935Z\", \"created_by\": null, \"updated_at\": \"2022-05-27T04:30:47.418982Z\", \"description\": \"\"}, {\"id\": 22, \"title\": \"BTC\", \"created_at\": \"2022-05-27T04:30:52.577476Z\", \"created_by\": null, \"updated_at\": \"2022-05-27T04:30:52.577512Z\", \"description\": \"\"}], \"title\": \"Price to be less than\", \"value\": \"1000\", \"options\": null, \"created_at\": \"2022-05-27T05:00:47.769491Z\", \"created_by\": null, \"unit_value\": 18, \"updated_at\": \"2022-05-27T05:00:47.769535Z\", \"description\": null, \"is_optional\": true, \"classification\": 3}, \"is_optional\": \"True\"}]}]}',1,'query',NULL,10,'','{\"email\": \"admin@gmail.com\", \"phone\": \"+1 (726) 908-8731\", \"last_name\": \"Reynolds\", \"first_name\": \"Len\", \"companyName\": \"Gilbert and Chapman Traders\"}',3,1,0,NULL,NULL,0,'',NULL,'pending','submitted',NULL,NULL,'12345',''),(22,'2022-11-02 09:28:03.955552','2022-11-02 15:49:50.386876','109873411','{\"id\": 10, \"slug\": \"accumulator-1\", \"title\": \"Accumulator\", \"description\": \"\", \"partclassification_set\": [{\"id\": 58, \"is_optional\": \"False\", \"classification\": {\"id\": 1, \"title\": \"Mechanical Specification\", \"created_at\": \"2022-05-11T06:15:21.725312Z\", \"created_by\": null, \"updated_at\": \"2022-10-23T21:58:53.007177Z\", \"description\": \"\"}, \"partclassificationattribute_set\": [{\"id\": 209, \"attribute\": {\"id\": 22, \"type\": \"text\", \"unit\": [], \"title\": \"Refrigerant, e.g., R134a\", \"value\": \"F146\", \"options\": null, \"created_at\": \"2022-10-15T05:35:37.382715Z\", \"created_by\": null, \"unit_value\": \"\", \"updated_at\": \"2022-10-15T05:35:37.382765Z\", \"description\": null, \"is_optional\": false, \"classification\": 1}, \"is_optional\": \"False\"}, {\"id\": 210, \"attribute\": {\"id\": 35, \"type\": \"text\", \"unit\": [], \"title\": \"Refrigerant holding weight or refrigeration capacity\", \"value\": \"800\", \"options\": null, \"created_at\": \"2022-10-16T03:16:51.451350Z\", \"created_by\": null, \"unit_value\": \"\", \"updated_at\": \"2022-10-16T03:16:51.451384Z\", \"description\": null, \"is_optional\": false, \"classification\": 1}, \"is_optional\": \"False\"}, {\"id\": 211, \"attribute\": {\"id\": 36, \"type\": \"select\", \"unit\": [], \"title\": \"Orientation\", \"value\": \"Vertical\", \"options\": \"Vertical,Horizontal\", \"created_at\": \"2022-10-16T03:16:51.453564Z\", \"created_by\": null, \"unit_value\": \"\", \"updated_at\": \"2022-10-16T16:00:32.276199Z\", \"description\": null, \"is_optional\": false, \"classification\": 1}, \"is_optional\": \"False\"}]}, {\"id\": 59, \"is_optional\": \"True\", \"classification\": {\"id\": 3, \"title\": \"Preference\", \"created_at\": \"2022-05-27T05:00:47.764698Z\", \"created_by\": null, \"updated_at\": \"2022-05-27T05:00:47.764746Z\", \"description\": \"\"}, \"partclassificationattribute_set\": [{\"id\": 212, \"attribute\": {\"id\": 20, \"type\": \"number\", \"unit\": [{\"id\": 13, \"title\": \"Week\", \"created_at\": \"2022-05-27T04:23:14.899157Z\", \"created_by\": null, \"updated_at\": \"2022-05-27T04:23:14.899227Z\", \"description\": \"\"}, {\"id\": 14, \"title\": \"Day\", \"created_at\": \"2022-05-27T04:23:21.410775Z\", \"created_by\": null, \"updated_at\": \"2022-05-27T04:23:21.410810Z\", \"description\": \"\"}], \"title\": \"Lead time to be less than\", \"value\": \"1\", \"options\": null, \"created_at\": \"2022-05-27T05:00:47.765744Z\", \"created_by\": null, \"unit_value\": 13, \"updated_at\": \"2022-05-27T05:00:47.765785Z\", \"description\": null, \"is_optional\": true, \"classification\": 3}, \"is_optional\": \"True\"}, {\"id\": 213, \"attribute\": {\"id\": 21, \"type\": \"number\", \"unit\": [{\"id\": 18, \"title\": \"USD\", \"created_at\": \"2022-05-27T04:28:43.387412Z\", \"created_by\": null, \"updated_at\": \"2022-05-27T04:28:43.387463Z\", \"description\": \"\"}, {\"id\": 19, \"title\": \"EUR\", \"created_at\": \"2022-05-27T04:29:10.653710Z\", \"created_by\": null, \"updated_at\": \"2022-05-27T04:29:10.653744Z\", \"description\": \"\"}, {\"id\": 20, \"title\": \"CNH\", \"created_at\": \"2022-05-27T04:29:17.096803Z\", \"created_by\": null, \"updated_at\": \"2022-05-27T04:29:17.096851Z\", \"description\": \"\"}, {\"id\": 21, \"title\": \"CNY\", \"created_at\": \"2022-05-27T04:30:47.418935Z\", \"created_by\": null, \"updated_at\": \"2022-05-27T04:30:47.418982Z\", \"description\": \"\"}, {\"id\": 22, \"title\": \"BTC\", \"created_at\": \"2022-05-27T04:30:52.577476Z\", \"created_by\": null, \"updated_at\": \"2022-05-27T04:30:52.577512Z\", \"description\": \"\"}], \"title\": \"Price to be less than\", \"value\": \"1000\", \"options\": null, \"created_at\": \"2022-05-27T05:00:47.769491Z\", \"created_by\": null, \"unit_value\": 18, \"updated_at\": \"2022-05-27T05:00:47.769535Z\", \"description\": null, \"is_optional\": true, \"classification\": 3}, \"is_optional\": \"True\"}]}]}',1,'query',NULL,10,'','{\"email\": \"admin@gmail.com\", \"phone\": \"+1 (726) 908-8731\", \"last_name\": \"Reynolds\", \"first_name\": \"Len\", \"companyName\": \"Gilbert and Chapman Traders\"}',3,1,0,NULL,NULL,0,'',NULL,'pending','submitted',NULL,NULL,'12345',''),(23,'2022-11-02 09:28:34.219813','2022-11-02 15:49:50.374994','286978559','{\"id\": 10, \"slug\": \"accumulator-1\", \"title\": \"Accumulator\", \"description\": \"\", \"partclassification_set\": [{\"id\": 58, \"is_optional\": \"False\", \"classification\": {\"id\": 1, \"title\": \"Mechanical Specification\", \"created_at\": \"2022-05-11T06:15:21.725312Z\", \"created_by\": null, \"updated_at\": \"2022-10-23T21:58:53.007177Z\", \"description\": \"\"}, \"partclassificationattribute_set\": [{\"id\": 209, \"attribute\": {\"id\": 22, \"type\": \"text\", \"unit\": [], \"title\": \"Refrigerant, e.g., R134a\", \"value\": \"Temporibus eaque ven\", \"options\": null, \"created_at\": \"2022-10-15T05:35:37.382715Z\", \"created_by\": null, \"unit_value\": \"\", \"updated_at\": \"2022-10-15T05:35:37.382765Z\", \"description\": null, \"is_optional\": false, \"classification\": 1}, \"is_optional\": \"False\"}, {\"id\": 210, \"attribute\": {\"id\": 35, \"type\": \"text\", \"unit\": [], \"title\": \"Refrigerant holding weight or refrigeration capacity\", \"value\": \"Eos accusamus consec\", \"options\": null, \"created_at\": \"2022-10-16T03:16:51.451350Z\", \"created_by\": null, \"unit_value\": \"\", \"updated_at\": \"2022-10-16T03:16:51.451384Z\", \"description\": null, \"is_optional\": false, \"classification\": 1}, \"is_optional\": \"False\"}, {\"id\": 211, \"attribute\": {\"id\": 36, \"type\": \"select\", \"unit\": [], \"title\": \"Orientation\", \"value\": \"Horizontal\", \"options\": \"Vertical,Horizontal\", \"created_at\": \"2022-10-16T03:16:51.453564Z\", \"created_by\": null, \"unit_value\": \"\", \"updated_at\": \"2022-10-16T16:00:32.276199Z\", \"description\": null, \"is_optional\": false, \"classification\": 1}, \"is_optional\": \"False\"}]}, {\"id\": 59, \"is_optional\": \"True\", \"classification\": {\"id\": 3, \"title\": \"Preference\", \"created_at\": \"2022-05-27T05:00:47.764698Z\", \"created_by\": null, \"updated_at\": \"2022-05-27T05:00:47.764746Z\", \"description\": \"\"}, \"partclassificationattribute_set\": [{\"id\": 212, \"attribute\": {\"id\": 20, \"type\": \"number\", \"unit\": [{\"id\": 13, \"title\": \"Week\", \"created_at\": \"2022-05-27T04:23:14.899157Z\", \"created_by\": null, \"updated_at\": \"2022-05-27T04:23:14.899227Z\", \"description\": \"\"}, {\"id\": 14, \"title\": \"Day\", \"created_at\": \"2022-05-27T04:23:21.410775Z\", \"created_by\": null, \"updated_at\": \"2022-05-27T04:23:21.410810Z\", \"description\": \"\"}], \"title\": \"Lead time to be less than\", \"value\": \"80\", \"options\": null, \"created_at\": \"2022-05-27T05:00:47.765744Z\", \"created_by\": null, \"unit_value\": 13, \"updated_at\": \"2022-05-27T05:00:47.765785Z\", \"description\": null, \"is_optional\": true, \"classification\": 3}, \"is_optional\": \"True\"}, {\"id\": 213, \"attribute\": {\"id\": 21, \"type\": \"number\", \"unit\": [{\"id\": 18, \"title\": \"USD\", \"created_at\": \"2022-05-27T04:28:43.387412Z\", \"created_by\": null, \"updated_at\": \"2022-05-27T04:28:43.387463Z\", \"description\": \"\"}, {\"id\": 19, \"title\": \"EUR\", \"created_at\": \"2022-05-27T04:29:10.653710Z\", \"created_by\": null, \"updated_at\": \"2022-05-27T04:29:10.653744Z\", \"description\": \"\"}, {\"id\": 20, \"title\": \"CNH\", \"created_at\": \"2022-05-27T04:29:17.096803Z\", \"created_by\": null, \"updated_at\": \"2022-05-27T04:29:17.096851Z\", \"description\": \"\"}, {\"id\": 21, \"title\": \"CNY\", \"created_at\": \"2022-05-27T04:30:47.418935Z\", \"created_by\": null, \"updated_at\": \"2022-05-27T04:30:47.418982Z\", \"description\": \"\"}, {\"id\": 22, \"title\": \"BTC\", \"created_at\": \"2022-05-27T04:30:52.577476Z\", \"created_by\": null, \"updated_at\": \"2022-05-27T04:30:52.577512Z\", \"description\": \"\"}], \"title\": \"Price to be less than\", \"value\": \"83\", \"options\": null, \"created_at\": \"2022-05-27T05:00:47.769491Z\", \"created_by\": null, \"unit_value\": 18, \"updated_at\": \"2022-05-27T05:00:47.769535Z\", \"description\": null, \"is_optional\": true, \"classification\": 3}, \"is_optional\": \"True\"}]}]}',70,'quote',NULL,10,'','{\"email\": \"admin@gmail.com\", \"phone\": \"+1 (726) 908-8731\", \"last_name\": \"Reynolds\", \"first_name\": \"Len\", \"companyName\": \"Gilbert and Chapman Traders\"}',3,1,0,NULL,NULL,0,'',NULL,'pending','submitted',NULL,NULL,'454545',''),(24,'2022-11-02 09:38:41.426450','2022-11-02 09:38:41.426515','959030112','{\"id\": 44, \"slug\": \"aluminum-bar-rod\", \"title\": \"Aluminum Bar / Rod\", \"description\": \"\", \"partclassification_set\": [{\"id\": 141, \"is_optional\": \"False\", \"classification\": {\"id\": 1, \"title\": \"Mechanical Specification\", \"created_at\": \"2022-05-11T06:15:21.725312Z\", \"created_by\": null, \"updated_at\": \"2022-10-23T21:58:53.007177Z\", \"description\": \"\"}, \"partclassificationattribute_set\": [{\"id\": 527, \"attribute\": {\"id\": 123, \"type\": \"text\", \"unit\": [], \"title\": \"Aluminum alloy, e.g., 6061\", \"value\": \"Test\", \"options\": null, \"created_at\": \"2022-10-18T04:04:57.973259Z\", \"created_by\": null, \"unit_value\": \"\", \"updated_at\": \"2022-10-18T04:06:30.452864Z\", \"description\": null, \"is_optional\": false, \"classification\": 1}, \"is_optional\": \"False\"}, {\"id\": 528, \"attribute\": {\"id\": 119, \"type\": \"number\", \"unit\": [{\"id\": 37, \"title\": \"in\", \"created_at\": \"2022-10-16T16:13:52.114616Z\", \"created_by\": null, \"updated_at\": \"2022-10-16T16:13:52.115011Z\", \"description\": \"\"}, {\"id\": 39, \"title\": \"cm\", \"created_at\": \"2022-10-16T16:19:29.422513Z\", \"created_by\": null, \"updated_at\": \"2022-10-16T16:19:29.422590Z\", \"description\": \"\"}], \"title\": \"Diameter, e.g., 3/4\\\"\", \"value\": \"12\", \"options\": null, \"created_at\": \"2022-10-17T03:20:57.290709Z\", \"created_by\": null, \"unit_value\": 37, \"updated_at\": \"2022-10-17T03:20:57.290756Z\", \"description\": null, \"is_optional\": false, \"classification\": 1}, \"is_optional\": \"False\"}, {\"id\": 529, \"attribute\": {\"id\": 118, \"type\": \"number\", \"unit\": [{\"id\": 37, \"title\": \"in\", \"created_at\": \"2022-10-16T16:13:52.114616Z\", \"created_by\": null, \"updated_at\": \"2022-10-16T16:13:52.115011Z\", \"description\": \"\"}, {\"id\": 39, \"title\": \"cm\", \"created_at\": \"2022-10-16T16:19:29.422513Z\", \"created_by\": null, \"updated_at\": \"2022-10-16T16:19:29.422590Z\", \"description\": \"\"}], \"title\": \"Length, e.g., 36\\\"\", \"value\": \"12\", \"options\": null, \"created_at\": \"2022-10-17T03:07:39.113706Z\", \"created_by\": null, \"unit_value\": 37, \"updated_at\": \"2022-10-17T03:07:39.113773Z\", \"description\": null, \"is_optional\": false, \"classification\": 1}, \"is_optional\": \"False\"}]}, {\"id\": 142, \"is_optional\": \"True\", \"classification\": {\"id\": 3, \"title\": \"Preference\", \"created_at\": \"2022-05-27T05:00:47.764698Z\", \"created_by\": null, \"updated_at\": \"2022-05-27T05:00:47.764746Z\", \"description\": \"\"}, \"partclassificationattribute_set\": [{\"id\": 530, \"attribute\": {\"id\": 20, \"type\": \"number\", \"unit\": [{\"id\": 13, \"title\": \"Week\", \"created_at\": \"2022-05-27T04:23:14.899157Z\", \"created_by\": null, \"updated_at\": \"2022-05-27T04:23:14.899227Z\", \"description\": \"\"}, {\"id\": 14, \"title\": \"Day\", \"created_at\": \"2022-05-27T04:23:21.410775Z\", \"created_by\": null, \"updated_at\": \"2022-05-27T04:23:21.410810Z\", \"description\": \"\"}], \"title\": \"Lead time to be less than\", \"value\": \"\", \"options\": null, \"created_at\": \"2022-05-27T05:00:47.765744Z\", \"created_by\": null, \"unit_value\": 13, \"updated_at\": \"2022-05-27T05:00:47.765785Z\", \"description\": null, \"is_optional\": true, \"classification\": 3}, \"is_optional\": \"True\"}, {\"id\": 531, \"attribute\": {\"id\": 21, \"type\": \"number\", \"unit\": [{\"id\": 18, \"title\": \"USD\", \"created_at\": \"2022-05-27T04:28:43.387412Z\", \"created_by\": null, \"updated_at\": \"2022-05-27T04:28:43.387463Z\", \"description\": \"\"}, {\"id\": 19, \"title\": \"EUR\", \"created_at\": \"2022-05-27T04:29:10.653710Z\", \"created_by\": null, \"updated_at\": \"2022-05-27T04:29:10.653744Z\", \"description\": \"\"}, {\"id\": 20, \"title\": \"CNH\", \"created_at\": \"2022-05-27T04:29:17.096803Z\", \"created_by\": null, \"updated_at\": \"2022-05-27T04:29:17.096851Z\", \"description\": \"\"}, {\"id\": 21, \"title\": \"CNY\", \"created_at\": \"2022-05-27T04:30:47.418935Z\", \"created_by\": null, \"updated_at\": \"2022-05-27T04:30:47.418982Z\", \"description\": \"\"}, {\"id\": 22, \"title\": \"BTC\", \"created_at\": \"2022-05-27T04:30:52.577476Z\", \"created_by\": null, \"updated_at\": \"2022-05-27T04:30:52.577512Z\", \"description\": \"\"}], \"title\": \"Price to be less than\", \"value\": \"\", \"options\": null, \"created_at\": \"2022-05-27T05:00:47.769491Z\", \"created_by\": null, \"unit_value\": 18, \"updated_at\": \"2022-05-27T05:00:47.769535Z\", \"description\": null, \"is_optional\": true, \"classification\": 3}, \"is_optional\": \"True\"}]}]}',1,'query',NULL,44,'','{\"email\": \"ab.abdoli@gmail.com\", \"phone\": \"305300111\", \"last_name\": \"Abdoli\", \"first_name\": \"Abas\", \"companyName\": \"TKelvin\"}',33,0,0,NULL,NULL,0,'',NULL,'pending','submitted',NULL,NULL,'94070','post/1C54C9FF-7EE0-4655-8ACF-3E27F146A162.jpeg'),(25,'2022-11-02 09:42:23.385427','2022-11-02 15:49:01.354849','248015751','{\"id\": 31, \"slug\": \"airflow-damper\", \"title\": \"Airflow Damper\", \"description\": \"\", \"partclassification_set\": [{\"id\": 115, \"is_optional\": \"False\", \"classification\": {\"id\": 1, \"title\": \"Mechanical Specification\", \"created_at\": \"2022-05-11T06:15:21.725312Z\", \"created_by\": null, \"updated_at\": \"2022-10-23T21:58:53.007177Z\", \"description\": \"\"}, \"partclassificationattribute_set\": [{\"id\": 449, \"attribute\": {\"id\": 103, \"type\": \"select\", \"unit\": [], \"title\": \"Damper type, e.g., automatic\", \"value\": \"Automatic\", \"options\": \"Manual,Automatic\", \"created_at\": \"2022-10-16T23:14:12.871129Z\", \"created_by\": null, \"unit_value\": \"\", \"updated_at\": \"2022-10-16T23:14:12.871179Z\", \"description\": null, \"is_optional\": false, \"classification\": 1}, \"is_optional\": \"False\"}, {\"id\": 450, \"attribute\": {\"id\": 104, \"type\": \"select\", \"unit\": [], \"title\": \"Duct shape\", \"value\": \"Rectangle\", \"options\": \"Circle,Rectangle,Square\", \"created_at\": \"2022-10-16T23:14:12.874183Z\", \"created_by\": null, \"unit_value\": \"\", \"updated_at\": \"2022-10-16T23:14:12.874243Z\", \"description\": null, \"is_optional\": false, \"classification\": 1}, \"is_optional\": \"False\"}, {\"id\": 451, \"attribute\": {\"id\": 105, \"type\": \"number\", \"unit\": [{\"id\": 37, \"title\": \"in\", \"created_at\": \"2022-10-16T16:13:52.114616Z\", \"created_by\": null, \"updated_at\": \"2022-10-16T16:13:52.115011Z\", \"description\": \"\"}, {\"id\": 39, \"title\": \"cm\", \"created_at\": \"2022-10-16T16:19:29.422513Z\", \"created_by\": null, \"updated_at\": \"2022-10-16T16:19:29.422590Z\", \"description\": \"\"}], \"title\": \"Duct height, e.g., 12\\\"\", \"value\": \"73\", \"options\": null, \"created_at\": \"2022-10-16T23:14:12.877622Z\", \"created_by\": null, \"unit_value\": 37, \"updated_at\": \"2022-10-16T23:14:12.877671Z\", \"description\": null, \"is_optional\": false, \"classification\": 1}, \"is_optional\": \"False\"}, {\"id\": 452, \"attribute\": {\"id\": 106, \"type\": \"number\", \"unit\": [{\"id\": 37, \"title\": \"in\", \"created_at\": \"2022-10-16T16:13:52.114616Z\", \"created_by\": null, \"updated_at\": \"2022-10-16T16:13:52.115011Z\", \"description\": \"\"}, {\"id\": 39, \"title\": \"cm\", \"created_at\": \"2022-10-16T16:19:29.422513Z\", \"created_by\": null, \"updated_at\": \"2022-10-16T16:19:29.422590Z\", \"description\": \"\"}], \"title\": \"Duct width, e.g., 12\\\"\", \"value\": \"24\", \"options\": null, \"created_at\": \"2022-10-16T23:14:12.882290Z\", \"created_by\": null, \"unit_value\": 39, \"updated_at\": \"2022-10-16T23:14:12.882344Z\", \"description\": null, \"is_optional\": false, \"classification\": 1}, \"is_optional\": \"False\"}, {\"id\": 453, \"attribute\": {\"id\": 107, \"type\": \"text\", \"unit\": [], \"title\": \"Connection type, e.g., press fit\", \"value\": \"Rerum incididunt tem\", \"options\": null, \"created_at\": \"2022-10-16T23:14:12.888837Z\", \"created_by\": null, \"unit_value\": \"\", \"updated_at\": \"2022-10-16T23:14:12.888896Z\", \"description\": null, \"is_optional\": false, \"classification\": 1}, \"is_optional\": \"False\"}]}, {\"id\": 116, \"is_optional\": \"True\", \"classification\": {\"id\": 3, \"title\": \"Preference\", \"created_at\": \"2022-05-27T05:00:47.764698Z\", \"created_by\": null, \"updated_at\": \"2022-05-27T05:00:47.764746Z\", \"description\": \"\"}, \"partclassificationattribute_set\": [{\"id\": 454, \"attribute\": {\"id\": 20, \"type\": \"number\", \"unit\": [{\"id\": 13, \"title\": \"Week\", \"created_at\": \"2022-05-27T04:23:14.899157Z\", \"created_by\": null, \"updated_at\": \"2022-05-27T04:23:14.899227Z\", \"description\": \"\"}, {\"id\": 14, \"title\": \"Day\", \"created_at\": \"2022-05-27T04:23:21.410775Z\", \"created_by\": null, \"updated_at\": \"2022-05-27T04:23:21.410810Z\", \"description\": \"\"}], \"title\": \"Lead time to be less than\", \"value\": \"51\", \"options\": null, \"created_at\": \"2022-05-27T05:00:47.765744Z\", \"created_by\": null, \"unit_value\": 13, \"updated_at\": \"2022-05-27T05:00:47.765785Z\", \"description\": null, \"is_optional\": true, \"classification\": 3}, \"is_optional\": \"True\"}, {\"id\": 455, \"attribute\": {\"id\": 21, \"type\": \"number\", \"unit\": [{\"id\": 18, \"title\": \"USD\", \"created_at\": \"2022-05-27T04:28:43.387412Z\", \"created_by\": null, \"updated_at\": \"2022-05-27T04:28:43.387463Z\", \"description\": \"\"}, {\"id\": 19, \"title\": \"EUR\", \"created_at\": \"2022-05-27T04:29:10.653710Z\", \"created_by\": null, \"updated_at\": \"2022-05-27T04:29:10.653744Z\", \"description\": \"\"}, {\"id\": 20, \"title\": \"CNH\", \"created_at\": \"2022-05-27T04:29:17.096803Z\", \"created_by\": null, \"updated_at\": \"2022-05-27T04:29:17.096851Z\", \"description\": \"\"}, {\"id\": 21, \"title\": \"CNY\", \"created_at\": \"2022-05-27T04:30:47.418935Z\", \"created_by\": null, \"updated_at\": \"2022-05-27T04:30:47.418982Z\", \"description\": \"\"}, {\"id\": 22, \"title\": \"BTC\", \"created_at\": \"2022-05-27T04:30:52.577476Z\", \"created_by\": null, \"updated_at\": \"2022-05-27T04:30:52.577512Z\", \"description\": \"\"}], \"title\": \"Price to be less than\", \"value\": \"84\", \"options\": null, \"created_at\": \"2022-05-27T05:00:47.769491Z\", \"created_by\": null, \"unit_value\": 20, \"updated_at\": \"2022-05-27T05:00:47.769535Z\", \"description\": null, \"is_optional\": true, \"classification\": 3}, \"is_optional\": \"True\"}]}]}',1,'quote',NULL,31,'','{\"email\": \"admin@gmail.com\", \"phone\": \"+1 (726) 908-8731\", \"last_name\": \"Reynolds\", \"first_name\": \"Len\", \"companyName\": \"Gilbert and Chapman Traders\"}',3,1,0,NULL,NULL,0,'',NULL,'pending','submitted',NULL,NULL,'55555','post/chair.jpeg'),(26,'2022-11-02 11:18:08.580939','2022-11-02 11:18:08.581003','638315308','{\"id\": 10, \"slug\": \"accumulator-44\", \"title\": \"Accumulator\", \"description\": \"\", \"partclassification_set\": [{\"id\": 183, \"is_optional\": \"False\", \"classification\": {\"id\": 1, \"title\": \"Mechanical Specification\", \"created_at\": \"2022-05-11T06:15:21.725312Z\", \"created_by\": null, \"updated_at\": \"2022-10-23T21:58:53.007177Z\", \"description\": \"\"}, \"partclassificationattribute_set\": [{\"id\": 684, \"attribute\": {\"id\": 22, \"type\": \"text\", \"unit\": [], \"title\": \"Refrigerant, e.g., R134a\", \"value\": \"Adipisci eum enim ve\", \"options\": null, \"created_at\": \"2022-10-15T05:35:37.382715Z\", \"created_by\": null, \"unit_value\": \"\", \"updated_at\": \"2022-10-15T05:35:37.382765Z\", \"description\": null, \"is_optional\": false, \"classification\": 1}, \"is_optional\": \"False\"}, {\"id\": 685, \"attribute\": {\"id\": 35, \"type\": \"text\", \"unit\": [], \"title\": \"Refrigerant holding weight or refrigeration capacity\", \"value\": \"Cumque laborum in ni\", \"options\": null, \"created_at\": \"2022-10-16T03:16:51.451350Z\", \"created_by\": null, \"unit_value\": \"\", \"updated_at\": \"2022-10-16T03:16:51.451384Z\", \"description\": null, \"is_optional\": false, \"classification\": 1}, \"is_optional\": \"False\"}, {\"id\": 686, \"attribute\": {\"id\": 36, \"type\": \"select\", \"unit\": [], \"title\": \"Orientation\", \"value\": \"Horizontal\", \"options\": \"Vertical,Horizontal\", \"created_at\": \"2022-10-16T03:16:51.453564Z\", \"created_by\": null, \"unit_value\": \"\", \"updated_at\": \"2022-10-16T16:00:32.276199Z\", \"description\": null, \"is_optional\": false, \"classification\": 1}, \"is_optional\": \"False\"}]}, {\"id\": 184, \"is_optional\": \"True\", \"classification\": {\"id\": 3, \"title\": \"Preference\", \"created_at\": \"2022-05-27T05:00:47.764698Z\", \"created_by\": null, \"updated_at\": \"2022-05-27T05:00:47.764746Z\", \"description\": \"\"}, \"partclassificationattribute_set\": [{\"id\": 687, \"attribute\": {\"id\": 20, \"type\": \"number\", \"unit\": [{\"id\": 13, \"title\": \"Week\", \"created_at\": \"2022-05-27T04:23:14.899157Z\", \"created_by\": null, \"updated_at\": \"2022-05-27T04:23:14.899227Z\", \"description\": \"\"}, {\"id\": 14, \"title\": \"Day\", \"created_at\": \"2022-05-27T04:23:21.410775Z\", \"created_by\": null, \"updated_at\": \"2022-05-27T04:23:21.410810Z\", \"description\": \"\"}], \"title\": \"Lead time to be less than\", \"value\": \"19\", \"options\": null, \"created_at\": \"2022-05-27T05:00:47.765744Z\", \"created_by\": null, \"unit_value\": 13, \"updated_at\": \"2022-05-27T05:00:47.765785Z\", \"description\": null, \"is_optional\": true, \"classification\": 3}, \"is_optional\": \"True\"}, {\"id\": 688, \"attribute\": {\"id\": 21, \"type\": \"number\", \"unit\": [{\"id\": 18, \"title\": \"USD\", \"created_at\": \"2022-05-27T04:28:43.387412Z\", \"created_by\": null, \"updated_at\": \"2022-05-27T04:28:43.387463Z\", \"description\": \"\"}, {\"id\": 19, \"title\": \"EUR\", \"created_at\": \"2022-05-27T04:29:10.653710Z\", \"created_by\": null, \"updated_at\": \"2022-05-27T04:29:10.653744Z\", \"description\": \"\"}, {\"id\": 20, \"title\": \"CNH\", \"created_at\": \"2022-05-27T04:29:17.096803Z\", \"created_by\": null, \"updated_at\": \"2022-05-27T04:29:17.096851Z\", \"description\": \"\"}, {\"id\": 21, \"title\": \"CNY\", \"created_at\": \"2022-05-27T04:30:47.418935Z\", \"created_by\": null, \"updated_at\": \"2022-05-27T04:30:47.418982Z\", \"description\": \"\"}, {\"id\": 22, \"title\": \"BTC\", \"created_at\": \"2022-05-27T04:30:52.577476Z\", \"created_by\": null, \"updated_at\": \"2022-05-27T04:30:52.577512Z\", \"description\": \"\"}], \"title\": \"Price to be less than\", \"value\": \"22\", \"options\": null, \"created_at\": \"2022-05-27T05:00:47.769491Z\", \"created_by\": null, \"unit_value\": 18, \"updated_at\": \"2022-05-27T05:00:47.769535Z\", \"description\": null, \"is_optional\": true, \"classification\": 3}, \"is_optional\": \"True\"}]}]}',3,'query',NULL,10,'In voluptatum odio u','{\"email\": \"hello@gmail1.com\", \"phone\": \"01738070062\", \"last_name\": \"worlld\", \"first_name\": \"hello\", \"companyName\": \"DDR\"}',NULL,0,0,NULL,NULL,0,'',NULL,'pending','submitted',NULL,NULL,'22345','post/parts_az6VeZE.jpg'),(27,'2022-11-02 14:50:19.243913','2022-11-02 14:50:19.243978','72853214','{\"id\": 44, \"slug\": \"aluminum-bar-rod\", \"title\": \"Aluminum Bar / Rod\", \"description\": \"\", \"partclassification_set\": [{\"id\": 141, \"is_optional\": \"False\", \"classification\": {\"id\": 1, \"title\": \"Mechanical Specification\", \"created_at\": \"2022-05-11T06:15:21.725312Z\", \"created_by\": null, \"updated_at\": \"2022-10-23T21:58:53.007177Z\", \"description\": \"\"}, \"partclassificationattribute_set\": [{\"id\": 527, \"attribute\": {\"id\": 123, \"type\": \"text\", \"unit\": [], \"title\": \"Aluminum alloy, e.g., 6061\", \"value\": \"22\", \"options\": null, \"created_at\": \"2022-10-18T04:04:57.973259Z\", \"created_by\": null, \"unit_value\": \"\", \"updated_at\": \"2022-10-18T04:06:30.452864Z\", \"description\": null, \"is_optional\": false, \"classification\": 1}, \"is_optional\": \"False\"}, {\"id\": 528, \"attribute\": {\"id\": 119, \"type\": \"number\", \"unit\": [{\"id\": 37, \"title\": \"in\", \"created_at\": \"2022-10-16T16:13:52.114616Z\", \"created_by\": null, \"updated_at\": \"2022-10-16T16:13:52.115011Z\", \"description\": \"\"}, {\"id\": 39, \"title\": \"cm\", \"created_at\": \"2022-10-16T16:19:29.422513Z\", \"created_by\": null, \"updated_at\": \"2022-10-16T16:19:29.422590Z\", \"description\": \"\"}], \"title\": \"Diameter, e.g., 3/4\\\"\", \"value\": \"22\", \"options\": null, \"created_at\": \"2022-10-17T03:20:57.290709Z\", \"created_by\": null, \"unit_value\": 37, \"updated_at\": \"2022-10-17T03:20:57.290756Z\", \"description\": null, \"is_optional\": false, \"classification\": 1}, \"is_optional\": \"False\"}, {\"id\": 529, \"attribute\": {\"id\": 118, \"type\": \"number\", \"unit\": [{\"id\": 37, \"title\": \"in\", \"created_at\": \"2022-10-16T16:13:52.114616Z\", \"created_by\": null, \"updated_at\": \"2022-10-16T16:13:52.115011Z\", \"description\": \"\"}, {\"id\": 39, \"title\": \"cm\", \"created_at\": \"2022-10-16T16:19:29.422513Z\", \"created_by\": null, \"updated_at\": \"2022-10-16T16:19:29.422590Z\", \"description\": \"\"}], \"title\": \"Length, e.g., 36\\\"\", \"value\": \"22\", \"options\": null, \"created_at\": \"2022-10-17T03:07:39.113706Z\", \"created_by\": null, \"unit_value\": 37, \"updated_at\": \"2022-10-17T03:07:39.113773Z\", \"description\": null, \"is_optional\": false, \"classification\": 1}, \"is_optional\": \"False\"}]}, {\"id\": 142, \"is_optional\": \"True\", \"classification\": {\"id\": 3, \"title\": \"Preference\", \"created_at\": \"2022-05-27T05:00:47.764698Z\", \"created_by\": null, \"updated_at\": \"2022-05-27T05:00:47.764746Z\", \"description\": \"\"}, \"partclassificationattribute_set\": [{\"id\": 530, \"attribute\": {\"id\": 20, \"type\": \"number\", \"unit\": [{\"id\": 13, \"title\": \"Week\", \"created_at\": \"2022-05-27T04:23:14.899157Z\", \"created_by\": null, \"updated_at\": \"2022-05-27T04:23:14.899227Z\", \"description\": \"\"}, {\"id\": 14, \"title\": \"Day\", \"created_at\": \"2022-05-27T04:23:21.410775Z\", \"created_by\": null, \"updated_at\": \"2022-05-27T04:23:21.410810Z\", \"description\": \"\"}], \"title\": \"Lead time to be less than\", \"value\": \"\", \"options\": null, \"created_at\": \"2022-05-27T05:00:47.765744Z\", \"created_by\": null, \"unit_value\": 13, \"updated_at\": \"2022-05-27T05:00:47.765785Z\", \"description\": null, \"is_optional\": true, \"classification\": 3}, \"is_optional\": \"True\"}, {\"id\": 531, \"attribute\": {\"id\": 21, \"type\": \"number\", \"unit\": [{\"id\": 18, \"title\": \"USD\", \"created_at\": \"2022-05-27T04:28:43.387412Z\", \"created_by\": null, \"updated_at\": \"2022-05-27T04:28:43.387463Z\", \"description\": \"\"}, {\"id\": 19, \"title\": \"EUR\", \"created_at\": \"2022-05-27T04:29:10.653710Z\", \"created_by\": null, \"updated_at\": \"2022-05-27T04:29:10.653744Z\", \"description\": \"\"}, {\"id\": 20, \"title\": \"CNH\", \"created_at\": \"2022-05-27T04:29:17.096803Z\", \"created_by\": null, \"updated_at\": \"2022-05-27T04:29:17.096851Z\", \"description\": \"\"}, {\"id\": 21, \"title\": \"CNY\", \"created_at\": \"2022-05-27T04:30:47.418935Z\", \"created_by\": null, \"updated_at\": \"2022-05-27T04:30:47.418982Z\", \"description\": \"\"}, {\"id\": 22, \"title\": \"BTC\", \"created_at\": \"2022-05-27T04:30:52.577476Z\", \"created_by\": null, \"updated_at\": \"2022-05-27T04:30:52.577512Z\", \"description\": \"\"}], \"title\": \"Price to be less than\", \"value\": \"\", \"options\": null, \"created_at\": \"2022-05-27T05:00:47.769491Z\", \"created_by\": null, \"unit_value\": 18, \"updated_at\": \"2022-05-27T05:00:47.769535Z\", \"description\": null, \"is_optional\": true, \"classification\": 3}, \"is_optional\": \"True\"}]}]}',1,'query',NULL,44,'','{\"email\": \"ab.abdoli@gmail.com\", \"phone\": \"305300111\", \"password\": \"\", \"existUser\": \"\", \"last_name\": \"Abdoli\", \"first_name\": \"Abas\", \"companyName\": \"TKelvin\", \"confirmPassword\": \"\"}',33,0,0,NULL,NULL,0,'',NULL,'pending','submitted',NULL,NULL,'94070',''),(28,'2022-11-02 14:53:18.231960','2022-11-02 14:53:18.232037','677005211','{\"id\": 44, \"slug\": \"aluminum-bar-rod\", \"title\": \"Aluminum Bar / Rod\", \"description\": \"\", \"partclassification_set\": [{\"id\": 141, \"is_optional\": \"False\", \"classification\": {\"id\": 1, \"title\": \"Mechanical Specification\", \"created_at\": \"2022-05-11T06:15:21.725312Z\", \"created_by\": null, \"updated_at\": \"2022-10-23T21:58:53.007177Z\", \"description\": \"\"}, \"partclassificationattribute_set\": [{\"id\": 527, \"attribute\": {\"id\": 123, \"type\": \"text\", \"unit\": [], \"title\": \"Aluminum alloy, e.g., 6061\", \"value\": \"22\", \"options\": null, \"created_at\": \"2022-10-18T04:04:57.973259Z\", \"created_by\": null, \"unit_value\": \"\", \"updated_at\": \"2022-10-18T04:06:30.452864Z\", \"description\": null, \"is_optional\": false, \"classification\": 1}, \"is_optional\": \"False\"}, {\"id\": 528, \"attribute\": {\"id\": 119, \"type\": \"number\", \"unit\": [{\"id\": 37, \"title\": \"in\", \"created_at\": \"2022-10-16T16:13:52.114616Z\", \"created_by\": null, \"updated_at\": \"2022-10-16T16:13:52.115011Z\", \"description\": \"\"}, {\"id\": 39, \"title\": \"cm\", \"created_at\": \"2022-10-16T16:19:29.422513Z\", \"created_by\": null, \"updated_at\": \"2022-10-16T16:19:29.422590Z\", \"description\": \"\"}], \"title\": \"Diameter, e.g., 3/4\\\"\", \"value\": \"22\", \"options\": null, \"created_at\": \"2022-10-17T03:20:57.290709Z\", \"created_by\": null, \"unit_value\": 37, \"updated_at\": \"2022-10-17T03:20:57.290756Z\", \"description\": null, \"is_optional\": false, \"classification\": 1}, \"is_optional\": \"False\"}, {\"id\": 529, \"attribute\": {\"id\": 118, \"type\": \"number\", \"unit\": [{\"id\": 37, \"title\": \"in\", \"created_at\": \"2022-10-16T16:13:52.114616Z\", \"created_by\": null, \"updated_at\": \"2022-10-16T16:13:52.115011Z\", \"description\": \"\"}, {\"id\": 39, \"title\": \"cm\", \"created_at\": \"2022-10-16T16:19:29.422513Z\", \"created_by\": null, \"updated_at\": \"2022-10-16T16:19:29.422590Z\", \"description\": \"\"}], \"title\": \"Length, e.g., 36\\\"\", \"value\": \"22\", \"options\": null, \"created_at\": \"2022-10-17T03:07:39.113706Z\", \"created_by\": null, \"unit_value\": 37, \"updated_at\": \"2022-10-17T03:07:39.113773Z\", \"description\": null, \"is_optional\": false, \"classification\": 1}, \"is_optional\": \"False\"}]}, {\"id\": 142, \"is_optional\": \"True\", \"classification\": {\"id\": 3, \"title\": \"Preference\", \"created_at\": \"2022-05-27T05:00:47.764698Z\", \"created_by\": null, \"updated_at\": \"2022-05-27T05:00:47.764746Z\", \"description\": \"\"}, \"partclassificationattribute_set\": [{\"id\": 530, \"attribute\": {\"id\": 20, \"type\": \"number\", \"unit\": [{\"id\": 13, \"title\": \"Week\", \"created_at\": \"2022-05-27T04:23:14.899157Z\", \"created_by\": null, \"updated_at\": \"2022-05-27T04:23:14.899227Z\", \"description\": \"\"}, {\"id\": 14, \"title\": \"Day\", \"created_at\": \"2022-05-27T04:23:21.410775Z\", \"created_by\": null, \"updated_at\": \"2022-05-27T04:23:21.410810Z\", \"description\": \"\"}], \"title\": \"Lead time to be less than\", \"value\": \"\", \"options\": null, \"created_at\": \"2022-05-27T05:00:47.765744Z\", \"created_by\": null, \"unit_value\": 13, \"updated_at\": \"2022-05-27T05:00:47.765785Z\", \"description\": null, \"is_optional\": true, \"classification\": 3}, \"is_optional\": \"True\"}, {\"id\": 531, \"attribute\": {\"id\": 21, \"type\": \"number\", \"unit\": [{\"id\": 18, \"title\": \"USD\", \"created_at\": \"2022-05-27T04:28:43.387412Z\", \"created_by\": null, \"updated_at\": \"2022-05-27T04:28:43.387463Z\", \"description\": \"\"}, {\"id\": 19, \"title\": \"EUR\", \"created_at\": \"2022-05-27T04:29:10.653710Z\", \"created_by\": null, \"updated_at\": \"2022-05-27T04:29:10.653744Z\", \"description\": \"\"}, {\"id\": 20, \"title\": \"CNH\", \"created_at\": \"2022-05-27T04:29:17.096803Z\", \"created_by\": null, \"updated_at\": \"2022-05-27T04:29:17.096851Z\", \"description\": \"\"}, {\"id\": 21, \"title\": \"CNY\", \"created_at\": \"2022-05-27T04:30:47.418935Z\", \"created_by\": null, \"updated_at\": \"2022-05-27T04:30:47.418982Z\", \"description\": \"\"}, {\"id\": 22, \"title\": \"BTC\", \"created_at\": \"2022-05-27T04:30:52.577476Z\", \"created_by\": null, \"updated_at\": \"2022-05-27T04:30:52.577512Z\", \"description\": \"\"}], \"title\": \"Price to be less than\", \"value\": \"\", \"options\": null, \"created_at\": \"2022-05-27T05:00:47.769491Z\", \"created_by\": null, \"unit_value\": 18, \"updated_at\": \"2022-05-27T05:00:47.769535Z\", \"description\": null, \"is_optional\": true, \"classification\": 3}, \"is_optional\": \"True\"}]}]}',1,'query',NULL,44,'','{\"email\": \"ab.abdoli@gmail.com\", \"phone\": \"305300111\", \"password\": \"\", \"existUser\": \"\", \"last_name\": \"Abdoli\", \"first_name\": \"Abas\", \"companyName\": \"TKelvin\", \"confirmPassword\": \"\"}',33,0,0,NULL,NULL,0,'',NULL,'pending','submitted',NULL,NULL,'94070',''),(29,'2022-11-02 15:33:13.846770','2022-11-02 15:48:12.794735','179455997','{\"id\": 32, \"slug\": \"air-compressor\", \"title\": \"Air Compressor\", \"description\": \"\", \"partclassification_set\": [{\"id\": 117, \"is_optional\": \"False\", \"classification\": {\"id\": 1, \"title\": \"Mechanical Specification\", \"created_at\": \"2022-05-11T06:15:21.725312Z\", \"created_by\": null, \"updated_at\": \"2022-10-23T21:58:53.007177Z\", \"description\": \"\"}, \"partclassificationattribute_set\": [{\"id\": 456, \"attribute\": {\"id\": 108, \"type\": \"select\", \"unit\": [], \"title\": \"Power source, e.g., electric\", \"value\": \"Gas\", \"options\": \"Electric,Battery,Gas,Manual\", \"created_at\": \"2022-10-16T23:21:49.604091Z\", \"created_by\": null, \"unit_value\": \"\", \"updated_at\": \"2022-10-16T23:21:49.604142Z\", \"description\": null, \"is_optional\": false, \"classification\": 1}, \"is_optional\": \"False\"}, {\"id\": 457, \"attribute\": {\"id\": 109, \"type\": \"select\", \"unit\": [], \"title\": \"Mobility\", \"value\": \"Stationary\", \"options\": \"Stationary,Portable\", \"created_at\": \"2022-10-16T23:21:49.607177Z\", \"created_by\": null, \"unit_value\": \"\", \"updated_at\": \"2022-10-16T23:21:49.607221Z\", \"description\": null, \"is_optional\": false, \"classification\": 1}, \"is_optional\": \"False\"}, {\"id\": 458, \"attribute\": {\"id\": 88, \"type\": \"number\", \"unit\": [{\"id\": 5, \"title\": \"psi\", \"created_at\": \"2022-05-11T06:20:18.195552Z\", \"created_by\": null, \"updated_at\": \"2022-05-11T06:20:18.195591Z\", \"description\": \"\"}, {\"id\": 26, \"title\": \"Pa\", \"created_at\": \"2022-10-16T02:10:14.453142Z\", \"created_by\": null, \"updated_at\": \"2022-10-16T02:10:14.453183Z\", \"description\": \"\"}], \"title\": \"Max pressure\", \"value\": \"3\", \"options\": null, \"created_at\": \"2022-10-16T22:43:39.052691Z\", \"created_by\": null, \"unit_value\": 5, \"updated_at\": \"2022-10-16T22:43:39.052752Z\", \"description\": null, \"is_optional\": false, \"classification\": 1}, \"is_optional\": \"False\"}, {\"id\": 459, \"attribute\": {\"id\": 110, \"type\": \"number\", \"unit\": [{\"id\": 47, \"title\": \"scfm\", \"created_at\": \"2022-10-16T23:20:41.406158Z\", \"created_by\": null, \"updated_at\": \"2022-10-16T23:20:41.406202Z\", \"description\": \"\"}], \"title\": \"Standard cfm (scfm)\", \"value\": \"98\", \"options\": null, \"created_at\": \"2022-10-16T23:21:49.612207Z\", \"created_by\": null, \"unit_value\": 47, \"updated_at\": \"2022-10-16T23:21:49.612272Z\", \"description\": null, \"is_optional\": false, \"classification\": 1}, \"is_optional\": \"False\"}, {\"id\": 460, \"attribute\": {\"id\": 111, \"type\": \"number\", \"unit\": [{\"id\": 24, \"title\": \"kW\", \"created_at\": \"2022-10-15T05:40:56.073889Z\", \"created_by\": null, \"updated_at\": \"2022-10-15T05:40:56.073975Z\", \"description\": \"\"}, {\"id\": 29, \"title\": \"hp\", \"created_at\": \"2022-10-16T03:46:26.878541Z\", \"created_by\": null, \"updated_at\": \"2022-10-16T03:46:26.878767Z\", \"description\": \"\"}], \"title\": \"Power\", \"value\": \"70\", \"options\": null, \"created_at\": \"2022-10-16T23:21:49.617618Z\", \"created_by\": null, \"unit_value\": 29, \"updated_at\": \"2022-10-16T23:21:49.617667Z\", \"description\": null, \"is_optional\": true, \"classification\": 1}, \"is_optional\": \"True\"}, {\"id\": 461, \"attribute\": {\"id\": 41, \"type\": \"select\", \"unit\": [], \"title\": \"Mounting: vertical or horizontal\", \"value\": \"Vertical\", \"options\": \"Vertical,Horizontal\", \"created_at\": \"2022-10-16T03:38:23.673649Z\", \"created_by\": null, \"unit_value\": \"\", \"updated_at\": \"2022-10-16T03:38:23.673694Z\", \"description\": null, \"is_optional\": true, \"classification\": 1}, \"is_optional\": \"True\"}]}, {\"id\": 118, \"is_optional\": \"False\", \"classification\": {\"id\": 3, \"title\": \"Preference\", \"created_at\": \"2022-05-27T05:00:47.764698Z\", \"created_by\": null, \"updated_at\": \"2022-05-27T05:00:47.764746Z\", \"description\": \"\"}, \"partclassificationattribute_set\": [{\"id\": 462, \"attribute\": {\"id\": 20, \"type\": \"number\", \"unit\": [{\"id\": 13, \"title\": \"Week\", \"created_at\": \"2022-05-27T04:23:14.899157Z\", \"created_by\": null, \"updated_at\": \"2022-05-27T04:23:14.899227Z\", \"description\": \"\"}, {\"id\": 14, \"title\": \"Day\", \"created_at\": \"2022-05-27T04:23:21.410775Z\", \"created_by\": null, \"updated_at\": \"2022-05-27T04:23:21.410810Z\", \"description\": \"\"}], \"title\": \"Lead time to be less than\", \"value\": \"22\", \"options\": null, \"created_at\": \"2022-05-27T05:00:47.765744Z\", \"created_by\": null, \"unit_value\": 13, \"updated_at\": \"2022-05-27T05:00:47.765785Z\", \"description\": null, \"is_optional\": true, \"classification\": 3}, \"is_optional\": \"True\"}, {\"id\": 463, \"attribute\": {\"id\": 21, \"type\": \"number\", \"unit\": [{\"id\": 18, \"title\": \"USD\", \"created_at\": \"2022-05-27T04:28:43.387412Z\", \"created_by\": null, \"updated_at\": \"2022-05-27T04:28:43.387463Z\", \"description\": \"\"}, {\"id\": 19, \"title\": \"EUR\", \"created_at\": \"2022-05-27T04:29:10.653710Z\", \"created_by\": null, \"updated_at\": \"2022-05-27T04:29:10.653744Z\", \"description\": \"\"}, {\"id\": 20, \"title\": \"CNH\", \"created_at\": \"2022-05-27T04:29:17.096803Z\", \"created_by\": null, \"updated_at\": \"2022-05-27T04:29:17.096851Z\", \"description\": \"\"}, {\"id\": 21, \"title\": \"CNY\", \"created_at\": \"2022-05-27T04:30:47.418935Z\", \"created_by\": null, \"updated_at\": \"2022-05-27T04:30:47.418982Z\", \"description\": \"\"}, {\"id\": 22, \"title\": \"BTC\", \"created_at\": \"2022-05-27T04:30:52.577476Z\", \"created_by\": null, \"updated_at\": \"2022-05-27T04:30:52.577512Z\", \"description\": \"\"}], \"title\": \"Price to be less than\", \"value\": \"60\", \"options\": null, \"created_at\": \"2022-05-27T05:00:47.769491Z\", \"created_by\": null, \"unit_value\": 21, \"updated_at\": \"2022-05-27T05:00:47.769535Z\", \"description\": null, \"is_optional\": true, \"classification\": 3}, \"is_optional\": \"True\"}]}]}',28,'query',NULL,32,'Non dolores occaecat','{\"email\": \"admin@gmail.com\", \"phone\": \"+1 (726) 908-8731\", \"last_name\": \"Reynolds\", \"first_name\": \"Len\", \"companyName\": \"Gilbert and Chapman Traders\"}',3,1,0,NULL,NULL,0,'',NULL,'pending','submitted',NULL,NULL,'Dolores dolor est vo',''),(30,'2022-11-02 15:43:22.293191','2022-11-02 15:48:12.780440','725566289','{\"id\": 32, \"slug\": \"air-compressor\", \"title\": \"Air Compressor\", \"description\": \"\", \"partclassification_set\": [{\"id\": 117, \"is_optional\": \"False\", \"classification\": {\"id\": 1, \"title\": \"Mechanical Specification\", \"created_at\": \"2022-05-11T06:15:21.725312Z\", \"created_by\": null, \"updated_at\": \"2022-10-23T21:58:53.007177Z\", \"description\": \"\"}, \"partclassificationattribute_set\": [{\"id\": 456, \"attribute\": {\"id\": 108, \"type\": \"select\", \"unit\": [], \"title\": \"Power source, e.g., electric\", \"value\": \"Gas\", \"options\": \"Electric,Battery,Gas,Manual\", \"created_at\": \"2022-10-16T23:21:49.604091Z\", \"created_by\": null, \"unit_value\": \"\", \"updated_at\": \"2022-10-16T23:21:49.604142Z\", \"description\": null, \"is_optional\": false, \"classification\": 1}, \"is_optional\": \"False\"}, {\"id\": 457, \"attribute\": {\"id\": 109, \"type\": \"select\", \"unit\": [], \"title\": \"Mobility\", \"value\": \"Stationary\", \"options\": \"Stationary,Portable\", \"created_at\": \"2022-10-16T23:21:49.607177Z\", \"created_by\": null, \"unit_value\": \"\", \"updated_at\": \"2022-10-16T23:21:49.607221Z\", \"description\": null, \"is_optional\": false, \"classification\": 1}, \"is_optional\": \"False\"}, {\"id\": 458, \"attribute\": {\"id\": 88, \"type\": \"number\", \"unit\": [{\"id\": 5, \"title\": \"psi\", \"created_at\": \"2022-05-11T06:20:18.195552Z\", \"created_by\": null, \"updated_at\": \"2022-05-11T06:20:18.195591Z\", \"description\": \"\"}, {\"id\": 26, \"title\": \"Pa\", \"created_at\": \"2022-10-16T02:10:14.453142Z\", \"created_by\": null, \"updated_at\": \"2022-10-16T02:10:14.453183Z\", \"description\": \"\"}], \"title\": \"Max pressure\", \"value\": \"3\", \"options\": null, \"created_at\": \"2022-10-16T22:43:39.052691Z\", \"created_by\": null, \"unit_value\": 5, \"updated_at\": \"2022-10-16T22:43:39.052752Z\", \"description\": null, \"is_optional\": false, \"classification\": 1}, \"is_optional\": \"False\"}, {\"id\": 459, \"attribute\": {\"id\": 110, \"type\": \"number\", \"unit\": [{\"id\": 47, \"title\": \"scfm\", \"created_at\": \"2022-10-16T23:20:41.406158Z\", \"created_by\": null, \"updated_at\": \"2022-10-16T23:20:41.406202Z\", \"description\": \"\"}], \"title\": \"Standard cfm (scfm)\", \"value\": \"98\", \"options\": null, \"created_at\": \"2022-10-16T23:21:49.612207Z\", \"created_by\": null, \"unit_value\": 47, \"updated_at\": \"2022-10-16T23:21:49.612272Z\", \"description\": null, \"is_optional\": false, \"classification\": 1}, \"is_optional\": \"False\"}, {\"id\": 460, \"attribute\": {\"id\": 111, \"type\": \"number\", \"unit\": [{\"id\": 24, \"title\": \"kW\", \"created_at\": \"2022-10-15T05:40:56.073889Z\", \"created_by\": null, \"updated_at\": \"2022-10-15T05:40:56.073975Z\", \"description\": \"\"}, {\"id\": 29, \"title\": \"hp\", \"created_at\": \"2022-10-16T03:46:26.878541Z\", \"created_by\": null, \"updated_at\": \"2022-10-16T03:46:26.878767Z\", \"description\": \"\"}], \"title\": \"Power\", \"value\": \"70\", \"options\": null, \"created_at\": \"2022-10-16T23:21:49.617618Z\", \"created_by\": null, \"unit_value\": 29, \"updated_at\": \"2022-10-16T23:21:49.617667Z\", \"description\": null, \"is_optional\": true, \"classification\": 1}, \"is_optional\": \"True\"}, {\"id\": 461, \"attribute\": {\"id\": 41, \"type\": \"select\", \"unit\": [], \"title\": \"Mounting: vertical or horizontal\", \"value\": \"Vertical\", \"options\": \"Vertical,Horizontal\", \"created_at\": \"2022-10-16T03:38:23.673649Z\", \"created_by\": null, \"unit_value\": \"\", \"updated_at\": \"2022-10-16T03:38:23.673694Z\", \"description\": null, \"is_optional\": true, \"classification\": 1}, \"is_optional\": \"True\"}]}, {\"id\": 118, \"is_optional\": \"False\", \"classification\": {\"id\": 3, \"title\": \"Preference\", \"created_at\": \"2022-05-27T05:00:47.764698Z\", \"created_by\": null, \"updated_at\": \"2022-05-27T05:00:47.764746Z\", \"description\": \"\"}, \"partclassificationattribute_set\": [{\"id\": 462, \"attribute\": {\"id\": 20, \"type\": \"number\", \"unit\": [{\"id\": 13, \"title\": \"Week\", \"created_at\": \"2022-05-27T04:23:14.899157Z\", \"created_by\": null, \"updated_at\": \"2022-05-27T04:23:14.899227Z\", \"description\": \"\"}, {\"id\": 14, \"title\": \"Day\", \"created_at\": \"2022-05-27T04:23:21.410775Z\", \"created_by\": null, \"updated_at\": \"2022-05-27T04:23:21.410810Z\", \"description\": \"\"}], \"title\": \"Lead time to be less than\", \"value\": \"22\", \"options\": null, \"created_at\": \"2022-05-27T05:00:47.765744Z\", \"created_by\": null, \"unit_value\": 13, \"updated_at\": \"2022-05-27T05:00:47.765785Z\", \"description\": null, \"is_optional\": true, \"classification\": 3}, \"is_optional\": \"True\"}, {\"id\": 463, \"attribute\": {\"id\": 21, \"type\": \"number\", \"unit\": [{\"id\": 18, \"title\": \"USD\", \"created_at\": \"2022-05-27T04:28:43.387412Z\", \"created_by\": null, \"updated_at\": \"2022-05-27T04:28:43.387463Z\", \"description\": \"\"}, {\"id\": 19, \"title\": \"EUR\", \"created_at\": \"2022-05-27T04:29:10.653710Z\", \"created_by\": null, \"updated_at\": \"2022-05-27T04:29:10.653744Z\", \"description\": \"\"}, {\"id\": 20, \"title\": \"CNH\", \"created_at\": \"2022-05-27T04:29:17.096803Z\", \"created_by\": null, \"updated_at\": \"2022-05-27T04:29:17.096851Z\", \"description\": \"\"}, {\"id\": 21, \"title\": \"CNY\", \"created_at\": \"2022-05-27T04:30:47.418935Z\", \"created_by\": null, \"updated_at\": \"2022-05-27T04:30:47.418982Z\", \"description\": \"\"}, {\"id\": 22, \"title\": \"BTC\", \"created_at\": \"2022-05-27T04:30:52.577476Z\", \"created_by\": null, \"updated_at\": \"2022-05-27T04:30:52.577512Z\", \"description\": \"\"}], \"title\": \"Price to be less than\", \"value\": \"60\", \"options\": null, \"created_at\": \"2022-05-27T05:00:47.769491Z\", \"created_by\": null, \"unit_value\": 21, \"updated_at\": \"2022-05-27T05:00:47.769535Z\", \"description\": null, \"is_optional\": true, \"classification\": 3}, \"is_optional\": \"True\"}]}]}',28,'query',NULL,32,'Non dolores occaecat','{\"email\": \"admin@gmail.com\", \"phone\": \"+1 (726) 908-8731\", \"last_name\": \"Reynolds\", \"first_name\": \"Len\", \"companyName\": \"Gilbert and Chapman Traders\"}',3,1,0,NULL,NULL,0,'',NULL,'pending','submitted',NULL,NULL,'Dolores dolor est vo',''),(31,'2022-11-02 15:47:05.692255','2022-11-02 15:48:12.764660','232332508','{\"id\": 32, \"slug\": \"air-compressor\", \"title\": \"Air Compressor\", \"description\": \"\", \"partclassification_set\": [{\"id\": 117, \"is_optional\": \"False\", \"classification\": {\"id\": 1, \"title\": \"Mechanical Specification\", \"created_at\": \"2022-05-11T06:15:21.725312Z\", \"created_by\": null, \"updated_at\": \"2022-10-23T21:58:53.007177Z\", \"description\": \"\"}, \"partclassificationattribute_set\": [{\"id\": 456, \"attribute\": {\"id\": 108, \"type\": \"select\", \"unit\": [], \"title\": \"Power source, e.g., electric\", \"value\": \"Manual\", \"options\": \"Electric,Battery,Gas,Manual\", \"created_at\": \"2022-10-16T23:21:49.604091Z\", \"created_by\": null, \"unit_value\": \"\", \"updated_at\": \"2022-10-16T23:21:49.604142Z\", \"description\": null, \"is_optional\": false, \"classification\": 1}, \"is_optional\": \"False\"}, {\"id\": 457, \"attribute\": {\"id\": 109, \"type\": \"select\", \"unit\": [], \"title\": \"Mobility\", \"value\": \"Portable\", \"options\": \"Stationary,Portable\", \"created_at\": \"2022-10-16T23:21:49.607177Z\", \"created_by\": null, \"unit_value\": \"\", \"updated_at\": \"2022-10-16T23:21:49.607221Z\", \"description\": null, \"is_optional\": false, \"classification\": 1}, \"is_optional\": \"False\"}, {\"id\": 458, \"attribute\": {\"id\": 88, \"type\": \"number\", \"unit\": [{\"id\": 5, \"title\": \"psi\", \"created_at\": \"2022-05-11T06:20:18.195552Z\", \"created_by\": null, \"updated_at\": \"2022-05-11T06:20:18.195591Z\", \"description\": \"\"}, {\"id\": 26, \"title\": \"Pa\", \"created_at\": \"2022-10-16T02:10:14.453142Z\", \"created_by\": null, \"updated_at\": \"2022-10-16T02:10:14.453183Z\", \"description\": \"\"}], \"title\": \"Max pressure\", \"value\": \"47\", \"options\": null, \"created_at\": \"2022-10-16T22:43:39.052691Z\", \"created_by\": null, \"unit_value\": 5, \"updated_at\": \"2022-10-16T22:43:39.052752Z\", \"description\": null, \"is_optional\": false, \"classification\": 1}, \"is_optional\": \"False\"}, {\"id\": 459, \"attribute\": {\"id\": 110, \"type\": \"number\", \"unit\": [{\"id\": 47, \"title\": \"scfm\", \"created_at\": \"2022-10-16T23:20:41.406158Z\", \"created_by\": null, \"updated_at\": \"2022-10-16T23:20:41.406202Z\", \"description\": \"\"}], \"title\": \"Standard cfm (scfm)\", \"value\": \"57\", \"options\": null, \"created_at\": \"2022-10-16T23:21:49.612207Z\", \"created_by\": null, \"unit_value\": 47, \"updated_at\": \"2022-10-16T23:21:49.612272Z\", \"description\": null, \"is_optional\": false, \"classification\": 1}, \"is_optional\": \"False\"}, {\"id\": 460, \"attribute\": {\"id\": 111, \"type\": \"number\", \"unit\": [{\"id\": 24, \"title\": \"kW\", \"created_at\": \"2022-10-15T05:40:56.073889Z\", \"created_by\": null, \"updated_at\": \"2022-10-15T05:40:56.073975Z\", \"description\": \"\"}, {\"id\": 29, \"title\": \"hp\", \"created_at\": \"2022-10-16T03:46:26.878541Z\", \"created_by\": null, \"updated_at\": \"2022-10-16T03:46:26.878767Z\", \"description\": \"\"}], \"title\": \"Power\", \"value\": \"3\", \"options\": null, \"created_at\": \"2022-10-16T23:21:49.617618Z\", \"created_by\": null, \"unit_value\": 24, \"updated_at\": \"2022-10-16T23:21:49.617667Z\", \"description\": null, \"is_optional\": true, \"classification\": 1}, \"is_optional\": \"True\"}, {\"id\": 461, \"attribute\": {\"id\": 41, \"type\": \"select\", \"unit\": [], \"title\": \"Mounting: vertical or horizontal\", \"value\": \"Vertical\", \"options\": \"Vertical,Horizontal\", \"created_at\": \"2022-10-16T03:38:23.673649Z\", \"created_by\": null, \"unit_value\": \"\", \"updated_at\": \"2022-10-16T03:38:23.673694Z\", \"description\": null, \"is_optional\": true, \"classification\": 1}, \"is_optional\": \"True\"}]}, {\"id\": 118, \"is_optional\": \"False\", \"classification\": {\"id\": 3, \"title\": \"Preference\", \"created_at\": \"2022-05-27T05:00:47.764698Z\", \"created_by\": null, \"updated_at\": \"2022-05-27T05:00:47.764746Z\", \"description\": \"\"}, \"partclassificationattribute_set\": [{\"id\": 462, \"attribute\": {\"id\": 20, \"type\": \"number\", \"unit\": [{\"id\": 13, \"title\": \"Week\", \"created_at\": \"2022-05-27T04:23:14.899157Z\", \"created_by\": null, \"updated_at\": \"2022-05-27T04:23:14.899227Z\", \"description\": \"\"}, {\"id\": 14, \"title\": \"Day\", \"created_at\": \"2022-05-27T04:23:21.410775Z\", \"created_by\": null, \"updated_at\": \"2022-05-27T04:23:21.410810Z\", \"description\": \"\"}], \"title\": \"Lead time to be less than\", \"value\": \"3\", \"options\": null, \"created_at\": \"2022-05-27T05:00:47.765744Z\", \"created_by\": null, \"unit_value\": 13, \"updated_at\": \"2022-05-27T05:00:47.765785Z\", \"description\": null, \"is_optional\": true, \"classification\": 3}, \"is_optional\": \"True\"}, {\"id\": 463, \"attribute\": {\"id\": 21, \"type\": \"number\", \"unit\": [{\"id\": 18, \"title\": \"USD\", \"created_at\": \"2022-05-27T04:28:43.387412Z\", \"created_by\": null, \"updated_at\": \"2022-05-27T04:28:43.387463Z\", \"description\": \"\"}, {\"id\": 19, \"title\": \"EUR\", \"created_at\": \"2022-05-27T04:29:10.653710Z\", \"created_by\": null, \"updated_at\": \"2022-05-27T04:29:10.653744Z\", \"description\": \"\"}, {\"id\": 20, \"title\": \"CNH\", \"created_at\": \"2022-05-27T04:29:17.096803Z\", \"created_by\": null, \"updated_at\": \"2022-05-27T04:29:17.096851Z\", \"description\": \"\"}, {\"id\": 21, \"title\": \"CNY\", \"created_at\": \"2022-05-27T04:30:47.418935Z\", \"created_by\": null, \"updated_at\": \"2022-05-27T04:30:47.418982Z\", \"description\": \"\"}, {\"id\": 22, \"title\": \"BTC\", \"created_at\": \"2022-05-27T04:30:52.577476Z\", \"created_by\": null, \"updated_at\": \"2022-05-27T04:30:52.577512Z\", \"description\": \"\"}], \"title\": \"Price to be less than\", \"value\": \"38\", \"options\": null, \"created_at\": \"2022-05-27T05:00:47.769491Z\", \"created_by\": null, \"unit_value\": 19, \"updated_at\": \"2022-05-27T05:00:47.769535Z\", \"description\": null, \"is_optional\": true, \"classification\": 3}, \"is_optional\": \"True\"}]}]}',76,'query',NULL,32,'Consectetur ipsum a','{\"email\": \"admin@gmail.com\", \"phone\": \"+1 (726) 908-8731\", \"last_name\": \"Reynolds\", \"first_name\": \"Len\", \"companyName\": \"Gilbert and Chapman Traders\"}',3,1,0,NULL,NULL,0,'',NULL,'pending','submitted',NULL,NULL,'Soluta sed numquam i',''),(32,'2022-11-02 18:12:44.346022','2022-11-03 02:53:37.993946','933571069','{\"id\": 52, \"slug\": \"my-part\", \"title\": \"My Part\", \"description\": \"\", \"partclassification_set\": [{\"id\": 191, \"is_optional\": \"False\", \"classification\": {\"id\": 4, \"title\": \"My Part (upload files in next secrion)\", \"created_at\": \"2022-10-21T04:23:34.714931Z\", \"created_by\": null, \"updated_at\": \"2022-11-02T14:40:43.348579Z\", \"description\": \"\"}, \"partclassificationattribute_set\": [{\"id\": 704, \"attribute\": {\"id\": 129, \"type\": \"text\", \"unit\": [], \"title\": \"Part, e.g., pump\", \"value\": \"Pump\", \"options\": null, \"created_at\": \"2022-10-21T04:23:34.726339Z\", \"created_by\": null, \"unit_value\": \"\", \"updated_at\": \"2022-10-21T04:23:34.726420Z\", \"description\": null, \"is_optional\": false, \"classification\": 4}, \"is_optional\": \"False\"}, {\"id\": 705, \"attribute\": {\"id\": 130, \"type\": \"text\", \"unit\": [], \"title\": \"Part manufacturer, e.g., Grundfos\", \"value\": \"\", \"options\": null, \"created_at\": \"2022-10-21T04:23:34.733652Z\", \"created_by\": null, \"unit_value\": \"\", \"updated_at\": \"2022-10-21T04:23:34.733717Z\", \"description\": null, \"is_optional\": true, \"classification\": 4}, \"is_optional\": \"True\"}, {\"id\": 706, \"attribute\": {\"id\": 131, \"type\": \"text\", \"unit\": [], \"title\": \"Part number, e.g., CM3-2 A-S-I-E\", \"value\": \"\", \"options\": null, \"created_at\": \"2022-10-21T04:23:34.737019Z\", \"created_by\": null, \"unit_value\": \"\", \"updated_at\": \"2022-10-21T04:23:34.737078Z\", \"description\": null, \"is_optional\": true, \"classification\": 4}, \"is_optional\": \"True\"}]}, {\"id\": 192, \"is_optional\": \"True\", \"classification\": {\"id\": 3, \"title\": \"Preference\", \"created_at\": \"2022-05-27T05:00:47.764698Z\", \"created_by\": null, \"updated_at\": \"2022-05-27T05:00:47.764746Z\", \"description\": \"\"}, \"partclassificationattribute_set\": [{\"id\": 707, \"attribute\": {\"id\": 20, \"type\": \"number\", \"unit\": [{\"id\": 13, \"title\": \"Week\", \"created_at\": \"2022-05-27T04:23:14.899157Z\", \"created_by\": null, \"updated_at\": \"2022-05-27T04:23:14.899227Z\", \"description\": \"\"}, {\"id\": 14, \"title\": \"Day\", \"created_at\": \"2022-05-27T04:23:21.410775Z\", \"created_by\": null, \"updated_at\": \"2022-05-27T04:23:21.410810Z\", \"description\": \"\"}], \"title\": \"Lead time to be less than\", \"value\": \"\", \"options\": null, \"created_at\": \"2022-05-27T05:00:47.765744Z\", \"created_by\": null, \"unit_value\": 13, \"updated_at\": \"2022-05-27T05:00:47.765785Z\", \"description\": null, \"is_optional\": true, \"classification\": 3}, \"is_optional\": \"True\"}, {\"id\": 708, \"attribute\": {\"id\": 21, \"type\": \"number\", \"unit\": [{\"id\": 18, \"title\": \"USD\", \"created_at\": \"2022-05-27T04:28:43.387412Z\", \"created_by\": null, \"updated_at\": \"2022-05-27T04:28:43.387463Z\", \"description\": \"\"}, {\"id\": 19, \"title\": \"EUR\", \"created_at\": \"2022-05-27T04:29:10.653710Z\", \"created_by\": null, \"updated_at\": \"2022-05-27T04:29:10.653744Z\", \"description\": \"\"}, {\"id\": 20, \"title\": \"CNH\", \"created_at\": \"2022-05-27T04:29:17.096803Z\", \"created_by\": null, \"updated_at\": \"2022-05-27T04:29:17.096851Z\", \"description\": \"\"}, {\"id\": 21, \"title\": \"CNY\", \"created_at\": \"2022-05-27T04:30:47.418935Z\", \"created_by\": null, \"updated_at\": \"2022-05-27T04:30:47.418982Z\", \"description\": \"\"}, {\"id\": 22, \"title\": \"BTC\", \"created_at\": \"2022-05-27T04:30:52.577476Z\", \"created_by\": null, \"updated_at\": \"2022-05-27T04:30:52.577512Z\", \"description\": \"\"}], \"title\": \"Price to be less than\", \"value\": \"\", \"options\": null, \"created_at\": \"2022-05-27T05:00:47.769491Z\", \"created_by\": null, \"unit_value\": 18, \"updated_at\": \"2022-05-27T05:00:47.769535Z\", \"description\": null, \"is_optional\": true, \"classification\": 3}, \"is_optional\": \"True\"}]}]}',1,'query',NULL,52,'','{\"email\": \"\", \"phone\": \"\", \"password\": \"\", \"existUser\": \"\", \"last_name\": \"\", \"first_name\": \"\", \"companyName\": \"\", \"confirmPassword\": \"\"}',NULL,0,0,NULL,NULL,0,'',NULL,'sent_to_supplier','processing','new_request',NULL,'94070',''),(33,'2022-11-03 03:19:46.232271','2022-11-03 03:19:46.232337','122079224','{\"id\": 44, \"slug\": \"aluminum-bar-rod\", \"title\": \"Aluminum Bar / Rod\", \"description\": \"\", \"partclassification_set\": [{\"id\": 141, \"is_optional\": \"False\", \"classification\": {\"id\": 1, \"title\": \"Mechanical Specification\", \"created_at\": \"2022-05-11T06:15:21.725312Z\", \"created_by\": null, \"updated_at\": \"2022-10-23T21:58:53.007177Z\", \"description\": \"\"}, \"partclassificationattribute_set\": [{\"id\": 527, \"attribute\": {\"id\": 123, \"type\": \"text\", \"unit\": [], \"title\": \"Aluminum alloy, e.g., 6061\", \"value\": \"1\", \"options\": null, \"created_at\": \"2022-10-18T04:04:57.973259Z\", \"created_by\": null, \"unit_value\": \"\", \"updated_at\": \"2022-10-18T04:06:30.452864Z\", \"description\": null, \"is_optional\": false, \"classification\": 1}, \"is_optional\": \"False\"}, {\"id\": 528, \"attribute\": {\"id\": 119, \"type\": \"number\", \"unit\": [{\"id\": 37, \"title\": \"in\", \"created_at\": \"2022-10-16T16:13:52.114616Z\", \"created_by\": null, \"updated_at\": \"2022-10-16T16:13:52.115011Z\", \"description\": \"\"}, {\"id\": 39, \"title\": \"cm\", \"created_at\": \"2022-10-16T16:19:29.422513Z\", \"created_by\": null, \"updated_at\": \"2022-10-16T16:19:29.422590Z\", \"description\": \"\"}], \"title\": \"Diameter, e.g., 3/4\\\"\", \"value\": \"1\", \"options\": null, \"created_at\": \"2022-10-17T03:20:57.290709Z\", \"created_by\": null, \"unit_value\": 37, \"updated_at\": \"2022-10-17T03:20:57.290756Z\", \"description\": null, \"is_optional\": false, \"classification\": 1}, \"is_optional\": \"False\"}, {\"id\": 529, \"attribute\": {\"id\": 118, \"type\": \"number\", \"unit\": [{\"id\": 37, \"title\": \"in\", \"created_at\": \"2022-10-16T16:13:52.114616Z\", \"created_by\": null, \"updated_at\": \"2022-10-16T16:13:52.115011Z\", \"description\": \"\"}, {\"id\": 39, \"title\": \"cm\", \"created_at\": \"2022-10-16T16:19:29.422513Z\", \"created_by\": null, \"updated_at\": \"2022-10-16T16:19:29.422590Z\", \"description\": \"\"}], \"title\": \"Length, e.g., 36\\\"\", \"value\": \"1\", \"options\": null, \"created_at\": \"2022-10-17T03:07:39.113706Z\", \"created_by\": null, \"unit_value\": 37, \"updated_at\": \"2022-10-17T03:07:39.113773Z\", \"description\": null, \"is_optional\": false, \"classification\": 1}, \"is_optional\": \"False\"}]}, {\"id\": 142, \"is_optional\": \"True\", \"classification\": {\"id\": 3, \"title\": \"Preference\", \"created_at\": \"2022-05-27T05:00:47.764698Z\", \"created_by\": null, \"updated_at\": \"2022-05-27T05:00:47.764746Z\", \"description\": \"\"}, \"partclassificationattribute_set\": [{\"id\": 530, \"attribute\": {\"id\": 20, \"type\": \"number\", \"unit\": [{\"id\": 13, \"title\": \"Week\", \"created_at\": \"2022-05-27T04:23:14.899157Z\", \"created_by\": null, \"updated_at\": \"2022-05-27T04:23:14.899227Z\", \"description\": \"\"}, {\"id\": 14, \"title\": \"Day\", \"created_at\": \"2022-05-27T04:23:21.410775Z\", \"created_by\": null, \"updated_at\": \"2022-05-27T04:23:21.410810Z\", \"description\": \"\"}], \"title\": \"Lead time to be less than\", \"value\": \"\", \"options\": null, \"created_at\": \"2022-05-27T05:00:47.765744Z\", \"created_by\": null, \"unit_value\": 13, \"updated_at\": \"2022-05-27T05:00:47.765785Z\", \"description\": null, \"is_optional\": true, \"classification\": 3}, \"is_optional\": \"True\"}, {\"id\": 531, \"attribute\": {\"id\": 21, \"type\": \"number\", \"unit\": [{\"id\": 18, \"title\": \"USD\", \"created_at\": \"2022-05-27T04:28:43.387412Z\", \"created_by\": null, \"updated_at\": \"2022-05-27T04:28:43.387463Z\", \"description\": \"\"}, {\"id\": 19, \"title\": \"EUR\", \"created_at\": \"2022-05-27T04:29:10.653710Z\", \"created_by\": null, \"updated_at\": \"2022-05-27T04:29:10.653744Z\", \"description\": \"\"}, {\"id\": 20, \"title\": \"CNH\", \"created_at\": \"2022-05-27T04:29:17.096803Z\", \"created_by\": null, \"updated_at\": \"2022-05-27T04:29:17.096851Z\", \"description\": \"\"}, {\"id\": 21, \"title\": \"CNY\", \"created_at\": \"2022-05-27T04:30:47.418935Z\", \"created_by\": null, \"updated_at\": \"2022-05-27T04:30:47.418982Z\", \"description\": \"\"}, {\"id\": 22, \"title\": \"BTC\", \"created_at\": \"2022-05-27T04:30:52.577476Z\", \"created_by\": null, \"updated_at\": \"2022-05-27T04:30:52.577512Z\", \"description\": \"\"}], \"title\": \"Price to be less than\", \"value\": \"\", \"options\": null, \"created_at\": \"2022-05-27T05:00:47.769491Z\", \"created_by\": null, \"unit_value\": 18, \"updated_at\": \"2022-05-27T05:00:47.769535Z\", \"description\": null, \"is_optional\": true, \"classification\": 3}, \"is_optional\": \"True\"}]}]}',1,'query',NULL,44,'111','{\"email\": \"ab.abdoli@gmail.com\", \"phone\": \"305300111\", \"last_name\": \"Abdoli\", \"first_name\": \"Abas\", \"companyName\": \"TKelvin\"}',33,0,0,NULL,NULL,0,'',NULL,'pending','submitted',NULL,NULL,'94070','post/Screenshot_20221102_074732.png'),(34,'2022-11-04 12:36:55.957614','2022-11-08 07:20:07.267264','200782876','{\"id\": 32, \"slug\": \"air-compressor\", \"title\": \"Air Compressor\", \"description\": \"\", \"partclassification_set\": [{\"id\": 117, \"is_optional\": \"False\", \"classification\": {\"id\": 1, \"title\": \"Mechanical Specification\", \"created_at\": \"2022-05-11T06:15:21.725312Z\", \"created_by\": null, \"updated_at\": \"2022-10-23T21:58:53.007177Z\", \"description\": \"\"}, \"partclassificationattribute_set\": [{\"id\": 456, \"attribute\": {\"id\": 108, \"type\": \"select\", \"unit\": [], \"title\": \"Power source, e.g., electric\", \"value\": \"Battery\", \"options\": \"Electric,Battery,Gas,Manual\", \"created_at\": \"2022-10-16T23:21:49.604091Z\", \"created_by\": null, \"unit_value\": \"\", \"updated_at\": \"2022-10-16T23:21:49.604142Z\", \"description\": null, \"is_optional\": false, \"classification\": 1}, \"is_optional\": \"False\"}, {\"id\": 457, \"attribute\": {\"id\": 109, \"type\": \"select\", \"unit\": [], \"title\": \"Mobility\", \"value\": \"Portable\", \"options\": \"Stationary,Portable\", \"created_at\": \"2022-10-16T23:21:49.607177Z\", \"created_by\": null, \"unit_value\": \"\", \"updated_at\": \"2022-10-16T23:21:49.607221Z\", \"description\": null, \"is_optional\": false, \"classification\": 1}, \"is_optional\": \"False\"}, {\"id\": 458, \"attribute\": {\"id\": 88, \"type\": \"number\", \"unit\": [{\"id\": 5, \"title\": \"psi\", \"created_at\": \"2022-05-11T06:20:18.195552Z\", \"created_by\": null, \"updated_at\": \"2022-05-11T06:20:18.195591Z\", \"description\": \"\"}, {\"id\": 26, \"title\": \"Pa\", \"created_at\": \"2022-10-16T02:10:14.453142Z\", \"created_by\": null, \"updated_at\": \"2022-10-16T02:10:14.453183Z\", \"description\": \"\"}], \"title\": \"Max pressure\", \"value\": \"35\", \"options\": null, \"created_at\": \"2022-10-16T22:43:39.052691Z\", \"created_by\": null, \"unit_value\": 5, \"updated_at\": \"2022-10-16T22:43:39.052752Z\", \"description\": null, \"is_optional\": false, \"classification\": 1}, \"is_optional\": \"False\"}, {\"id\": 459, \"attribute\": {\"id\": 110, \"type\": \"number\", \"unit\": [{\"id\": 47, \"title\": \"scfm\", \"created_at\": \"2022-10-16T23:20:41.406158Z\", \"created_by\": null, \"updated_at\": \"2022-10-16T23:20:41.406202Z\", \"description\": \"\"}], \"title\": \"Standard cfm (scfm)\", \"value\": \"79\", \"options\": null, \"created_at\": \"2022-10-16T23:21:49.612207Z\", \"created_by\": null, \"unit_value\": 47, \"updated_at\": \"2022-10-16T23:21:49.612272Z\", \"description\": null, \"is_optional\": false, \"classification\": 1}, \"is_optional\": \"False\"}, {\"id\": 460, \"attribute\": {\"id\": 111, \"type\": \"number\", \"unit\": [{\"id\": 24, \"title\": \"kW\", \"created_at\": \"2022-10-15T05:40:56.073889Z\", \"created_by\": null, \"updated_at\": \"2022-10-15T05:40:56.073975Z\", \"description\": \"\"}, {\"id\": 29, \"title\": \"hp\", \"created_at\": \"2022-10-16T03:46:26.878541Z\", \"created_by\": null, \"updated_at\": \"2022-10-16T03:46:26.878767Z\", \"description\": \"\"}], \"title\": \"Power\", \"value\": \"84\", \"options\": null, \"created_at\": \"2022-10-16T23:21:49.617618Z\", \"created_by\": null, \"unit_value\": 29, \"updated_at\": \"2022-10-16T23:21:49.617667Z\", \"description\": null, \"is_optional\": true, \"classification\": 1}, \"is_optional\": \"True\"}, {\"id\": 461, \"attribute\": {\"id\": 41, \"type\": \"select\", \"unit\": [], \"title\": \"Mounting: vertical or horizontal\", \"value\": \"Horizontal\", \"options\": \"Vertical,Horizontal\", \"created_at\": \"2022-10-16T03:38:23.673649Z\", \"created_by\": null, \"unit_value\": \"\", \"updated_at\": \"2022-10-16T03:38:23.673694Z\", \"description\": null, \"is_optional\": true, \"classification\": 1}, \"is_optional\": \"True\"}]}, {\"id\": 118, \"is_optional\": \"False\", \"classification\": {\"id\": 3, \"title\": \"Preference\", \"created_at\": \"2022-05-27T05:00:47.764698Z\", \"created_by\": null, \"updated_at\": \"2022-05-27T05:00:47.764746Z\", \"description\": \"\"}, \"partclassificationattribute_set\": [{\"id\": 462, \"attribute\": {\"id\": 20, \"type\": \"number\", \"unit\": [{\"id\": 13, \"title\": \"Week\", \"created_at\": \"2022-05-27T04:23:14.899157Z\", \"created_by\": null, \"updated_at\": \"2022-05-27T04:23:14.899227Z\", \"description\": \"\"}, {\"id\": 14, \"title\": \"Day\", \"created_at\": \"2022-05-27T04:23:21.410775Z\", \"created_by\": null, \"updated_at\": \"2022-05-27T04:23:21.410810Z\", \"description\": \"\"}], \"title\": \"Lead time to be less than\", \"value\": \"79\", \"options\": null, \"created_at\": \"2022-05-27T05:00:47.765744Z\", \"created_by\": null, \"unit_value\": 14, \"updated_at\": \"2022-05-27T05:00:47.765785Z\", \"description\": null, \"is_optional\": true, \"classification\": 3}, \"is_optional\": \"True\"}, {\"id\": 463, \"attribute\": {\"id\": 21, \"type\": \"number\", \"unit\": [{\"id\": 18, \"title\": \"USD\", \"created_at\": \"2022-05-27T04:28:43.387412Z\", \"created_by\": null, \"updated_at\": \"2022-05-27T04:28:43.387463Z\", \"description\": \"\"}, {\"id\": 19, \"title\": \"EUR\", \"created_at\": \"2022-05-27T04:29:10.653710Z\", \"created_by\": null, \"updated_at\": \"2022-05-27T04:29:10.653744Z\", \"description\": \"\"}, {\"id\": 20, \"title\": \"CNH\", \"created_at\": \"2022-05-27T04:29:17.096803Z\", \"created_by\": null, \"updated_at\": \"2022-05-27T04:29:17.096851Z\", \"description\": \"\"}, {\"id\": 21, \"title\": \"CNY\", \"created_at\": \"2022-05-27T04:30:47.418935Z\", \"created_by\": null, \"updated_at\": \"2022-05-27T04:30:47.418982Z\", \"description\": \"\"}, {\"id\": 22, \"title\": \"BTC\", \"created_at\": \"2022-05-27T04:30:52.577476Z\", \"created_by\": null, \"updated_at\": \"2022-05-27T04:30:52.577512Z\", \"description\": \"\"}], \"title\": \"Price to be less than\", \"value\": \"43\", \"options\": null, \"created_at\": \"2022-05-27T05:00:47.769491Z\", \"created_by\": null, \"unit_value\": 21, \"updated_at\": \"2022-05-27T05:00:47.769535Z\", \"description\": null, \"is_optional\": true, \"classification\": 3}, \"is_optional\": \"True\"}]}]}',4,'query',NULL,32,'Tempore consectetur','{\"email\": \"admin@gmail.com\", \"phone\": \"+1 (726) 908-8731\", \"last_name\": \"Reynolds\", \"first_name\": \"Len\", \"companyName\": \"Gilbert and Chapman Traders\"}',3,1,0,NULL,NULL,0,'',NULL,'pending','submitted',NULL,NULL,'Aperiam vero ut dolo','post/Screenshot_from_2022-10-25_20-59-16.png'),(35,'2022-11-04 14:54:00.129899','2022-11-08 07:20:07.258444','332433912','{\"id\": 20, \"slug\": \"discharge-line-solenoid-valve\", \"title\": \"Discharge Line Solenoid Valve\", \"description\": \"\", \"partclassification_set\": [{\"id\": 87, \"is_optional\": \"False\", \"classification\": {\"id\": 1, \"title\": \"Mechanical Specification\", \"created_at\": \"2022-05-11T06:15:21.725312Z\", \"created_by\": null, \"updated_at\": \"2022-10-23T21:58:53.007177Z\", \"description\": \"\"}, \"partclassificationattribute_set\": [{\"id\": 327, \"attribute\": {\"id\": 22, \"type\": \"text\", \"unit\": [], \"title\": \"Refrigerant, e.g., R134a\", \"value\": \"Quaerat voluptate te\", \"options\": null, \"created_at\": \"2022-10-15T05:35:37.382715Z\", \"created_by\": null, \"unit_value\": \"\", \"updated_at\": \"2022-10-15T05:35:37.382765Z\", \"description\": null, \"is_optional\": false, \"classification\": 1}, \"is_optional\": \"False\"}, {\"id\": 328, \"attribute\": {\"id\": 25, \"type\": \"number\", \"unit\": [{\"id\": 11, \"title\": \"F\", \"created_at\": \"2022-05-27T03:34:15.792951Z\", \"created_by\": null, \"updated_at\": \"2022-05-27T03:34:15.792986Z\", \"description\": \"Fahrenheit\"}, {\"id\": 12, \"title\": \"C\", \"created_at\": \"2022-05-27T03:35:30.829998Z\", \"created_by\": null, \"updated_at\": \"2022-05-27T03:35:30.830033Z\", \"description\": \"Centigrade\"}], \"title\": \"Evaporating temperature\", \"value\": \"1\", \"options\": null, \"created_at\": \"2022-10-15T05:43:18.908965Z\", \"created_by\": null, \"unit_value\": 12, \"updated_at\": \"2022-10-16T02:11:33.075530Z\", \"description\": null, \"is_optional\": false, \"classification\": 1}, \"is_optional\": \"False\"}, {\"id\": 329, \"attribute\": {\"id\": 26, \"type\": \"number\", \"unit\": [{\"id\": 11, \"title\": \"F\", \"created_at\": \"2022-05-27T03:34:15.792951Z\", \"created_by\": null, \"updated_at\": \"2022-05-27T03:34:15.792986Z\", \"description\": \"Fahrenheit\"}, {\"id\": 12, \"title\": \"C\", \"created_at\": \"2022-05-27T03:35:30.829998Z\", \"created_by\": null, \"updated_at\": \"2022-05-27T03:35:30.830033Z\", \"description\": \"Centigrade\"}], \"title\": \"Condensing temperature\", \"value\": \"47\", \"options\": null, \"created_at\": \"2022-10-15T05:43:18.924773Z\", \"created_by\": null, \"unit_value\": 11, \"updated_at\": \"2022-10-16T02:11:33.078878Z\", \"description\": null, \"is_optional\": false, \"classification\": 1}, \"is_optional\": \"False\"}, {\"id\": 330, \"attribute\": {\"id\": 52, \"type\": \"number\", \"unit\": [{\"id\": 11, \"title\": \"F\", \"created_at\": \"2022-05-27T03:34:15.792951Z\", \"created_by\": null, \"updated_at\": \"2022-05-27T03:34:15.792986Z\", \"description\": \"Fahrenheit\"}, {\"id\": 12, \"title\": \"C\", \"created_at\": \"2022-05-27T03:35:30.829998Z\", \"created_by\": null, \"updated_at\": \"2022-05-27T03:35:30.830033Z\", \"description\": \"Centigrade\"}], \"title\": \"Subcooling, e.g., 10 F\", \"value\": \"64\", \"options\": null, \"created_at\": \"2022-10-16T04:03:38.191440Z\", \"created_by\": null, \"unit_value\": 12, \"updated_at\": \"2022-10-16T04:03:38.191497Z\", \"description\": null, \"is_optional\": false, \"classification\": 1}, \"is_optional\": \"False\"}, {\"id\": 331, \"attribute\": {\"id\": 24, \"type\": \"number\", \"unit\": [{\"id\": 23, \"title\": \"Btu/h\", \"created_at\": \"2022-10-15T05:40:35.848264Z\", \"created_by\": null, \"updated_at\": \"2022-10-15T05:40:35.848303Z\", \"description\": \"\"}, {\"id\": 24, \"title\": \"kW\", \"created_at\": \"2022-10-15T05:40:56.073889Z\", \"created_by\": null, \"updated_at\": \"2022-10-15T05:40:56.073975Z\", \"description\": \"\"}, {\"id\": 25, \"title\": \"ton\", \"created_at\": \"2022-10-15T05:41:03.286064Z\", \"created_by\": null, \"updated_at\": \"2022-10-15T05:41:03.286185Z\", \"description\": \"\"}], \"title\": \"Cooling capacity\", \"value\": \"31\", \"options\": null, \"created_at\": \"2022-10-15T05:41:09.243861Z\", \"created_by\": null, \"unit_value\": 24, \"updated_at\": \"2022-10-16T02:11:33.070866Z\", \"description\": null, \"is_optional\": false, \"classification\": 1}, \"is_optional\": \"False\"}, {\"id\": 332, \"attribute\": {\"id\": 59, \"type\": \"text\", \"unit\": [], \"title\": \"Discharge line OD, e.g., 3/4\\\"\", \"value\": \"Quis ea consectetur \", \"options\": null, \"created_at\": \"2022-10-16T04:34:54.127743Z\", \"created_by\": null, \"unit_value\": \"\", \"updated_at\": \"2022-10-16T04:34:54.127791Z\", \"description\": null, \"is_optional\": false, \"classification\": 1}, \"is_optional\": \"False\"}, {\"id\": 333, \"attribute\": {\"id\": 57, \"type\": \"number\", \"unit\": [{\"id\": 31, \"title\": \"DC\", \"created_at\": \"2022-10-16T04:24:33.455714Z\", \"created_by\": null, \"updated_at\": \"2022-10-16T04:24:33.455770Z\", \"description\": \"\"}, {\"id\": 32, \"title\": \"AC\", \"created_at\": \"2022-10-16T04:24:39.835825Z\", \"created_by\": null, \"updated_at\": \"2022-10-16T04:24:39.835902Z\", \"description\": \"\"}], \"title\": \"Input power, e.g., 24 VDC\", \"value\": \"16\", \"options\": null, \"created_at\": \"2022-10-16T04:24:46.620586Z\", \"created_by\": null, \"unit_value\": 31, \"updated_at\": \"2022-10-16T04:24:46.620622Z\", \"description\": null, \"is_optional\": false, \"classification\": 1}, \"is_optional\": \"False\"}]}, {\"id\": 88, \"is_optional\": \"False\", \"classification\": {\"id\": 3, \"title\": \"Preference\", \"created_at\": \"2022-05-27T05:00:47.764698Z\", \"created_by\": null, \"updated_at\": \"2022-05-27T05:00:47.764746Z\", \"description\": \"\"}, \"partclassificationattribute_set\": [{\"id\": 334, \"attribute\": {\"id\": 20, \"type\": \"number\", \"unit\": [{\"id\": 13, \"title\": \"Week\", \"created_at\": \"2022-05-27T04:23:14.899157Z\", \"created_by\": null, \"updated_at\": \"2022-05-27T04:23:14.899227Z\", \"description\": \"\"}, {\"id\": 14, \"title\": \"Day\", \"created_at\": \"2022-05-27T04:23:21.410775Z\", \"created_by\": null, \"updated_at\": \"2022-05-27T04:23:21.410810Z\", \"description\": \"\"}], \"title\": \"Lead time to be less than\", \"value\": \"95\", \"options\": null, \"created_at\": \"2022-05-27T05:00:47.765744Z\", \"created_by\": null, \"unit_value\": 13, \"updated_at\": \"2022-05-27T05:00:47.765785Z\", \"description\": null, \"is_optional\": false, \"classification\": 3}, \"is_optional\": \"False\"}, {\"id\": 335, \"attribute\": {\"id\": 21, \"type\": \"number\", \"unit\": [{\"id\": 18, \"title\": \"USD\", \"created_at\": \"2022-05-27T04:28:43.387412Z\", \"created_by\": null, \"updated_at\": \"2022-05-27T04:28:43.387463Z\", \"description\": \"\"}, {\"id\": 19, \"title\": \"EUR\", \"created_at\": \"2022-05-27T04:29:10.653710Z\", \"created_by\": null, \"updated_at\": \"2022-05-27T04:29:10.653744Z\", \"description\": \"\"}, {\"id\": 20, \"title\": \"CNH\", \"created_at\": \"2022-05-27T04:29:17.096803Z\", \"created_by\": null, \"updated_at\": \"2022-05-27T04:29:17.096851Z\", \"description\": \"\"}, {\"id\": 21, \"title\": \"CNY\", \"created_at\": \"2022-05-27T04:30:47.418935Z\", \"created_by\": null, \"updated_at\": \"2022-05-27T04:30:47.418982Z\", \"description\": \"\"}, {\"id\": 22, \"title\": \"BTC\", \"created_at\": \"2022-05-27T04:30:52.577476Z\", \"created_by\": null, \"updated_at\": \"2022-05-27T04:30:52.577512Z\", \"description\": \"\"}], \"title\": \"Price to be less than\", \"value\": \"97\", \"options\": null, \"created_at\": \"2022-05-27T05:00:47.769491Z\", \"created_by\": null, \"unit_value\": 19, \"updated_at\": \"2022-05-27T05:00:47.769535Z\", \"description\": null, \"is_optional\": false, \"classification\": 3}, \"is_optional\": \"False\"}]}]}',3434,'query',NULL,20,'qwer','{\"email\": \"admin@gmail.com\", \"phone\": \"+1 (726) 908-8731\", \"last_name\": \"Reynolds\", \"first_name\": \"Len\", \"companyName\": \"Gilbert and Chapman Traders\"}',3,1,0,NULL,NULL,0,'',NULL,'pending','submitted',NULL,NULL,'343434','post/Screenshot_from_2022-11-01_13-14-03.png'),(36,'2022-11-04 14:58:02.441527','2022-11-08 07:20:07.247820','279225309','{\"id\": 20, \"slug\": \"discharge-line-solenoid-valve\", \"title\": \"Discharge Line Solenoid Valve\", \"description\": \"\", \"partclassification_set\": [{\"id\": 87, \"is_optional\": \"False\", \"classification\": {\"id\": 1, \"title\": \"Mechanical Specification\", \"created_at\": \"2022-05-11T06:15:21.725312Z\", \"created_by\": null, \"updated_at\": \"2022-10-23T21:58:53.007177Z\", \"description\": \"\"}, \"partclassificationattribute_set\": [{\"id\": 327, \"attribute\": {\"id\": 22, \"type\": \"text\", \"unit\": [], \"title\": \"Refrigerant, e.g., R134a\", \"value\": \"Quaerat voluptate te\", \"options\": null, \"created_at\": \"2022-10-15T05:35:37.382715Z\", \"created_by\": null, \"unit_value\": \"\", \"updated_at\": \"2022-10-15T05:35:37.382765Z\", \"description\": null, \"is_optional\": false, \"classification\": 1}, \"is_optional\": \"False\"}, {\"id\": 328, \"attribute\": {\"id\": 25, \"type\": \"number\", \"unit\": [{\"id\": 11, \"title\": \"F\", \"created_at\": \"2022-05-27T03:34:15.792951Z\", \"created_by\": null, \"updated_at\": \"2022-05-27T03:34:15.792986Z\", \"description\": \"Fahrenheit\"}, {\"id\": 12, \"title\": \"C\", \"created_at\": \"2022-05-27T03:35:30.829998Z\", \"created_by\": null, \"updated_at\": \"2022-05-27T03:35:30.830033Z\", \"description\": \"Centigrade\"}], \"title\": \"Evaporating temperature\", \"value\": \"1\", \"options\": null, \"created_at\": \"2022-10-15T05:43:18.908965Z\", \"created_by\": null, \"unit_value\": 11, \"updated_at\": \"2022-10-16T02:11:33.075530Z\", \"description\": null, \"is_optional\": false, \"classification\": 1}, \"is_optional\": \"False\"}, {\"id\": 329, \"attribute\": {\"id\": 26, \"type\": \"number\", \"unit\": [{\"id\": 11, \"title\": \"F\", \"created_at\": \"2022-05-27T03:34:15.792951Z\", \"created_by\": null, \"updated_at\": \"2022-05-27T03:34:15.792986Z\", \"description\": \"Fahrenheit\"}, {\"id\": 12, \"title\": \"C\", \"created_at\": \"2022-05-27T03:35:30.829998Z\", \"created_by\": null, \"updated_at\": \"2022-05-27T03:35:30.830033Z\", \"description\": \"Centigrade\"}], \"title\": \"Condensing temperature\", \"value\": \"47\", \"options\": null, \"created_at\": \"2022-10-15T05:43:18.924773Z\", \"created_by\": null, \"unit_value\": 11, \"updated_at\": \"2022-10-16T02:11:33.078878Z\", \"description\": null, \"is_optional\": false, \"classification\": 1}, \"is_optional\": \"False\"}, {\"id\": 330, \"attribute\": {\"id\": 52, \"type\": \"number\", \"unit\": [{\"id\": 11, \"title\": \"F\", \"created_at\": \"2022-05-27T03:34:15.792951Z\", \"created_by\": null, \"updated_at\": \"2022-05-27T03:34:15.792986Z\", \"description\": \"Fahrenheit\"}, {\"id\": 12, \"title\": \"C\", \"created_at\": \"2022-05-27T03:35:30.829998Z\", \"created_by\": null, \"updated_at\": \"2022-05-27T03:35:30.830033Z\", \"description\": \"Centigrade\"}], \"title\": \"Subcooling, e.g., 10 F\", \"value\": \"64\", \"options\": null, \"created_at\": \"2022-10-16T04:03:38.191440Z\", \"created_by\": null, \"unit_value\": 11, \"updated_at\": \"2022-10-16T04:03:38.191497Z\", \"description\": null, \"is_optional\": false, \"classification\": 1}, \"is_optional\": \"False\"}, {\"id\": 331, \"attribute\": {\"id\": 24, \"type\": \"number\", \"unit\": [{\"id\": 23, \"title\": \"Btu/h\", \"created_at\": \"2022-10-15T05:40:35.848264Z\", \"created_by\": null, \"updated_at\": \"2022-10-15T05:40:35.848303Z\", \"description\": \"\"}, {\"id\": 24, \"title\": \"kW\", \"created_at\": \"2022-10-15T05:40:56.073889Z\", \"created_by\": null, \"updated_at\": \"2022-10-15T05:40:56.073975Z\", \"description\": \"\"}, {\"id\": 25, \"title\": \"ton\", \"created_at\": \"2022-10-15T05:41:03.286064Z\", \"created_by\": null, \"updated_at\": \"2022-10-15T05:41:03.286185Z\", \"description\": \"\"}], \"title\": \"Cooling capacity\", \"value\": \"31\", \"options\": null, \"created_at\": \"2022-10-15T05:41:09.243861Z\", \"created_by\": null, \"unit_value\": 23, \"updated_at\": \"2022-10-16T02:11:33.070866Z\", \"description\": null, \"is_optional\": false, \"classification\": 1}, \"is_optional\": \"False\"}, {\"id\": 332, \"attribute\": {\"id\": 59, \"type\": \"text\", \"unit\": [], \"title\": \"Discharge line OD, e.g., 3/4\\\"\", \"value\": \"Quis ea consectetur \", \"options\": null, \"created_at\": \"2022-10-16T04:34:54.127743Z\", \"created_by\": null, \"unit_value\": \"\", \"updated_at\": \"2022-10-16T04:34:54.127791Z\", \"description\": null, \"is_optional\": false, \"classification\": 1}, \"is_optional\": \"False\"}, {\"id\": 333, \"attribute\": {\"id\": 57, \"type\": \"number\", \"unit\": [{\"id\": 31, \"title\": \"DC\", \"created_at\": \"2022-10-16T04:24:33.455714Z\", \"created_by\": null, \"updated_at\": \"2022-10-16T04:24:33.455770Z\", \"description\": \"\"}, {\"id\": 32, \"title\": \"AC\", \"created_at\": \"2022-10-16T04:24:39.835825Z\", \"created_by\": null, \"updated_at\": \"2022-10-16T04:24:39.835902Z\", \"description\": \"\"}], \"title\": \"Input power, e.g., 24 VDC\", \"value\": \"16\", \"options\": null, \"created_at\": \"2022-10-16T04:24:46.620586Z\", \"created_by\": null, \"unit_value\": 31, \"updated_at\": \"2022-10-16T04:24:46.620622Z\", \"description\": null, \"is_optional\": false, \"classification\": 1}, \"is_optional\": \"False\"}]}, {\"id\": 88, \"is_optional\": \"False\", \"classification\": {\"id\": 3, \"title\": \"Preference\", \"created_at\": \"2022-05-27T05:00:47.764698Z\", \"created_by\": null, \"updated_at\": \"2022-05-27T05:00:47.764746Z\", \"description\": \"\"}, \"partclassificationattribute_set\": [{\"id\": 334, \"attribute\": {\"id\": 20, \"type\": \"number\", \"unit\": [{\"id\": 13, \"title\": \"Week\", \"created_at\": \"2022-05-27T04:23:14.899157Z\", \"created_by\": null, \"updated_at\": \"2022-05-27T04:23:14.899227Z\", \"description\": \"\"}, {\"id\": 14, \"title\": \"Day\", \"created_at\": \"2022-05-27T04:23:21.410775Z\", \"created_by\": null, \"updated_at\": \"2022-05-27T04:23:21.410810Z\", \"description\": \"\"}], \"title\": \"Lead time to be less than\", \"value\": \"95\", \"options\": null, \"created_at\": \"2022-05-27T05:00:47.765744Z\", \"created_by\": null, \"unit_value\": 13, \"updated_at\": \"2022-05-27T05:00:47.765785Z\", \"description\": null, \"is_optional\": false, \"classification\": 3}, \"is_optional\": \"False\"}, {\"id\": 335, \"attribute\": {\"id\": 21, \"type\": \"number\", \"unit\": [{\"id\": 18, \"title\": \"USD\", \"created_at\": \"2022-05-27T04:28:43.387412Z\", \"created_by\": null, \"updated_at\": \"2022-05-27T04:28:43.387463Z\", \"description\": \"\"}, {\"id\": 19, \"title\": \"EUR\", \"created_at\": \"2022-05-27T04:29:10.653710Z\", \"created_by\": null, \"updated_at\": \"2022-05-27T04:29:10.653744Z\", \"description\": \"\"}, {\"id\": 20, \"title\": \"CNH\", \"created_at\": \"2022-05-27T04:29:17.096803Z\", \"created_by\": null, \"updated_at\": \"2022-05-27T04:29:17.096851Z\", \"description\": \"\"}, {\"id\": 21, \"title\": \"CNY\", \"created_at\": \"2022-05-27T04:30:47.418935Z\", \"created_by\": null, \"updated_at\": \"2022-05-27T04:30:47.418982Z\", \"description\": \"\"}, {\"id\": 22, \"title\": \"BTC\", \"created_at\": \"2022-05-27T04:30:52.577476Z\", \"created_by\": null, \"updated_at\": \"2022-05-27T04:30:52.577512Z\", \"description\": \"\"}], \"title\": \"Price to be less than\", \"value\": \"97\", \"options\": null, \"created_at\": \"2022-05-27T05:00:47.769491Z\", \"created_by\": null, \"unit_value\": 18, \"updated_at\": \"2022-05-27T05:00:47.769535Z\", \"description\": null, \"is_optional\": false, \"classification\": 3}, \"is_optional\": \"False\"}]}]}',3434,'query',NULL,20,'asdf','{\"email\": \"admin@gmail.com\", \"phone\": \"+1 (726) 908-8731\", \"last_name\": \"Reynolds\", \"first_name\": \"Len\", \"companyName\": \"Gilbert and Chapman Traders\"}',3,1,0,NULL,NULL,0,'',NULL,'pending','submitted',NULL,NULL,'343434','media/post/Screenshot_from_2022-10-31_21-08-36.png'),(37,'2022-11-05 03:46:44.489940','2022-11-05 03:46:44.490047','592180926','{\"id\": 42, \"slug\": \"aluminum-tube-pipe\", \"title\": \"Aluminum Tube / Pipe\", \"description\": \"\", \"partclassification_set\": [{\"id\": 137, \"is_optional\": \"False\", \"classification\": {\"id\": 1, \"title\": \"Mechanical Specification\", \"created_at\": \"2022-05-11T06:15:21.725312Z\", \"created_by\": null, \"updated_at\": \"2022-10-23T21:58:53.007177Z\", \"description\": \"\"}, \"partclassificationattribute_set\": [{\"id\": 515, \"attribute\": {\"id\": 123, \"type\": \"text\", \"unit\": [], \"title\": \"Aluminum alloy, e.g., 6061\", \"value\": \"12\", \"options\": null, \"created_at\": \"2022-10-18T04:04:57.973259Z\", \"created_by\": null, \"unit_value\": \"\", \"updated_at\": \"2022-10-18T04:06:30.452864Z\", \"description\": null, \"is_optional\": false, \"classification\": 1}, \"is_optional\": \"False\"}, {\"id\": 516, \"attribute\": {\"id\": 113, \"type\": \"number\", \"unit\": [{\"id\": 37, \"title\": \"in\", \"created_at\": \"2022-10-16T16:13:52.114616Z\", \"created_by\": null, \"updated_at\": \"2022-10-16T16:13:52.115011Z\", \"description\": \"\"}, {\"id\": 39, \"title\": \"cm\", \"created_at\": \"2022-10-16T16:19:29.422513Z\", \"created_by\": null, \"updated_at\": \"2022-10-16T16:19:29.422590Z\", \"description\": \"\"}], \"title\": \"Outside diameter, e.g., 3/4\\\"\", \"value\": \"1\", \"options\": null, \"created_at\": \"2022-10-17T03:07:39.086284Z\", \"created_by\": null, \"unit_value\": 37, \"updated_at\": \"2022-10-17T03:07:39.086345Z\", \"description\": null, \"is_optional\": false, \"classification\": 1}, \"is_optional\": \"False\"}, {\"id\": 517, \"attribute\": {\"id\": 114, \"type\": \"number\", \"unit\": [{\"id\": 37, \"title\": \"in\", \"created_at\": \"2022-10-16T16:13:52.114616Z\", \"created_by\": null, \"updated_at\": \"2022-10-16T16:13:52.115011Z\", \"description\": \"\"}, {\"id\": 39, \"title\": \"cm\", \"created_at\": \"2022-10-16T16:19:29.422513Z\", \"created_by\": null, \"updated_at\": \"2022-10-16T16:19:29.422590Z\", \"description\": \"\"}], \"title\": \"Wall thickness, e.g., 0.035\\\"\", \"value\": \"1\", \"options\": null, \"created_at\": \"2022-10-17T03:07:39.090870Z\", \"created_by\": null, \"unit_value\": 37, \"updated_at\": \"2022-10-17T03:07:39.090926Z\", \"description\": null, \"is_optional\": false, \"classification\": 1}, \"is_optional\": \"False\"}, {\"id\": 518, \"attribute\": {\"id\": 118, \"type\": \"number\", \"unit\": [{\"id\": 37, \"title\": \"in\", \"created_at\": \"2022-10-16T16:13:52.114616Z\", \"created_by\": null, \"updated_at\": \"2022-10-16T16:13:52.115011Z\", \"description\": \"\"}, {\"id\": 39, \"title\": \"cm\", \"created_at\": \"2022-10-16T16:19:29.422513Z\", \"created_by\": null, \"updated_at\": \"2022-10-16T16:19:29.422590Z\", \"description\": \"\"}], \"title\": \"Length, e.g., 36\\\"\", \"value\": \"12\", \"options\": null, \"created_at\": \"2022-10-17T03:07:39.113706Z\", \"created_by\": null, \"unit_value\": 37, \"updated_at\": \"2022-10-17T03:07:39.113773Z\", \"description\": null, \"is_optional\": false, \"classification\": 1}, \"is_optional\": \"False\"}]}, {\"id\": 138, \"is_optional\": \"True\", \"classification\": {\"id\": 3, \"title\": \"Preference\", \"created_at\": \"2022-05-27T05:00:47.764698Z\", \"created_by\": null, \"updated_at\": \"2022-05-27T05:00:47.764746Z\", \"description\": \"\"}, \"partclassificationattribute_set\": [{\"id\": 519, \"attribute\": {\"id\": 20, \"type\": \"number\", \"unit\": [{\"id\": 13, \"title\": \"Week\", \"created_at\": \"2022-05-27T04:23:14.899157Z\", \"created_by\": null, \"updated_at\": \"2022-05-27T04:23:14.899227Z\", \"description\": \"\"}, {\"id\": 14, \"title\": \"Day\", \"created_at\": \"2022-05-27T04:23:21.410775Z\", \"created_by\": null, \"updated_at\": \"2022-05-27T04:23:21.410810Z\", \"description\": \"\"}], \"title\": \"Lead time to be less than\", \"value\": \"\", \"options\": null, \"created_at\": \"2022-05-27T05:00:47.765744Z\", \"created_by\": null, \"unit_value\": 13, \"updated_at\": \"2022-05-27T05:00:47.765785Z\", \"description\": null, \"is_optional\": true, \"classification\": 3}, \"is_optional\": \"True\"}, {\"id\": 520, \"attribute\": {\"id\": 21, \"type\": \"number\", \"unit\": [{\"id\": 18, \"title\": \"USD\", \"created_at\": \"2022-05-27T04:28:43.387412Z\", \"created_by\": null, \"updated_at\": \"2022-05-27T04:28:43.387463Z\", \"description\": \"\"}, {\"id\": 19, \"title\": \"EUR\", \"created_at\": \"2022-05-27T04:29:10.653710Z\", \"created_by\": null, \"updated_at\": \"2022-05-27T04:29:10.653744Z\", \"description\": \"\"}, {\"id\": 20, \"title\": \"CNH\", \"created_at\": \"2022-05-27T04:29:17.096803Z\", \"created_by\": null, \"updated_at\": \"2022-05-27T04:29:17.096851Z\", \"description\": \"\"}, {\"id\": 21, \"title\": \"CNY\", \"created_at\": \"2022-05-27T04:30:47.418935Z\", \"created_by\": null, \"updated_at\": \"2022-05-27T04:30:47.418982Z\", \"description\": \"\"}, {\"id\": 22, \"title\": \"BTC\", \"created_at\": \"2022-05-27T04:30:52.577476Z\", \"created_by\": null, \"updated_at\": \"2022-05-27T04:30:52.577512Z\", \"description\": \"\"}], \"title\": \"Price to be less than\", \"value\": \"\", \"options\": null, \"created_at\": \"2022-05-27T05:00:47.769491Z\", \"created_by\": null, \"unit_value\": 18, \"updated_at\": \"2022-05-27T05:00:47.769535Z\", \"description\": null, \"is_optional\": true, \"classification\": 3}, \"is_optional\": \"True\"}]}]}',1,'query',NULL,42,'Test2','{\"email\": \"ab.abdoli@gmail.com\", \"phone\": \"305300111\", \"last_name\": \"Abdoli\", \"first_name\": \"Abas\", \"companyName\": \"TKelvin\"}',33,0,0,NULL,NULL,0,'',NULL,'pending','submitted',NULL,NULL,'94070','media/post/Screenshot_20221102_082058.png'),(38,'2022-11-08 07:16:31.440276','2022-11-08 07:20:07.237429','82789559','{\"id\": 32, \"slug\": \"air-compressor\", \"title\": \"Air Compressor\", \"description\": \"\", \"partclassification_set\": [{\"id\": 117, \"is_optional\": \"False\", \"classification\": {\"id\": 1, \"title\": \"Mechanical Specification\", \"created_at\": \"2022-05-11T06:15:21.725312Z\", \"created_by\": null, \"updated_at\": \"2022-10-23T21:58:53.007177Z\", \"description\": \"\"}, \"partclassificationattribute_set\": [{\"id\": 456, \"attribute\": {\"id\": 108, \"type\": \"select\", \"unit\": [], \"title\": \"Power source, e.g., electric\", \"value\": \"Electric\", \"options\": \"Electric,Battery,Gas,Manual\", \"created_at\": \"2022-10-16T23:21:49.604091Z\", \"created_by\": null, \"unit_value\": \"\", \"updated_at\": \"2022-10-16T23:21:49.604142Z\", \"description\": null, \"is_optional\": false, \"classification\": 1}, \"is_optional\": \"False\"}, {\"id\": 457, \"attribute\": {\"id\": 109, \"type\": \"select\", \"unit\": [], \"title\": \"Mobility\", \"value\": \"Stationary\", \"options\": \"Stationary,Portable\", \"created_at\": \"2022-10-16T23:21:49.607177Z\", \"created_by\": null, \"unit_value\": \"\", \"updated_at\": \"2022-10-16T23:21:49.607221Z\", \"description\": null, \"is_optional\": false, \"classification\": 1}, \"is_optional\": \"False\"}, {\"id\": 458, \"attribute\": {\"id\": 88, \"type\": \"number\", \"unit\": [{\"id\": 5, \"title\": \"psi\", \"created_at\": \"2022-05-11T06:20:18.195552Z\", \"created_by\": null, \"updated_at\": \"2022-05-11T06:20:18.195591Z\", \"description\": \"\"}, {\"id\": 26, \"title\": \"Pa\", \"created_at\": \"2022-10-16T02:10:14.453142Z\", \"created_by\": null, \"updated_at\": \"2022-10-16T02:10:14.453183Z\", \"description\": \"\"}], \"title\": \"Max pressure\", \"value\": \"28\", \"options\": null, \"created_at\": \"2022-10-16T22:43:39.052691Z\", \"created_by\": null, \"unit_value\": 26, \"updated_at\": \"2022-10-16T22:43:39.052752Z\", \"description\": null, \"is_optional\": false, \"classification\": 1}, \"is_optional\": \"False\"}, {\"id\": 459, \"attribute\": {\"id\": 110, \"type\": \"number\", \"unit\": [{\"id\": 47, \"title\": \"scfm\", \"created_at\": \"2022-10-16T23:20:41.406158Z\", \"created_by\": null, \"updated_at\": \"2022-10-16T23:20:41.406202Z\", \"description\": \"\"}], \"title\": \"Standard cfm (scfm)\", \"value\": \"46\", \"options\": null, \"created_at\": \"2022-10-16T23:21:49.612207Z\", \"created_by\": null, \"unit_value\": 47, \"updated_at\": \"2022-10-16T23:21:49.612272Z\", \"description\": null, \"is_optional\": false, \"classification\": 1}, \"is_optional\": \"False\"}, {\"id\": 460, \"attribute\": {\"id\": 111, \"type\": \"number\", \"unit\": [{\"id\": 24, \"title\": \"kW\", \"created_at\": \"2022-10-15T05:40:56.073889Z\", \"created_by\": null, \"updated_at\": \"2022-10-15T05:40:56.073975Z\", \"description\": \"\"}, {\"id\": 29, \"title\": \"hp\", \"created_at\": \"2022-10-16T03:46:26.878541Z\", \"created_by\": null, \"updated_at\": \"2022-10-16T03:46:26.878767Z\", \"description\": \"\"}], \"title\": \"Power\", \"value\": \"44\", \"options\": null, \"created_at\": \"2022-10-16T23:21:49.617618Z\", \"created_by\": null, \"unit_value\": 29, \"updated_at\": \"2022-10-16T23:21:49.617667Z\", \"description\": null, \"is_optional\": true, \"classification\": 1}, \"is_optional\": \"True\"}, {\"id\": 461, \"attribute\": {\"id\": 41, \"type\": \"select\", \"unit\": [], \"title\": \"Mounting: vertical or horizontal\", \"value\": \"Horizontal\", \"options\": \"Vertical,Horizontal\", \"created_at\": \"2022-10-16T03:38:23.673649Z\", \"created_by\": null, \"unit_value\": \"\", \"updated_at\": \"2022-10-16T03:38:23.673694Z\", \"description\": null, \"is_optional\": true, \"classification\": 1}, \"is_optional\": \"True\"}]}, {\"id\": 118, \"is_optional\": \"False\", \"classification\": {\"id\": 3, \"title\": \"Preference\", \"created_at\": \"2022-05-27T05:00:47.764698Z\", \"created_by\": null, \"updated_at\": \"2022-05-27T05:00:47.764746Z\", \"description\": \"\"}, \"partclassificationattribute_set\": [{\"id\": 462, \"attribute\": {\"id\": 20, \"type\": \"number\", \"unit\": [{\"id\": 13, \"title\": \"Week\", \"created_at\": \"2022-05-27T04:23:14.899157Z\", \"created_by\": null, \"updated_at\": \"2022-05-27T04:23:14.899227Z\", \"description\": \"\"}, {\"id\": 14, \"title\": \"Day\", \"created_at\": \"2022-05-27T04:23:21.410775Z\", \"created_by\": null, \"updated_at\": \"2022-05-27T04:23:21.410810Z\", \"description\": \"\"}], \"title\": \"Lead time to be less than\", \"value\": \"19\", \"options\": null, \"created_at\": \"2022-05-27T05:00:47.765744Z\", \"created_by\": null, \"unit_value\": 14, \"updated_at\": \"2022-05-27T05:00:47.765785Z\", \"description\": null, \"is_optional\": true, \"classification\": 3}, \"is_optional\": \"True\"}, {\"id\": 463, \"attribute\": {\"id\": 21, \"type\": \"number\", \"unit\": [{\"id\": 18, \"title\": \"USD\", \"created_at\": \"2022-05-27T04:28:43.387412Z\", \"created_by\": null, \"updated_at\": \"2022-05-27T04:28:43.387463Z\", \"description\": \"\"}, {\"id\": 19, \"title\": \"EUR\", \"created_at\": \"2022-05-27T04:29:10.653710Z\", \"created_by\": null, \"updated_at\": \"2022-05-27T04:29:10.653744Z\", \"description\": \"\"}, {\"id\": 20, \"title\": \"CNH\", \"created_at\": \"2022-05-27T04:29:17.096803Z\", \"created_by\": null, \"updated_at\": \"2022-05-27T04:29:17.096851Z\", \"description\": \"\"}, {\"id\": 21, \"title\": \"CNY\", \"created_at\": \"2022-05-27T04:30:47.418935Z\", \"created_by\": null, \"updated_at\": \"2022-05-27T04:30:47.418982Z\", \"description\": \"\"}, {\"id\": 22, \"title\": \"BTC\", \"created_at\": \"2022-05-27T04:30:52.577476Z\", \"created_by\": null, \"updated_at\": \"2022-05-27T04:30:52.577512Z\", \"description\": \"\"}], \"title\": \"Price to be less than\", \"value\": \"93\", \"options\": null, \"created_at\": \"2022-05-27T05:00:47.769491Z\", \"created_by\": null, \"unit_value\": 18, \"updated_at\": \"2022-05-27T05:00:47.769535Z\", \"description\": null, \"is_optional\": true, \"classification\": 3}, \"is_optional\": \"True\"}]}]}',80,'query',NULL,32,'Error minim ut aliqu','{\"email\": \"admin@gmail.com\", \"phone\": \"+1 (726) 908-8731\", \"last_name\": \"Reynolds\", \"first_name\": \"Len\", \"companyName\": \"Gilbert and Chapman Traders\"}',3,1,0,NULL,NULL,0,'',NULL,'pending','submitted',NULL,NULL,'Ut ut fuga Perferen',''),(39,'2023-04-21 23:58:58.825697','2023-04-21 23:58:58.825800','79802658','{\"id\": 60, \"slug\": \"air-conditioning-unit\", \"title\": \"Air Conditioning Unit\", \"description\": \"\", \"partclassification_set\": [{\"id\": 174, \"is_optional\": \"False\", \"classification\": {\"id\": 1, \"title\": \"Mechanical Specification\", \"created_at\": \"2022-05-10T23:15:21.725312-07:00\", \"created_by\": null, \"updated_at\": \"2022-10-23T14:58:53.007177-07:00\", \"description\": \"\"}, \"partclassificationattribute_set\": [{\"id\": 657, \"attribute\": {\"id\": 24, \"type\": \"number\", \"unit\": [{\"id\": 23, \"title\": \"Btu/h\", \"created_at\": \"2022-10-14T22:40:35.848264-07:00\", \"created_by\": null, \"updated_at\": \"2022-10-14T22:40:35.848303-07:00\", \"description\": \"\"}, {\"id\": 24, \"title\": \"kW\", \"created_at\": \"2022-10-14T22:40:56.073889-07:00\", \"created_by\": null, \"updated_at\": \"2022-10-14T22:40:56.073975-07:00\", \"description\": \"\"}, {\"id\": 25, \"title\": \"ton\", \"created_at\": \"2022-10-14T22:41:03.286064-07:00\", \"created_by\": null, \"updated_at\": \"2022-10-14T22:41:03.286185-07:00\", \"description\": \"\"}], \"title\": \"Cooling capacity\", \"value\": \"1200\", \"options\": null, \"created_at\": \"2022-10-14T22:41:09.243861-07:00\", \"created_by\": null, \"unit_value\": 24, \"updated_at\": \"2022-10-15T19:11:33.070866-07:00\", \"description\": null, \"is_optional\": false, \"classification\": 1}, \"is_optional\": \"False\"}, {\"id\": 658, \"attribute\": {\"id\": 79, \"type\": \"number\", \"unit\": [{\"id\": 40, \"title\": \"cfm\", \"created_at\": \"2022-10-16T14:34:15.486071-07:00\", \"created_by\": null, \"updated_at\": \"2022-10-16T14:34:15.486162-07:00\", \"description\": \"\"}, {\"id\": 41, \"title\": \"m3/h\", \"created_at\": \"2022-10-16T14:35:42.094071-07:00\", \"created_by\": null, \"updated_at\": \"2022-10-16T14:35:42.094143-07:00\", \"description\": \"\"}], \"title\": \"Airflow required\", \"value\": \"22\", \"options\": null, \"created_at\": \"2022-10-16T14:42:25.141262-07:00\", \"created_by\": null, \"unit_value\": 40, \"updated_at\": \"2022-10-16T14:42:25.141376-07:00\", \"description\": null, \"is_optional\": false, \"classification\": 1}, \"is_optional\": \"False\"}, {\"id\": 659, \"attribute\": {\"id\": 148, \"type\": \"select\", \"unit\": [], \"title\": \"Mobility: portable or stationary\", \"value\": \"Portable\", \"options\": \"Portable,Stationary\", \"created_at\": \"2022-10-22T20:31:30.357310-07:00\", \"created_by\": null, \"unit_value\": \"\", \"updated_at\": \"2022-10-22T20:31:30.357385-07:00\", \"description\": null, \"is_optional\": false, \"classification\": 1}, \"is_optional\": \"False\"}, {\"id\": 660, \"attribute\": {\"id\": 149, \"type\": \"select\", \"unit\": [], \"title\": \"Mounting, e.g., freestanding\", \"value\": \"Freestanding\", \"options\": \"Freestanding,Wall,Duct\", \"created_at\": \"2022-10-22T20:31:30.363019-07:00\", \"created_by\": null, \"unit_value\": \"\", \"updated_at\": \"2022-10-22T20:42:18.404429-07:00\", \"description\": null, \"is_optional\": false, \"classification\": 1}, \"is_optional\": \"False\"}]}, {\"id\": 175, \"is_optional\": \"False\", \"classification\": {\"id\": 2, \"title\": \"Electrical Specification\", \"created_at\": \"2022-05-26T21:40:50.864425-07:00\", \"created_by\": null, \"updated_at\": \"2022-10-16T15:18:21.457812-07:00\", \"description\": \"\"}, \"partclassificationattribute_set\": [{\"id\": 661, \"attribute\": {\"id\": 18, \"type\": \"select\", \"unit\": [], \"title\": \"Phase\", \"value\": \"1\", \"options\": \"1,2,3\", \"created_at\": \"2022-05-26T21:40:50.868892-07:00\", \"created_by\": null, \"unit_value\": \"\", \"updated_at\": \"2022-05-26T21:40:50.868921-07:00\", \"description\": null, \"is_optional\": false, \"classification\": 2}, \"is_optional\": \"False\"}, {\"id\": 662, \"attribute\": {\"id\": 19, \"type\": \"select\", \"unit\": [], \"title\": \"Voltage\", \"value\": \"240\", \"options\": \"120,208,240,480\", \"created_at\": \"2022-05-26T21:40:50.870944-07:00\", \"created_by\": null, \"unit_value\": \"\", \"updated_at\": \"2022-05-26T22:06:30.117578-07:00\", \"description\": null, \"is_optional\": false, \"classification\": 2}, \"is_optional\": \"False\"}, {\"id\": 663, \"attribute\": {\"id\": 17, \"type\": \"select\", \"unit\": [], \"title\": \"Frequency\", \"value\": \"50 Hz\", \"options\": \"50 Hz, 60 Hz\", \"created_at\": \"2022-05-26T21:40:50.866200-07:00\", \"created_by\": null, \"unit_value\": \"\", \"updated_at\": \"2022-10-16T08:41:32.918988-07:00\", \"description\": null, \"is_optional\": false, \"classification\": 2}, \"is_optional\": \"False\"}]}, {\"id\": 176, \"is_optional\": \"True\", \"classification\": {\"id\": 3, \"title\": \"Preference\", \"created_at\": \"2022-05-26T22:00:47.764698-07:00\", \"created_by\": null, \"updated_at\": \"2022-05-26T22:00:47.764746-07:00\", \"description\": \"\"}, \"partclassificationattribute_set\": [{\"id\": 664, \"attribute\": {\"id\": 20, \"type\": \"number\", \"unit\": [{\"id\": 13, \"title\": \"Week\", \"created_at\": \"2022-05-26T21:23:14.899157-07:00\", \"created_by\": null, \"updated_at\": \"2022-05-26T21:23:14.899227-07:00\", \"description\": \"\"}, {\"id\": 14, \"title\": \"Day\", \"created_at\": \"2022-05-26T21:23:21.410775-07:00\", \"created_by\": null, \"updated_at\": \"2022-05-26T21:23:21.410810-07:00\", \"description\": \"\"}], \"title\": \"Lead time to be less than\", \"value\": \"\", \"options\": null, \"created_at\": \"2022-05-26T22:00:47.765744-07:00\", \"created_by\": null, \"unit_value\": 13, \"updated_at\": \"2022-05-26T22:00:47.765785-07:00\", \"description\": null, \"is_optional\": true, \"classification\": 3}, \"is_optional\": \"True\"}, {\"id\": 665, \"attribute\": {\"id\": 21, \"type\": \"number\", \"unit\": [{\"id\": 18, \"title\": \"USD\", \"created_at\": \"2022-05-26T21:28:43.387412-07:00\", \"created_by\": null, \"updated_at\": \"2022-05-26T21:28:43.387463-07:00\", \"description\": \"\"}, {\"id\": 19, \"title\": \"EUR\", \"created_at\": \"2022-05-26T21:29:10.653710-07:00\", \"created_by\": null, \"updated_at\": \"2022-05-26T21:29:10.653744-07:00\", \"description\": \"\"}, {\"id\": 20, \"title\": \"CNH\", \"created_at\": \"2022-05-26T21:29:17.096803-07:00\", \"created_by\": null, \"updated_at\": \"2022-05-26T21:29:17.096851-07:00\", \"description\": \"\"}, {\"id\": 21, \"title\": \"CNY\", \"created_at\": \"2022-05-26T21:30:47.418935-07:00\", \"created_by\": null, \"updated_at\": \"2022-05-26T21:30:47.418982-07:00\", \"description\": \"\"}, {\"id\": 22, \"title\": \"BTC\", \"created_at\": \"2022-05-26T21:30:52.577476-07:00\", \"created_by\": null, \"updated_at\": \"2022-05-26T21:30:52.577512-07:00\", \"description\": \"\"}], \"title\": \"Price to be less than\", \"value\": \"\", \"options\": null, \"created_at\": \"2022-05-26T22:00:47.769491-07:00\", \"created_by\": null, \"unit_value\": 18, \"updated_at\": \"2022-05-26T22:00:47.769535-07:00\", \"description\": null, \"is_optional\": true, \"classification\": 3}, \"is_optional\": \"True\"}]}]}',1,'query',NULL,60,'Aaaz','{\"email\": \"Kg1843@yahoo.com\", \"phone\": \"650-888-6516 \", \"password\": \"Simply4fun\", \"existUser\": \"ssss\", \"last_name\": \"Ganapathi \", \"first_name\": \"Kay\", \"companyName\": \"Ganatech\", \"confirmPassword\": \"Simply4fun\"}',53,0,0,NULL,NULL,0,'',NULL,'pending','submitted',NULL,NULL,'94025',''),(40,'2023-08-03 03:03:38.604063','2023-08-03 03:03:38.604114','497238465','{\"id\": 56, \"slug\": \"dehumidifier\", \"title\": \"Dehumidifier\", \"description\": \"\", \"partclassification_set\": [{\"id\": 166, \"is_optional\": \"False\", \"classification\": {\"id\": 1, \"title\": \"Mechanical Specification\", \"created_at\": \"2022-05-10T23:15:21.725312-07:00\", \"created_by\": null, \"updated_at\": \"2022-10-23T14:58:53.007177-07:00\", \"description\": \"\"}, \"partclassificationattribute_set\": [{\"id\": 626, \"attribute\": {\"id\": 7, \"type\": \"text\", \"unit\": [], \"title\": \"Application, e.g., industrial processes\", \"value\": \"Residential \", \"options\": null, \"created_at\": \"2022-05-26T20:37:17.103745-07:00\", \"created_by\": null, \"unit_value\": \"\", \"updated_at\": \"2022-05-26T21:23:27.535651-07:00\", \"description\": null, \"is_optional\": false, \"classification\": 1}, \"is_optional\": \"False\"}, {\"id\": 627, \"attribute\": {\"id\": 145, \"type\": \"number\", \"unit\": [{\"id\": 1, \"title\": \"gpm\", \"created_at\": \"2022-05-10T22:05:33.989451-07:00\", \"created_by\": null, \"updated_at\": \"2022-05-10T22:05:33.989506-07:00\", \"description\": \"\"}, {\"id\": 4, \"title\": \"lpm\", \"created_at\": \"2022-05-10T23:15:07.786870-07:00\", \"created_by\": null, \"updated_at\": \"2022-05-10T23:15:07.786921-07:00\", \"description\": \"\"}, {\"id\": 48, \"title\": \"gph\", \"created_at\": \"2022-10-22T20:25:18.233216-07:00\", \"created_by\": null, \"updated_at\": \"2022-10-22T20:25:18.233375-07:00\", \"description\": \"\"}], \"title\": \"Capacity, e.g., 1 gph\", \"value\": \"1\", \"options\": null, \"created_at\": \"2022-10-22T20:31:30.340625-07:00\", \"created_by\": null, \"unit_value\": 1, \"updated_at\": \"2022-10-22T20:31:30.340698-07:00\", \"description\": null, \"is_optional\": false, \"classification\": 1}, \"is_optional\": \"False\"}, {\"id\": 628, \"attribute\": {\"id\": 146, \"type\": \"number\", \"unit\": [{\"id\": 49, \"title\": \"ft3\", \"created_at\": \"2022-10-22T20:26:43.263705-07:00\", \"created_by\": null, \"updated_at\": \"2022-10-22T20:26:43.263825-07:00\", \"description\": \"\"}, {\"id\": 50, \"title\": \"m3\", \"created_at\": \"2022-10-22T20:26:50.151844-07:00\", \"created_by\": null, \"updated_at\": \"2022-10-22T20:26:50.151913-07:00\", \"description\": \"\"}], \"title\": \"Space volume, e.g. 10000 ft3\", \"value\": \"5000\", \"options\": null, \"created_at\": \"2022-10-22T20:31:30.347603-07:00\", \"created_by\": null, \"unit_value\": 49, \"updated_at\": \"2022-10-22T20:31:30.347671-07:00\", \"description\": null, \"is_optional\": false, \"classification\": 1}, \"is_optional\": \"False\"}, {\"id\": 629, \"attribute\": {\"id\": 148, \"type\": \"select\", \"unit\": [], \"title\": \"Mobility: portable or stationary\", \"value\": \"Stationary\", \"options\": \"Portable,Stationary\", \"created_at\": \"2022-10-22T20:31:30.357310-07:00\", \"created_by\": null, \"unit_value\": \"\", \"updated_at\": \"2022-10-22T20:31:30.357385-07:00\", \"description\": null, \"is_optional\": false, \"classification\": 1}, \"is_optional\": \"False\"}, {\"id\": 630, \"attribute\": {\"id\": 149, \"type\": \"select\", \"unit\": [], \"title\": \"Mounting, e.g., freestanding\", \"value\": \"Freestanding\", \"options\": \"Freestanding,Wall,Duct\", \"created_at\": \"2022-10-22T20:31:30.363019-07:00\", \"created_by\": null, \"unit_value\": \"\", \"updated_at\": \"2022-10-22T20:42:18.404429-07:00\", \"description\": null, \"is_optional\": false, \"classification\": 1}, \"is_optional\": \"False\"}]}, {\"id\": 167, \"is_optional\": \"True\", \"classification\": {\"id\": 2, \"title\": \"Electrical Specification\", \"created_at\": \"2022-05-26T21:40:50.864425-07:00\", \"created_by\": null, \"updated_at\": \"2022-10-16T15:18:21.457812-07:00\", \"description\": \"\"}, \"partclassificationattribute_set\": [{\"id\": 631, \"attribute\": {\"id\": 18, \"type\": \"select\", \"unit\": [], \"title\": \"Phase\", \"value\": \"\", \"options\": \"1,2,3\", \"created_at\": \"2022-05-26T21:40:50.868892-07:00\", \"created_by\": null, \"unit_value\": \"\", \"updated_at\": \"2022-05-26T21:40:50.868921-07:00\", \"description\": null, \"is_optional\": true, \"classification\": 2}, \"is_optional\": \"True\"}, {\"id\": 632, \"attribute\": {\"id\": 19, \"type\": \"select\", \"unit\": [], \"title\": \"Voltage\", \"value\": \"120\", \"options\": \"120,208,240,480\", \"created_at\": \"2022-05-26T21:40:50.870944-07:00\", \"created_by\": null, \"unit_value\": \"\", \"updated_at\": \"2022-05-26T22:06:30.117578-07:00\", \"description\": null, \"is_optional\": true, \"classification\": 2}, \"is_optional\": \"True\"}, {\"id\": 633, \"attribute\": {\"id\": 17, \"type\": \"select\", \"unit\": [], \"title\": \"Frequency\", \"value\": \" 60 Hz\", \"options\": \"50 Hz, 60 Hz\", \"created_at\": \"2022-05-26T21:40:50.866200-07:00\", \"created_by\": null, \"unit_value\": \"\", \"updated_at\": \"2022-10-16T08:41:32.918988-07:00\", \"description\": null, \"is_optional\": true, \"classification\": 2}, \"is_optional\": \"True\"}]}, {\"id\": 168, \"is_optional\": \"True\", \"classification\": {\"id\": 3, \"title\": \"Preference\", \"created_at\": \"2022-05-26T22:00:47.764698-07:00\", \"created_by\": null, \"updated_at\": \"2022-05-26T22:00:47.764746-07:00\", \"description\": \"\"}, \"partclassificationattribute_set\": [{\"id\": 634, \"attribute\": {\"id\": 20, \"type\": \"number\", \"unit\": [{\"id\": 13, \"title\": \"Week\", \"created_at\": \"2022-05-26T21:23:14.899157-07:00\", \"created_by\": null, \"updated_at\": \"2022-05-26T21:23:14.899227-07:00\", \"description\": \"\"}, {\"id\": 14, \"title\": \"Day\", \"created_at\": \"2022-05-26T21:23:21.410775-07:00\", \"created_by\": null, \"updated_at\": \"2022-05-26T21:23:21.410810-07:00\", \"description\": \"\"}], \"title\": \"Lead time to be less than\", \"value\": \"4\", \"options\": null, \"created_at\": \"2022-05-26T22:00:47.765744-07:00\", \"created_by\": null, \"unit_value\": 13, \"updated_at\": \"2022-05-26T22:00:47.765785-07:00\", \"description\": null, \"is_optional\": true, \"classification\": 3}, \"is_optional\": \"True\"}, {\"id\": 635, \"attribute\": {\"id\": 21, \"type\": \"number\", \"unit\": [{\"id\": 18, \"title\": \"USD\", \"created_at\": \"2022-05-26T21:28:43.387412-07:00\", \"created_by\": null, \"updated_at\": \"2022-05-26T21:28:43.387463-07:00\", \"description\": \"\"}, {\"id\": 19, \"title\": \"EUR\", \"created_at\": \"2022-05-26T21:29:10.653710-07:00\", \"created_by\": null, \"updated_at\": \"2022-05-26T21:29:10.653744-07:00\", \"description\": \"\"}, {\"id\": 20, \"title\": \"CNH\", \"created_at\": \"2022-05-26T21:29:17.096803-07:00\", \"created_by\": null, \"updated_at\": \"2022-05-26T21:29:17.096851-07:00\", \"description\": \"\"}, {\"id\": 21, \"title\": \"CNY\", \"created_at\": \"2022-05-26T21:30:47.418935-07:00\", \"created_by\": null, \"updated_at\": \"2022-05-26T21:30:47.418982-07:00\", \"description\": \"\"}, {\"id\": 22, \"title\": \"BTC\", \"created_at\": \"2022-05-26T21:30:52.577476-07:00\", \"created_by\": null, \"updated_at\": \"2022-05-26T21:30:52.577512-07:00\", \"description\": \"\"}], \"title\": \"Price to be less than\", \"value\": \"100\", \"options\": null, \"created_at\": \"2022-05-26T22:00:47.769491-07:00\", \"created_by\": null, \"unit_value\": 18, \"updated_at\": \"2022-05-26T22:00:47.769535-07:00\", \"description\": null, \"is_optional\": true, \"classification\": 3}, \"is_optional\": \"True\"}]}]}',5,'query',NULL,56,'','{\"email\": \"Kg1843@yahoo.com\", \"phone\": \"NA\", \"password\": \"\", \"existUser\": \"\", \"last_name\": \"Ganapathi\", \"first_name\": \"Kay\", \"companyName\": \"NA\", \"confirmPassword\": \"\"}',53,0,0,NULL,NULL,0,'',NULL,'pending','submitted',NULL,NULL,'94025','');
/*!40000 ALTER TABLE `order_request` ENABLE KEYS */;
UNLOCK TABLES;

--
-- Table structure for table `order_requesthistory`
--

DROP TABLE IF EXISTS `order_requesthistory`;
/*!40101 SET @saved_cs_client     = @@character_set_client */;
/*!50503 SET character_set_client = utf8mb4 */;
CREATE TABLE `order_requesthistory` (
  `id` bigint NOT NULL AUTO_INCREMENT,
  `created_at` datetime(6) NOT NULL,
  `updated_at` datetime(6) NOT NULL,
  `answer` json NOT NULL,
  `comment` varchar(1000) DEFAULT NULL,
  `contact_info` json NOT NULL,
  `quantity` int unsigned NOT NULL,
  `type` varchar(10) NOT NULL,
  `order_id` varchar(255) NOT NULL,
  `created_by_id` bigint DEFAULT NULL,
  `part_id` bigint DEFAULT NULL,
  `user_id` bigint DEFAULT NULL,
  `modified_number` int NOT NULL,
  `cost` double DEFAULT NULL,
  `lead_time` varchar(255) DEFAULT NULL,
  `is_estimated` tinyint(1) DEFAULT NULL,
  `ref_request` varchar(255) NOT NULL,
  `review_id` int DEFAULT NULL,
  `admin_status` varchar(50) DEFAULT NULL,
  `customer_status` varchar(50) DEFAULT NULL,
  `supplier_status` varchar(50) DEFAULT NULL,
  `moderator_status` varchar(50) DEFAULT NULL,
  `zip_code` varchar(50) NOT NULL,
  `image_comment` varchar(100) DEFAULT NULL,
  PRIMARY KEY (`id`),
  KEY `order_requesthistory_part_id_93bc1cea_fk_product_part_id` (`part_id`),
  KEY `order_requesthistory_user_id_72d1efce_fk_authentication_user_id` (`user_id`),
  KEY `order_requesthistory_created_by_id_ff091094` (`created_by_id`),
  CONSTRAINT `order_requesthistory_created_by_id_ff091094_fk_authentic` FOREIGN KEY (`created_by_id`) REFERENCES `authentication_user` (`id`),
  CONSTRAINT `order_requesthistory_part_id_93bc1cea_fk_product_part_id` FOREIGN KEY (`part_id`) REFERENCES `product_part` (`id`),
  CONSTRAINT `order_requesthistory_user_id_72d1efce_fk_authentication_user_id` FOREIGN KEY (`user_id`) REFERENCES `authentication_user` (`id`),
  CONSTRAINT `order_requesthistory_quantity_e1c5a243_check` CHECK ((`quantity` >= 0))
) ENGINE=InnoDB DEFAULT CHARSET=utf8mb4 COLLATE=utf8mb4_0900_ai_ci;
/*!40101 SET character_set_client = @saved_cs_client */;

--
-- Dumping data for table `order_requesthistory`
--

LOCK TABLES `order_requesthistory` WRITE;
/*!40000 ALTER TABLE `order_requesthistory` DISABLE KEYS */;
/*!40000 ALTER TABLE `order_requesthistory` ENABLE KEYS */;
UNLOCK TABLES;

--
-- Table structure for table `order_requestreview`
--

DROP TABLE IF EXISTS `order_requestreview`;
/*!40101 SET @saved_cs_client     = @@character_set_client */;
/*!50503 SET character_set_client = utf8mb4 */;
CREATE TABLE `order_requestreview` (
  `id` bigint NOT NULL AUTO_INCREMENT,
  `created_at` datetime(6) NOT NULL,
  `updated_at` datetime(6) NOT NULL,
  `request_id` bigint NOT NULL,
  `title` varchar(255) NOT NULL,
  `description` longtext,
  `created_by_id` bigint DEFAULT NULL,
  `user_id` bigint NOT NULL,
  `is_deleted` tinyint(1) NOT NULL,
  `cost` double DEFAULT NULL,
  `lead_time` double DEFAULT NULL,
  `quantity` int unsigned NOT NULL,
  `unit` varchar(255) NOT NULL,
  `supplier_cost` double NOT NULL,
  `supplier_lead_time` double NOT NULL,
  `supplier_unit` varchar(255) NOT NULL,
  `cost_unit` varchar(10) NOT NULL,
  `supplier_cost_unit` varchar(10) NOT NULL,
  PRIMARY KEY (`id`),
  KEY `order_requestreview_created_by_id_8cd4b9cd` (`created_by_id`),
  KEY `order_requestreview_order_id_id_1424cecc` (`request_id`),
  KEY `order_requestreview_user_id_82105d03_fk_authentication_user_id` (`user_id`),
  CONSTRAINT `order_requestreview_created_by_id_8cd4b9cd_fk_authentic` FOREIGN KEY (`created_by_id`) REFERENCES `authentication_user` (`id`),
  CONSTRAINT `order_requestreview_request_id_07c4d7a6_fk_order_request_id` FOREIGN KEY (`request_id`) REFERENCES `order_request` (`id`),
  CONSTRAINT `order_requestreview_user_id_82105d03_fk_authentication_user_id` FOREIGN KEY (`user_id`) REFERENCES `authentication_user` (`id`),
  CONSTRAINT `cost_gt_0` CHECK ((`cost` > 0.0e0)),
  CONSTRAINT `lead_time_gt_0` CHECK ((`lead_time` > 0.0e0)),
  CONSTRAINT `order_requestreview_quantity_3013b73a_check` CHECK ((`quantity` >= 0)),
  CONSTRAINT `supplier_cost_gt_0` CHECK ((`supplier_cost` > 0.0e0)),
  CONSTRAINT `supplier_lead_time_gt_0` CHECK ((`supplier_lead_time` > 0.0e0))
) ENGINE=InnoDB DEFAULT CHARSET=utf8mb4 COLLATE=utf8mb4_0900_ai_ci;
/*!40101 SET character_set_client = @saved_cs_client */;

--
-- Dumping data for table `order_requestreview`
--

LOCK TABLES `order_requestreview` WRITE;
/*!40000 ALTER TABLE `order_requestreview` DISABLE KEYS */;
/*!40000 ALTER TABLE `order_requestreview` ENABLE KEYS */;
UNLOCK TABLES;

--
-- Table structure for table `order_requstreviewattachment`
--

DROP TABLE IF EXISTS `order_requstreviewattachment`;
/*!40101 SET @saved_cs_client     = @@character_set_client */;
/*!50503 SET character_set_client = utf8mb4 */;
CREATE TABLE `order_requstreviewattachment` (
  `id` bigint NOT NULL AUTO_INCREMENT,
  `created_at` datetime(6) NOT NULL,
  `updated_at` datetime(6) NOT NULL,
  `file` varchar(100) NOT NULL,
  `request_review_id` bigint NOT NULL,
  PRIMARY KEY (`id`),
  KEY `order_requstreviewat_request_review_id_abe06c2b_fk_order_req` (`request_review_id`),
  CONSTRAINT `order_requstreviewat_request_review_id_abe06c2b_fk_order_req` FOREIGN KEY (`request_review_id`) REFERENCES `order_requestreview` (`id`)
) ENGINE=InnoDB DEFAULT CHARSET=utf8mb4 COLLATE=utf8mb4_0900_ai_ci;
/*!40101 SET character_set_client = @saved_cs_client */;

--
-- Dumping data for table `order_requstreviewattachment`
--

LOCK TABLES `order_requstreviewattachment` WRITE;
/*!40000 ALTER TABLE `order_requstreviewattachment` DISABLE KEYS */;
/*!40000 ALTER TABLE `order_requstreviewattachment` ENABLE KEYS */;
UNLOCK TABLES;

--
-- Table structure for table `order_selectedrequestreview`
--

DROP TABLE IF EXISTS `order_selectedrequestreview`;
/*!40101 SET @saved_cs_client     = @@character_set_client */;
/*!50503 SET character_set_client = utf8mb4 */;
CREATE TABLE `order_selectedrequestreview` (
  `id` bigint NOT NULL AUTO_INCREMENT,
  `created_at` datetime(6) NOT NULL,
  `updated_at` datetime(6) NOT NULL,
  `created_by_id` bigint DEFAULT NULL,
  `request_id` bigint NOT NULL,
  PRIMARY KEY (`id`),
  KEY `order_selectedreques_request_id_baab9643_fk_order_req` (`request_id`),
  KEY `order_selectedrequestreview_created_by_id_c92ebfde` (`created_by_id`),
  CONSTRAINT `order_selectedreques_created_by_id_c92ebfde_fk_authentic` FOREIGN KEY (`created_by_id`) REFERENCES `authentication_user` (`id`),
  CONSTRAINT `order_selectedreques_request_id_baab9643_fk_order_req` FOREIGN KEY (`request_id`) REFERENCES `order_request` (`id`)
) ENGINE=InnoDB DEFAULT CHARSET=utf8mb4 COLLATE=utf8mb4_0900_ai_ci;
/*!40101 SET character_set_client = @saved_cs_client */;

--
-- Dumping data for table `order_selectedrequestreview`
--

LOCK TABLES `order_selectedrequestreview` WRITE;
/*!40000 ALTER TABLE `order_selectedrequestreview` DISABLE KEYS */;
/*!40000 ALTER TABLE `order_selectedrequestreview` ENABLE KEYS */;
UNLOCK TABLES;

--
-- Table structure for table `order_selectedrequestreview_review`
--

DROP TABLE IF EXISTS `order_selectedrequestreview_review`;
/*!40101 SET @saved_cs_client     = @@character_set_client */;
/*!50503 SET character_set_client = utf8mb4 */;
CREATE TABLE `order_selectedrequestreview_review` (
  `id` bigint NOT NULL AUTO_INCREMENT,
  `selectedrequestreview_id` bigint NOT NULL,
  `requestreview_id` bigint NOT NULL,
  PRIMARY KEY (`id`),
  UNIQUE KEY `order_selectedrequestrev_selectedrequestreview_id_6060b8cd_uniq` (`selectedrequestreview_id`,`requestreview_id`),
  KEY `order_selectedreques_requestreview_id_7fbc7098_fk_order_req` (`requestreview_id`),
  CONSTRAINT `order_selectedreques_requestreview_id_7fbc7098_fk_order_req` FOREIGN KEY (`requestreview_id`) REFERENCES `order_requestreview` (`id`),
  CONSTRAINT `order_selectedreques_selectedrequestrevie_c6dcaea6_fk_order_sel` FOREIGN KEY (`selectedrequestreview_id`) REFERENCES `order_selectedrequestreview` (`id`)
) ENGINE=InnoDB DEFAULT CHARSET=utf8mb4 COLLATE=utf8mb4_0900_ai_ci;
/*!40101 SET character_set_client = @saved_cs_client */;

--
-- Dumping data for table `order_selectedrequestreview_review`
--

LOCK TABLES `order_selectedrequestreview_review` WRITE;
/*!40000 ALTER TABLE `order_selectedrequestreview_review` DISABLE KEYS */;
/*!40000 ALTER TABLE `order_selectedrequestreview_review` ENABLE KEYS */;
UNLOCK TABLES;

--
-- Table structure for table `order_shippingaddress`
--

DROP TABLE IF EXISTS `order_shippingaddress`;
/*!40101 SET @saved_cs_client     = @@character_set_client */;
/*!50503 SET character_set_client = utf8mb4 */;
CREATE TABLE `order_shippingaddress` (
  `id` bigint NOT NULL AUTO_INCREMENT,
  `created_at` datetime(6) NOT NULL,
  `updated_at` datetime(6) NOT NULL,
  `first_name` varchar(255) NOT NULL,
  `last_name` varchar(255) DEFAULT NULL,
  `email` varchar(255) NOT NULL,
  `phone_no` varchar(255) DEFAULT NULL,
  `street_no` varchar(255) NOT NULL,
  `building_no` varchar(255) DEFAULT NULL,
  `state` varchar(255) NOT NULL,
  `city` varchar(255) NOT NULL,
  `zip_code` varchar(20) NOT NULL,
  `created_by_id` bigint DEFAULT NULL,
  PRIMARY KEY (`id`),
  KEY `order_shippingaddress_created_by_id_679b522b` (`created_by_id`),
  CONSTRAINT `order_shippingaddres_created_by_id_679b522b_fk_authentic` FOREIGN KEY (`created_by_id`) REFERENCES `authentication_user` (`id`)
) ENGINE=InnoDB DEFAULT CHARSET=utf8mb4 COLLATE=utf8mb4_0900_ai_ci;
/*!40101 SET character_set_client = @saved_cs_client */;

--
-- Dumping data for table `order_shippingaddress`
--

LOCK TABLES `order_shippingaddress` WRITE;
/*!40000 ALTER TABLE `order_shippingaddress` DISABLE KEYS */;
/*!40000 ALTER TABLE `order_shippingaddress` ENABLE KEYS */;
UNLOCK TABLES;

--
-- Table structure for table `page_page`
--

DROP TABLE IF EXISTS `page_page`;
/*!40101 SET @saved_cs_client     = @@character_set_client */;
/*!50503 SET character_set_client = utf8mb4 */;
CREATE TABLE `page_page` (
  `id` bigint NOT NULL AUTO_INCREMENT,
  `title` varchar(255) NOT NULL,
  `slug` varchar(50) NOT NULL,
  `description` longtext NOT NULL,
  PRIMARY KEY (`id`),
  KEY `page_page_slug_d6b7c8ed` (`slug`)
) ENGINE=InnoDB AUTO_INCREMENT=4 DEFAULT CHARSET=utf8mb4 COLLATE=utf8mb4_0900_ai_ci;
/*!40101 SET character_set_client = @saved_cs_client */;

--
-- Dumping data for table `page_page`
--

LOCK TABLES `page_page` WRITE;
/*!40000 ALTER TABLE `page_page` DISABLE KEYS */;
INSERT INTO `page_page` VALUES (1,'About','about','<div class=\"story-container\">\r\n<p>&nbsp;</p>\r\n<p><strong>About TripleChoice</strong></p>\r\n<p>Welcome to TripleChoice, your trusted partner in technical part procurement!</p>\r\n<p><strong>Our Story</strong></p>\r\n<p>TripleChoice was founded by a dynamic team of experienced engineers, proficient programmers, and dedicated sales professionals. With a combined wealth of knowledge in engineering, technical parts procurement, supply chain management, e-commerce, and customer service, we embarked on a mission to revolutionize the way businesses source and acquire critical technical components.</p>\r\n<p><strong>Our Mission</strong></p>\r\n<p>At TripleChoice, our mission is simple yet powerful: to make technical part procurement easy, simple, and optimized based on your specific needs. We understand the challenges you face when seeking the right components to keep your operations running smoothly. That\'s why we\'ve made it our purpose to streamline this process, so you can focus on what you do best.</p>\r\n<p><strong>Why Choose TripleChoice?</strong></p>\r\n<p>We\'re not just another procurement platform; we\'re your dedicated partners. Our commitment to excellence, coupled with our in-depth understanding of your industry\'s unique needs, sets us apart. Here\'s why you should choose TripleChoice:</p>\r\n<ul>\r\n<li><strong>Expertise:</strong> Our team comprises seasoned professionals who have walked in your shoes. We understand the technical intricacies and the urgency behind your procurement requirements.</li>\r\n<li><strong>Solutions-Oriented:</strong> We take the time to understand your specific needs and tailor our services to match. Your success is our priority.</li>\r\n<li><strong>Efficiency:</strong> We leverage cutting-edge technology to optimize the procurement process, ensuring you get what you need when you need it.</li>\r\n<li><strong>Customer-Centric:</strong> Our customer service is unparalleled. We\'re always here to assist you and address any questions or concerns promptly.</li>\r\n</ul>\r\n<p><strong>Let Us Serve You</strong></p>\r\n<p>We invite you to explore all the options with us. Whether you\'re a small business or a large enterprise, TripleChoice is here to simplify your technical part procurement journey. Together, we\'ll drive efficiency, reduce downtime, and enhance your operations.</p>\r\n<p>Ready to experience the TripleChoice difference? Contact us today to discover how we can be your trusted partner in procurement.</p>\r\n</div>'),(2,'Contact','contact','<div class=\"story-container\">\r\n<div class=\"need-for-dx-container\">\r\n<p>&nbsp;</p>\r\n<p><strong>Contact</strong></p>\r\n<p>Ashley Dunphy, Sales Engineer</p>\r\n<p>Phone: (650) 620-0190</p>\r\n<p>Email: <a href=\"mailto:ashley@triplechoice.com\">ashley@triplechoice.com</a></p>\r\n<p>&nbsp;</p>\r\n<p><strong>Get in Touch</strong></p>\r\n<p>For any inquiries or assistance, please don\'t hesitate to reach out to Ashley Dunphy, our Sales Engineer. She\'s here to help you with your technical part procurement needs.</p>\r\n</div>\r\n<div class=\"container-divider\">&nbsp;</div>\r\n</div>');
/*!40000 ALTER TABLE `page_page` ENABLE KEYS */;
UNLOCK TABLES;

--
-- Table structure for table `page_pageseo`
--

DROP TABLE IF EXISTS `page_pageseo`;
/*!40101 SET @saved_cs_client     = @@character_set_client */;
/*!50503 SET character_set_client = utf8mb4 */;
CREATE TABLE `page_pageseo` (
  `id` bigint NOT NULL AUTO_INCREMENT,
  `title` varchar(255) NOT NULL,
  `description` longtext NOT NULL,
  `page_id` bigint NOT NULL,
  PRIMARY KEY (`id`),
  KEY `page_pageseo_page_id_fe98058a_fk_page_page_id` (`page_id`),
  CONSTRAINT `page_pageseo_page_id_fe98058a_fk_page_page_id` FOREIGN KEY (`page_id`) REFERENCES `page_page` (`id`)
) ENGINE=InnoDB AUTO_INCREMENT=7 DEFAULT CHARSET=utf8mb4 COLLATE=utf8mb4_0900_ai_ci;
/*!40101 SET character_set_client = @saved_cs_client */;

--
-- Dumping data for table `page_pageseo`
--

LOCK TABLES `page_pageseo` WRITE;
/*!40000 ALTER TABLE `page_pageseo` DISABLE KEYS */;
INSERT INTO `page_pageseo` VALUES (1,'title','this will be meta title',1),(2,'description','this will be meta description',1),(3,'title','this will be meta title',2),(4,'description','this will be meta description',2);
/*!40000 ALTER TABLE `page_pageseo` ENABLE KEYS */;
UNLOCK TABLES;

--
-- Table structure for table `product_attribute`
--

DROP TABLE IF EXISTS `product_attribute`;
/*!40101 SET @saved_cs_client     = @@character_set_client */;
/*!50503 SET character_set_client = utf8mb4 */;
CREATE TABLE `product_attribute` (
  `id` bigint NOT NULL AUTO_INCREMENT,
  `created_at` datetime(6) NOT NULL,
  `updated_at` datetime(6) NOT NULL,
  `title` varchar(255) NOT NULL,
  `description` varchar(255) DEFAULT NULL,
  `type` varchar(255) NOT NULL,
  `classification_id` bigint NOT NULL,
  `created_by_id` bigint DEFAULT NULL,
  `options` varchar(255) DEFAULT NULL,
  PRIMARY KEY (`id`),
  KEY `product_attribute_classification_id_7081df62_fk_product_c` (`classification_id`),
  KEY `product_attribute_created_by_id_6b0741b1` (`created_by_id`),
  CONSTRAINT `product_attribute_classification_id_7081df62_fk_product_c` FOREIGN KEY (`classification_id`) REFERENCES `product_classification` (`id`),
  CONSTRAINT `product_attribute_created_by_id_6b0741b1_fk_authentic` FOREIGN KEY (`created_by_id`) REFERENCES `authentication_user` (`id`)
) ENGINE=InnoDB AUTO_INCREMENT=163 DEFAULT CHARSET=utf8mb4 COLLATE=utf8mb4_0900_ai_ci;
/*!40101 SET character_set_client = @saved_cs_client */;

--
-- Dumping data for table `product_attribute`
--

LOCK TABLES `product_attribute` WRITE;
/*!40000 ALTER TABLE `product_attribute` DISABLE KEYS */;
INSERT INTO `product_attribute` VALUES (1,'2022-05-11 06:15:21.726990','2022-05-11 06:15:21.727040','Flow',NULL,'number',1,NULL,NULL),(2,'2022-05-11 06:22:58.054217','2022-05-11 06:22:58.054247','Head',NULL,'number',1,NULL,NULL),(3,'2022-05-11 06:22:58.060933','2022-05-24 11:50:51.301811','BMS connectivity',NULL,'select',1,NULL,'Yes,No'),(4,'2022-05-11 06:22:58.063760','2022-05-25 09:28:59.205213','Evaluation criterion',NULL,'select',1,NULL,'Price,Electricity consumption'),(6,'2022-05-11 06:33:22.532191','2022-05-11 06:42:51.762372','Prefer fast delivery',NULL,'select',1,NULL,NULL),(7,'2022-05-27 03:37:17.103745','2022-05-27 04:23:27.535651','Application, e.g., industrial processes',NULL,'text',1,NULL,NULL),(8,'2022-05-27 03:37:17.106806','2022-05-27 03:37:17.106845','Fluid, e.g., 50% ethylene glycol-water',NULL,'text',1,NULL,NULL),(9,'2022-05-27 03:37:17.112108','2022-05-27 04:23:27.537715','Frequency',NULL,'select',1,NULL,'50 Hz,60 Hz'),(10,'2022-05-27 03:37:17.115382','2022-05-27 03:37:17.115458','Phase',NULL,'select',1,NULL,'1,1,3'),(11,'2022-05-27 03:37:17.118396','2022-10-16 02:17:41.299849','Voltage',NULL,'select',1,NULL,'12,24,120,208,240,480'),(12,'2022-05-27 03:37:17.121300','2022-05-27 04:23:27.539845','Max fluid temperature',NULL,'number',1,NULL,NULL),(13,'2022-05-27 03:37:17.125943','2022-05-27 04:23:27.541776','Min fluid temperature',NULL,'number',1,NULL,NULL),(14,'2022-05-27 04:15:47.658835','2022-05-27 04:23:27.543400','Min suction head',NULL,'number',1,NULL,NULL),(15,'2022-05-27 04:23:27.545225','2022-05-27 04:23:27.545258','Lead time to be less than',NULL,'number',1,NULL,NULL),(16,'2022-05-27 04:30:58.929865','2022-05-27 04:30:58.929899','Price less than',NULL,'number',1,NULL,NULL),(17,'2022-05-27 04:40:50.866200','2022-10-16 15:41:32.918988','Frequency',NULL,'select',2,NULL,'50 Hz, 60 Hz'),(18,'2022-05-27 04:40:50.868892','2022-05-27 04:40:50.868921','Phase',NULL,'select',2,NULL,'1,2,3'),(19,'2022-05-27 04:40:50.870944','2022-05-27 05:06:30.117578','Voltage',NULL,'select',2,NULL,'120,208,240,480'),(20,'2022-05-27 05:00:47.765744','2022-05-27 05:00:47.765785','Lead time to be less than',NULL,'number',3,NULL,NULL),(21,'2022-05-27 05:00:47.769491','2022-05-27 05:00:47.769535','Price to be less than',NULL,'number',3,NULL,NULL),(22,'2022-10-15 05:35:37.382715','2022-10-15 05:35:37.382765','Refrigerant, e.g., R134a',NULL,'text',1,NULL,NULL),(23,'2022-10-15 05:36:18.032085','2022-10-16 02:11:33.065603','Application, e.g., air conditioning',NULL,'text',1,NULL,NULL),(24,'2022-10-15 05:41:09.243861','2022-10-16 02:11:33.070866','Cooling capacity',NULL,'number',1,NULL,NULL),(25,'2022-10-15 05:43:18.908965','2022-10-16 02:11:33.075530','Evaporating temperature',NULL,'number',1,NULL,NULL),(26,'2022-10-15 05:43:18.924773','2022-10-16 02:11:33.078878','Condensing temperature',NULL,'number',1,NULL,NULL),(27,'2022-10-16 02:11:33.082054','2022-10-16 02:11:33.082139','Valve type, e.g., 2-way, 3-way, solenoid, etc.',NULL,'text',1,NULL,NULL),(28,'2022-10-16 02:11:33.085027','2022-10-16 02:17:41.305690','Max working pressure',NULL,'number',1,NULL,NULL),(29,'2022-10-16 02:11:33.088283','2022-10-16 02:17:41.310120','Max flow rate',NULL,'number',1,NULL,NULL),(30,'2022-10-16 02:11:33.093706','2022-10-16 02:23:02.188406','Pressure drop',NULL,'number',1,NULL,NULL),(31,'2022-10-16 02:17:41.322288','2022-10-16 02:17:41.322351','Max working temperature',NULL,'text',1,NULL,NULL),(32,'2022-10-16 02:17:41.326461','2022-10-16 02:17:41.326511','Min working temperature',NULL,'number',1,NULL,NULL),(33,'2022-10-16 02:17:41.331751','2022-10-16 02:26:48.971880','Valve drive type, e.g., electric 24V or manual',NULL,'text',1,NULL,'Manual,Electric,Hydraulic,Pneumatic'),(34,'2022-10-16 02:17:41.339019','2022-10-16 16:37:06.957571','Connection type, e.g., 1\" NPT Female',NULL,'text',1,NULL,NULL),(35,'2022-10-16 03:16:51.451350','2022-10-16 03:16:51.451384','Refrigerant holding weight or refrigeration capacity',NULL,'text',1,NULL,NULL),(36,'2022-10-16 03:16:51.453564','2022-10-16 16:00:32.276199','Orientation',NULL,'select',1,NULL,'Vertical,Horizontal'),(37,'2022-10-16 03:27:59.742982','2022-10-16 03:27:59.743043','Discharge or suction muffler',NULL,'select',1,NULL,'Discharge,Suction'),(38,'2022-10-16 03:27:59.747374','2022-10-16 03:30:15.452464','Max system pressure, e.g., 450 psi',NULL,'number',1,NULL,NULL),(39,'2022-10-16 03:38:23.663993','2022-10-16 03:38:23.664026','Pump down capacity, e.g., 3 lb',NULL,'number',1,NULL,NULL),(40,'2022-10-16 03:38:23.669177','2022-10-16 03:38:23.669222','Max working pressure, e.g., 600 psi',NULL,'number',1,NULL,NULL),(41,'2022-10-16 03:38:23.673649','2022-10-16 03:38:23.673694','Mounting: vertical or horizontal',NULL,'select',1,NULL,'Vertical,Horizontal'),(42,'2022-10-16 03:38:23.676662','2022-10-16 04:31:32.238072','Inlet connection, e.g., 1/4\" ID sweat',NULL,'text',1,NULL,NULL),(43,'2022-10-16 03:38:23.679161','2022-10-16 04:31:32.240581','Outlet connection, e.g., 1/4\" ID sweat',NULL,'text',1,NULL,NULL),(44,'2022-10-16 03:52:27.300743','2022-10-16 03:56:26.341392','Application, e.g., pump motor',NULL,'text',2,NULL,NULL),(45,'2022-10-16 03:52:27.307492','2022-10-16 03:52:27.307566','Output power',NULL,'number',2,NULL,NULL),(46,'2022-10-16 03:52:27.320049','2022-10-16 03:52:27.320285','Nominal speed, e.g., 3,500 rpm',NULL,'number',2,NULL,NULL),(47,'2022-10-16 03:52:27.328141','2022-10-16 03:52:27.328347','Variable speed ratio (inverter-rated), e.g. 10:1',NULL,'text',2,NULL,NULL),(48,'2022-10-16 03:52:27.333796','2022-10-16 03:52:27.333936','Variable torque ratio, e.g., 4:1',NULL,'text',2,NULL,NULL),(49,'2022-10-16 03:52:27.339547','2022-10-16 03:52:27.339606','Frame size, e.g., 42',NULL,'text',2,NULL,NULL),(50,'2022-10-16 03:52:27.345792','2022-10-16 03:52:27.345856','Enclosure, e.g., DP',NULL,'text',2,NULL,NULL),(51,'2022-10-16 03:56:26.343428','2022-10-16 15:41:32.924919','Mounting, e.g., horizontal',NULL,'text',2,NULL,NULL),(52,'2022-10-16 04:03:38.191440','2022-10-16 04:03:38.191497','Subcooling, e.g., 10 F',NULL,'number',1,NULL,NULL),(53,'2022-10-16 04:03:38.197610','2022-10-16 04:03:38.197659','Pressure drop in evaporator distributor',NULL,'number',1,NULL,NULL),(54,'2022-10-16 04:03:38.203221','2022-10-16 04:03:38.203279','Pressure drop between compressor and TXV',NULL,'number',1,NULL,NULL),(55,'2022-10-16 04:10:10.449942','2022-10-16 04:10:10.450008','Liquid line OD, e.g., 1/2\"',NULL,'text',1,NULL,NULL),(56,'2022-10-16 04:19:20.685921','2022-10-16 04:19:20.686227','Superheat, e.g., 10 F',NULL,'number',1,NULL,NULL),(57,'2022-10-16 04:24:46.620586','2022-10-16 04:24:46.620622','Input power, e.g., 24 VDC',NULL,'number',1,NULL,NULL),(58,'2022-10-16 04:31:32.243425','2022-10-16 04:31:48.996473','Suction line OD, e.g., 3/4\"',NULL,'text',1,NULL,NULL),(59,'2022-10-16 04:34:54.127743','2022-10-16 04:34:54.127791','Discharge line OD, e.g., 3/4\"',NULL,'text',1,NULL,NULL),(60,'2022-10-16 04:40:00.612859','2022-10-16 04:40:00.613006','Compressor Model, e.g., Copeland ZPS35K4E-PFV-130',NULL,'text',1,NULL,NULL),(61,'2022-10-16 04:40:00.621315','2022-10-16 04:40:00.621391','Power usage, e.g., 80 W',NULL,'number',1,NULL,NULL),(62,'2022-10-16 15:41:32.932215','2022-10-16 15:41:32.932287','Input phase, e.g., 3 ph',NULL,'select',2,NULL,'1,2,3'),(63,'2022-10-16 15:41:32.936969','2022-10-16 15:41:32.937033','Input voltage, e.g., 208 VAC',NULL,'number',2,NULL,NULL),(64,'2022-10-16 15:41:32.943648','2022-10-16 15:41:32.943700','Output phase, e.g., 3 ph',NULL,'select',2,NULL,'1,2,3'),(65,'2022-10-16 15:41:32.948086','2022-10-16 15:41:32.948155','Output voltage, e.g., 208 VAC',NULL,'number',2,NULL,NULL),(66,'2022-10-16 15:41:32.953965','2022-10-16 15:41:32.954099','Motor full load current, e.g., 30 A',NULL,'number',2,NULL,NULL),(67,'2022-10-16 15:41:32.962960','2022-10-16 15:41:32.963025','Overload percentage, e.g., 150%',NULL,'number',2,NULL,NULL),(68,'2022-10-16 15:41:32.975403','2022-10-16 15:41:32.975486','Ambient / enclosure air temperature, e.g., 95 F',NULL,'number',2,NULL,NULL),(69,'2022-10-16 15:41:32.984767','2022-10-16 15:41:32.984841','Altitude, e.g., 3,300 ft',NULL,'number',2,NULL,NULL),(70,'2022-10-16 16:00:32.282823','2022-10-16 16:00:32.282917','Accuracy, e.g., 2%',NULL,'number',1,NULL,NULL),(71,'2022-10-16 16:00:32.289632','2022-10-16 16:00:32.289764','Display type, e.g., digital',NULL,'select',1,NULL,'Dial, Digital, Scale, Odometer'),(72,'2022-10-16 16:00:32.294159','2022-10-16 16:00:32.294233','Connection, e.g., 1\" NPT',NULL,'text',1,NULL,NULL),(73,'2022-10-16 16:18:55.152458','2022-10-16 16:18:55.152525','Strainer type',NULL,'select',1,NULL,'Y,T,Inline,Basket,Suction'),(74,'2022-10-16 16:18:55.157562','2022-10-16 16:18:55.157630','Smallest particles filtered, e.g., 0.016\"',NULL,'number',1,NULL,NULL),(75,'2022-10-16 16:18:55.163446','2022-10-16 16:21:51.388734','Overall strainer opening, e.g., 1\" OD',NULL,'number',1,NULL,NULL),(76,'2022-10-16 16:37:06.963733','2022-10-16 16:37:06.963803','Fluid / Refrigerant',NULL,'text',1,NULL,NULL),(77,'2022-10-16 16:37:06.975616','2022-10-16 16:37:06.975722','Connection Material, e.g., Copper',NULL,'text',1,NULL,NULL),(78,'2022-10-16 16:37:06.982423','2022-10-16 16:37:06.982521','Burst pressure',NULL,'number',1,NULL,NULL),(79,'2022-10-16 21:42:25.141262','2022-10-16 21:42:25.141376','Airflow required',NULL,'number',1,NULL,NULL),(80,'2022-10-16 21:42:25.151449','2022-10-16 21:42:25.151518','Pressure drop, e.g., 0.5  iwg',NULL,'number',1,NULL,NULL),(81,'2022-10-16 21:42:25.160736','2022-10-16 21:42:25.160804','Noise level, e.g., 46 dB',NULL,'number',1,NULL,NULL),(82,'2022-10-16 22:16:47.401243','2022-10-16 22:16:47.401283','Ambient / enclosure air temperature, e.g., 95 F',NULL,'number',1,NULL,NULL),(83,'2022-10-16 22:18:54.822508','2022-10-16 22:18:54.822563','Altitude, e.g., 3,300 ft',NULL,'number',1,NULL,NULL),(84,'2022-10-16 22:30:31.228690','2022-10-16 22:30:31.228732','Heater type, e.g., electric',NULL,'select',1,NULL,'Electric,Gas,Oil,Solar'),(85,'2022-10-16 22:30:31.231916','2022-10-16 22:30:31.231968','Heating capacity, e.g., 100,000 Btu/hr',NULL,'number',1,NULL,NULL),(86,'2022-10-16 22:30:31.235440','2022-10-16 22:30:31.235482','Tank volume, e.g., 50 gal',NULL,'number',1,NULL,NULL),(87,'2022-10-16 22:35:15.041124','2022-10-16 22:35:15.041176','Boiler Type, e.g., Gas',NULL,'select',1,NULL,'Electric,Gas,Oil,Solar'),(88,'2022-10-16 22:43:39.052691','2022-10-16 22:43:39.052752','Max pressure',NULL,'number',1,NULL,NULL),(89,'2022-10-16 22:43:39.058693','2022-10-16 22:43:39.058758','Max temperature',NULL,'number',1,NULL,NULL),(90,'2022-10-16 22:58:41.218538','2022-10-16 22:58:41.218574','Mounting location, e.g., duct',NULL,'text',1,NULL,NULL),(91,'2022-10-16 22:58:41.220964','2022-10-16 22:58:41.220999','Relative humidity range, e.g., 10%-95%',NULL,'text',1,NULL,NULL),(92,'2022-10-16 22:58:41.223994','2022-10-16 22:58:41.224028','Relative humidity accuracy, e.g., 3%',NULL,'number',1,NULL,NULL),(93,'2022-10-16 22:58:41.227025','2022-10-16 22:58:41.227061','Temperature range, e.g., -40 F to 122 F',NULL,'text',1,NULL,NULL),(94,'2022-10-16 22:58:41.229186','2022-10-16 22:58:41.229229','Temperature accuracy, e.g., 2%',NULL,'number',1,NULL,NULL),(95,'2022-10-16 22:58:41.231738','2022-10-16 22:58:41.231781','Meter type, e.g., direct',NULL,'select',1,NULL,'Direct,Indirect'),(96,'2022-10-16 22:58:41.234058','2022-10-16 22:58:41.234101','Display type, e.g., LCD',NULL,'select',1,NULL,'Dial,LCD,LED,Scale'),(97,'2022-10-16 22:58:41.236671','2022-10-16 22:58:41.236713','Mounting hole diameter, e.g., 1/2\"',NULL,'text',1,NULL,NULL),(98,'2022-10-16 23:07:01.583391','2022-10-16 23:07:01.583442','Groove profile, e.g., V-Belt SPC',NULL,'text',1,NULL,NULL),(99,'2022-10-16 23:07:01.586950','2022-10-16 23:07:01.587005','Pulley outside diameter, e.g., 6\"',NULL,'text',1,NULL,NULL),(100,'2022-10-16 23:07:01.590632','2022-10-16 23:07:01.590689','No. of grooves, e.g., 3',NULL,'text',1,NULL,NULL),(101,'2022-10-16 23:07:01.593480','2022-10-16 23:07:01.593537','Shaft bore, e.g., straight',NULL,'select',1,NULL,'Straight,Tapered'),(102,'2022-10-16 23:07:01.596208','2022-10-16 23:07:01.596293','Shaft bore diameter, e.g., 1/2\"',NULL,'number',1,NULL,NULL),(103,'2022-10-16 23:14:12.871129','2022-10-16 23:14:12.871179','Damper type, e.g., automatic',NULL,'select',1,NULL,'Manual,Automatic'),(104,'2022-10-16 23:14:12.874183','2022-10-16 23:14:12.874243','Duct shape',NULL,'select',1,NULL,'Circle,Rectangle,Square'),(105,'2022-10-16 23:14:12.877622','2022-10-16 23:14:12.877671','Duct height, e.g., 12\"',NULL,'number',1,NULL,NULL),(106,'2022-10-16 23:14:12.882290','2022-10-16 23:14:12.882344','Duct width, e.g., 12\"',NULL,'number',1,NULL,NULL),(107,'2022-10-16 23:14:12.888837','2022-10-16 23:14:12.888896','Connection type, e.g., press fit',NULL,'text',1,NULL,NULL),(108,'2022-10-16 23:21:49.604091','2022-10-16 23:21:49.604142','Power source, e.g., electric',NULL,'select',1,NULL,'Electric,Battery,Gas,Manual'),(109,'2022-10-16 23:21:49.607177','2022-10-16 23:21:49.607221','Mobility',NULL,'select',1,NULL,'Stationary,Portable'),(110,'2022-10-16 23:21:49.612207','2022-10-16 23:21:49.612272','Standard cfm (scfm)',NULL,'number',1,NULL,NULL),(111,'2022-10-16 23:21:49.617618','2022-10-16 23:21:49.617667','Power',NULL,'number',1,NULL,NULL),(112,'2022-10-17 03:07:39.082429','2022-10-17 03:07:39.082495','Titanium grade, e.g., grade 2',NULL,'text',1,NULL,NULL),(113,'2022-10-17 03:07:39.086284','2022-10-17 03:07:39.086345','Outside diameter, e.g., 3/4\"',NULL,'number',1,NULL,NULL),(114,'2022-10-17 03:07:39.090870','2022-10-17 03:07:39.090926','Wall thickness, e.g., 0.035\"',NULL,'number',1,NULL,NULL),(116,'2022-10-17 03:07:39.099221','2022-10-17 03:07:39.099366','Width, e.g., 12\"',NULL,'number',1,NULL,NULL),(117,'2022-10-17 03:07:39.105359','2022-10-17 03:07:39.105419','Thickness, e.g., 1\"',NULL,'number',1,NULL,NULL),(118,'2022-10-17 03:07:39.113706','2022-10-17 03:07:39.113773','Length, e.g., 36\"',NULL,'number',1,NULL,NULL),(119,'2022-10-17 03:20:57.290709','2022-10-17 03:20:57.290756','Diameter, e.g., 3/4\"',NULL,'number',1,NULL,NULL),(120,'2022-10-17 03:25:38.295039','2022-10-17 03:34:58.398990','Stainless steel type, e.g., 304',NULL,'text',1,NULL,NULL),(121,'2022-10-17 03:34:58.402881','2022-10-17 03:34:58.402936','Copper type, e.g., type L',NULL,'text',1,NULL,NULL),(122,'2022-10-18 04:04:57.965829','2022-10-18 04:04:57.965898','Nickel alloy, e.g., 200',NULL,'text',1,NULL,NULL),(123,'2022-10-18 04:04:57.973259','2022-10-18 04:06:30.452864','Aluminum alloy, e.g., 6061',NULL,'text',1,NULL,NULL),(124,'2022-10-18 04:31:08.902959','2022-10-18 04:37:11.854857','Material, e.g., stainless steel 316',NULL,'text',1,NULL,NULL),(125,'2022-10-18 04:37:11.857768','2022-10-18 04:37:11.857805','Inside diameter, e.g., 1/2\"',NULL,'number',1,NULL,NULL),(126,'2022-10-18 04:37:11.861529','2022-10-18 04:37:11.861575','Metal 1, e.g., aluminum 6061',NULL,'text',1,NULL,NULL),(127,'2022-10-18 04:37:11.865876','2022-10-18 04:37:11.865922','Metal 2, e.g., stainless steel 316',NULL,'text',1,NULL,NULL),(128,'2022-10-18 04:47:38.211718','2022-10-18 04:47:38.211768','Height, e.g., 12\"',NULL,'text',1,NULL,NULL),(129,'2022-10-21 04:23:34.726339','2022-10-21 04:23:34.726420','Part, e.g., pump',NULL,'text',4,NULL,NULL),(130,'2022-10-21 04:23:34.733652','2022-10-21 04:23:34.733717','Part manufacturer, e.g., Grundfos',NULL,'text',4,NULL,NULL),(131,'2022-10-21 04:23:34.737019','2022-10-21 04:23:34.737078','Part number, e.g., CM3-2 A-S-I-E',NULL,'text',4,NULL,NULL),(132,'2022-10-23 03:04:18.580423','2022-10-23 03:14:45.251402','Gauge pressure unit, e.g., psi',NULL,'text',1,NULL,NULL),(133,'2022-10-23 03:04:18.589212','2022-10-23 03:04:18.589289','Pressure range, e.g., 0-25 psi',NULL,'text',1,NULL,NULL),(134,'2022-10-23 03:04:18.594339','2022-10-23 03:31:30.313802','Display type: dial or digital',NULL,'select',1,NULL,'Dial,Digital'),(135,'2022-10-23 03:04:18.600598','2022-10-23 03:31:30.319773','Dial type: dry or liquid',NULL,'text',1,NULL,'Dry,Liquid'),(136,'2022-10-23 03:04:18.606412','2022-10-23 03:14:45.257257','Dial diameter, e.g., 4\"',NULL,'number',1,NULL,NULL),(137,'2022-10-23 03:04:18.623633','2022-10-23 03:31:30.324600','Lens material: glass or plastic',NULL,'select',1,NULL,'Glass,Plastic'),(138,'2022-10-23 03:04:18.633264','2022-10-23 03:04:18.633337','Certification, e.g., NIST',NULL,'text',1,NULL,NULL),(139,'2022-10-23 03:04:18.643129','2022-10-23 03:04:18.643205','Ambient temperature range, e.g., 0 to 140 F',NULL,'text',1,NULL,NULL),(140,'2022-10-23 03:04:18.652965','2022-10-23 03:04:18.653046','Fluid temperature range, e.g., -40 to 210 F',NULL,'text',1,NULL,NULL),(141,'2022-10-23 03:14:45.261655','2022-10-23 03:14:45.261722','Gauge pressure unit, e.g., in.Hg',NULL,'text',1,NULL,NULL),(142,'2022-10-23 03:14:45.265678','2022-10-23 03:14:45.265751','Pressure range, e.g., 0-30 in.Hg',NULL,'text',1,NULL,NULL),(143,'2022-10-23 03:31:30.330350','2022-10-23 03:31:30.330440','Type: steam or atomizing',NULL,'select',1,NULL,'Steam,Atomizing'),(144,'2022-10-23 03:31:30.335096','2022-10-23 03:31:30.335171','Process: isothermal or adiabatic',NULL,'select',1,NULL,'Isothermal,Adiabatic'),(145,'2022-10-23 03:31:30.340625','2022-10-23 03:31:30.340698','Capacity, e.g., 1 gph',NULL,'number',1,NULL,NULL),(146,'2022-10-23 03:31:30.347603','2022-10-23 03:31:30.347671','Space volume, e.g. 10000 ft3',NULL,'number',1,NULL,NULL),(147,'2022-10-23 03:31:30.352681','2022-10-23 03:31:30.352750','Gas fired or electric',NULL,'select',1,NULL,'Gas Fired,Electric'),(148,'2022-10-23 03:31:30.357310','2022-10-23 03:31:30.357385','Mobility: portable or stationary',NULL,'select',1,NULL,'Portable,Stationary'),(149,'2022-10-23 03:31:30.363019','2022-10-23 03:42:18.404429','Mounting, e.g., freestanding',NULL,'select',1,NULL,'Freestanding,Wall,Duct'),(150,'2022-10-23 03:31:30.369275','2022-10-23 03:31:30.369407','Water Supply: tank or water Line',NULL,'select',1,NULL,'Tank,Water Line'),(151,'2022-10-23 20:37:57.143026','2022-10-23 20:37:57.143096','Flow direction, e.g., horizontal',NULL,'text',1,NULL,NULL),(152,'2022-10-23 20:37:57.149712','2022-10-23 20:37:57.149780','Face velocity, e.g., 8 ft/s',NULL,'number',1,NULL,NULL),(153,'2022-10-23 20:43:24.903300','2022-10-23 20:43:24.903339','Fitting type, e,g., flare 37 degree',NULL,'text',1,NULL,NULL),(154,'2022-10-23 20:43:24.907676','2022-10-23 20:43:24.907729','Fitting material, e.g., stainless steel 316',NULL,'text',1,NULL,NULL),(155,'2022-10-23 21:54:04.103939','2022-10-23 21:54:04.104012','Application, e.g., pump mounting',NULL,'text',1,NULL,NULL),(156,'2022-10-23 21:54:04.108828','2022-10-23 21:54:04.108884','Load per mount, e.g., 50 lb',NULL,'number',1,NULL,NULL),(157,'2022-10-23 21:54:04.116332','2022-10-23 21:54:04.116391','Deflection, e.g., 0.12\"',NULL,'number',1,NULL,NULL),(158,'2022-10-23 21:54:04.130093','2022-10-23 21:54:04.130168','Type, e.g., elastomeric isolator',NULL,'text',1,NULL,NULL),(159,'2022-10-23 21:54:04.141605','2022-10-23 21:54:04.141678','Mount type, e.g., threaded hole',NULL,'text',1,NULL,NULL),(160,'2022-10-23 21:54:04.147496','2022-10-23 21:54:04.147636','Hardness, e.g., durometer 40A',NULL,'text',1,NULL,NULL),(161,'2022-10-23 21:54:04.153153','2022-10-23 21:54:04.153227','Material, e.g., neoprene rubber',NULL,'text',1,NULL,NULL),(162,'2022-10-23 21:58:53.009708','2022-10-23 21:58:53.009756','Min temperature',NULL,'number',1,NULL,NULL);
/*!40000 ALTER TABLE `product_attribute` ENABLE KEYS */;
UNLOCK TABLES;

--
-- Table structure for table `product_attribute_unit`
--

DROP TABLE IF EXISTS `product_attribute_unit`;
/*!40101 SET @saved_cs_client     = @@character_set_client */;
/*!50503 SET character_set_client = utf8mb4 */;
CREATE TABLE `product_attribute_unit` (
  `id` bigint NOT NULL AUTO_INCREMENT,
  `attribute_id` bigint NOT NULL,
  `unit_id` bigint NOT NULL,
  PRIMARY KEY (`id`),
  UNIQUE KEY `product_attribute_unit_attribute_id_unit_id_05fc363b_uniq` (`attribute_id`,`unit_id`),
  KEY `product_attribute_unit_unit_id_80ac007e_fk_utils_unit_id` (`unit_id`),
  CONSTRAINT `product_attribute_un_attribute_id_044bc54e_fk_product_a` FOREIGN KEY (`attribute_id`) REFERENCES `product_attribute` (`id`),
  CONSTRAINT `product_attribute_unit_unit_id_80ac007e_fk_utils_unit_id` FOREIGN KEY (`unit_id`) REFERENCES `utils_unit` (`id`)
) ENGINE=InnoDB AUTO_INCREMENT=154 DEFAULT CHARSET=utf8mb4 COLLATE=utf8mb4_0900_ai_ci;
/*!40101 SET character_set_client = @saved_cs_client */;

--
-- Dumping data for table `product_attribute_unit`
--

LOCK TABLES `product_attribute_unit` WRITE;
/*!40000 ALTER TABLE `product_attribute_unit` DISABLE KEYS */;
INSERT INTO `product_attribute_unit` VALUES (1,1,3),(2,1,4),(3,2,5),(4,2,6),(12,6,7),(11,6,8),(13,12,11),(14,12,12),(15,13,11),(16,13,12),(17,14,5),(18,14,6),(19,15,13),(20,15,14),(21,16,18),(22,16,19),(23,16,20),(24,16,21),(25,16,22),(26,20,13),(27,20,14),(28,21,18),(29,21,19),(30,21,20),(31,21,21),(32,21,22),(35,24,23),(33,24,24),(34,24,25),(36,25,11),(37,25,12),(38,26,11),(39,26,12),(41,28,5),(40,28,26),(42,29,3),(43,29,4),(50,30,5),(45,30,26),(46,31,11),(47,31,12),(48,32,11),(49,32,12),(52,38,5),(51,38,26),(53,39,27),(54,39,28),(56,40,5),(55,40,26),(57,45,24),(58,45,29),(59,46,30),(60,52,11),(61,52,12),(63,53,5),(62,53,26),(65,54,5),(64,54,26),(66,56,11),(67,56,12),(69,57,31),(68,57,32),(70,61,33),(72,63,31),(71,63,32),(74,65,31),(73,65,32),(75,66,34),(76,67,35),(77,68,11),(78,68,12),(80,69,6),(79,69,36),(81,70,35),(82,74,37),(83,74,38),(84,75,37),(85,75,39),(87,78,5),(86,78,26),(88,79,40),(89,79,41),(90,80,26),(91,80,42),(92,81,44),(93,82,11),(94,82,12),(96,83,6),(95,83,36),(98,85,23),(97,85,24),(99,86,45),(100,86,46),(102,88,5),(101,88,26),(103,89,11),(104,89,12),(105,91,35),(106,92,35),(107,94,35),(108,99,37),(109,99,39),(110,102,37),(111,102,39),(112,105,37),(113,105,39),(114,106,37),(115,106,39),(116,110,47),(117,111,24),(118,111,29),(119,113,37),(120,113,39),(121,114,37),(122,114,39),(127,116,37),(128,116,39),(129,117,37),(130,117,39),(131,118,37),(132,118,39),(133,119,37),(134,119,39),(135,125,37),(136,125,39),(137,128,37),(138,128,39),(139,136,37),(140,136,39),(142,145,1),(143,145,4),(141,145,48),(144,146,49),(145,146,50),(146,152,51),(147,152,52),(148,156,27),(149,156,28),(150,157,37),(151,157,39),(152,162,11),(153,162,12);
/*!40000 ALTER TABLE `product_attribute_unit` ENABLE KEYS */;
UNLOCK TABLES;

--
-- Table structure for table `product_classification`
--

DROP TABLE IF EXISTS `product_classification`;
/*!40101 SET @saved_cs_client     = @@character_set_client */;
/*!50503 SET character_set_client = utf8mb4 */;
CREATE TABLE `product_classification` (
  `id` bigint NOT NULL AUTO_INCREMENT,
  `created_at` datetime(6) NOT NULL,
  `updated_at` datetime(6) NOT NULL,
  `title` varchar(255) NOT NULL,
  `description` longtext,
  `created_by_id` bigint DEFAULT NULL,
  PRIMARY KEY (`id`),
  UNIQUE KEY `product_classification_title_b2f6f751_uniq` (`title`),
  KEY `product_classification_created_by_id_259adbd3` (`created_by_id`),
  CONSTRAINT `product_classificati_created_by_id_259adbd3_fk_authentic` FOREIGN KEY (`created_by_id`) REFERENCES `authentication_user` (`id`)
) ENGINE=InnoDB AUTO_INCREMENT=5 DEFAULT CHARSET=utf8mb4 COLLATE=utf8mb4_0900_ai_ci;
/*!40101 SET character_set_client = @saved_cs_client */;

--
-- Dumping data for table `product_classification`
--

LOCK TABLES `product_classification` WRITE;
/*!40000 ALTER TABLE `product_classification` DISABLE KEYS */;
INSERT INTO `product_classification` VALUES (1,'2022-05-11 06:15:21.725312','2022-10-23 21:58:53.007177','Mechanical Specification','',NULL),(2,'2022-05-27 04:40:50.864425','2022-10-16 22:18:21.457812','Electrical Specification','',NULL),(3,'2022-05-27 05:00:47.764698','2022-05-27 05:00:47.764746','Preference','',NULL),(4,'2022-10-21 04:23:34.714931','2022-11-02 14:40:43.348579','My Part (upload files in next secrion)','',NULL);
/*!40000 ALTER TABLE `product_classification` ENABLE KEYS */;
UNLOCK TABLES;

--
-- Table structure for table `product_part`
--

DROP TABLE IF EXISTS `product_part`;
/*!40101 SET @saved_cs_client     = @@character_set_client */;
/*!50503 SET character_set_client = utf8mb4 */;
CREATE TABLE `product_part` (
  `id` bigint NOT NULL AUTO_INCREMENT,
  `created_at` datetime(6) NOT NULL,
  `updated_at` datetime(6) NOT NULL,
  `title` varchar(255) NOT NULL,
  `description` varchar(255) DEFAULT NULL,
  `created_by_id` bigint DEFAULT NULL,
  `slug` varchar(255) NOT NULL,
  PRIMARY KEY (`id`),
  UNIQUE KEY `slug` (`slug`),
  KEY `product_part_created_by_id_c62d6fba` (`created_by_id`),
  CONSTRAINT `product_part_created_by_id_c62d6fba_fk_authentication_user_id` FOREIGN KEY (`created_by_id`) REFERENCES `authentication_user` (`id`)
) ENGINE=InnoDB AUTO_INCREMENT=63 DEFAULT CHARSET=utf8mb4 COLLATE=utf8mb4_0900_ai_ci;
/*!40101 SET character_set_client = @saved_cs_client */;

--
-- Dumping data for table `product_part`
--

LOCK TABLES `product_part` WRITE;
/*!40000 ALTER TABLE `product_part` DISABLE KEYS */;
INSERT INTO `product_part` VALUES (7,'2022-05-25 08:51:01.735543','2022-10-15 06:03:36.083793','Pump','NA',NULL,'pump-74'),(8,'2022-10-15 05:46:55.014843','2022-10-15 05:51:22.514680','Compressor','',NULL,'compressor'),(9,'2022-10-16 02:06:42.897926','2022-10-16 03:19:23.859532','Valve','',NULL,'valve-86'),(10,'2022-10-16 03:18:31.920862','2022-11-02 09:28:42.069615','Accumulator','',NULL,'accumulator-44'),(11,'2022-10-16 03:25:13.157314','2022-10-16 03:25:13.157357','Heat Exchanger-Suction Accumulator','',NULL,'heat-exchanger-suction-accumulator'),(12,'2022-10-16 03:29:46.682134','2022-10-16 03:29:46.682190','Refrigerant Muffler / Dampener','',NULL,'refrigerant-muffler-dampener'),(13,'2022-10-16 03:40:47.947311','2022-10-16 03:40:47.947409','Receiver','',NULL,'receiver'),(14,'2022-10-16 03:55:12.148420','2022-10-16 03:57:09.612226','Electric Motor','',NULL,'electric-motor-21'),(15,'2022-10-16 04:06:20.256351','2022-10-16 04:06:20.256390','Thermal Expansion Valve (TEX, TXV)','',NULL,'thermal-expansion-valve-tex-txv'),(16,'2022-10-16 04:15:35.790390','2022-10-16 04:15:35.790469','Liquid Line Filter Drier','',NULL,'liquid-line-filter-drier'),(17,'2022-10-16 04:18:45.056001','2022-10-16 04:20:09.511149','Suction Line Filter Drier','',NULL,'suction-line-filter-drier-47'),(18,'2022-10-16 04:26:57.744725','2022-10-16 04:26:57.744777','Liquid Line Solenoid Valve','',NULL,'liquid-line-solenoid-valve'),(19,'2022-10-16 04:29:52.953168','2022-10-16 04:33:48.818592','Suction Line Solenoid Valve','',NULL,'suction-line-solenoid-valve'),(20,'2022-10-16 04:37:09.691832','2022-10-16 04:37:09.691901','Discharge Line Solenoid Valve','',NULL,'discharge-line-solenoid-valve'),(21,'2022-10-16 04:41:17.120279','2022-10-16 04:41:17.120327','Crankcase Heater','',NULL,'crankcase-heater'),(22,'2022-10-16 15:47:31.964671','2022-10-16 15:47:31.964749','Variable Frequency Drive (VFD)','',NULL,'variable-frequency-drive-vfd'),(23,'2022-10-16 16:08:31.324265','2022-10-16 16:08:31.324341','Flow Meter','',NULL,'flow-meter'),(24,'2022-10-16 16:32:24.291530','2022-10-16 16:32:24.291599','Strainer','',NULL,'strainer'),(25,'2022-10-16 21:32:11.919278','2022-10-16 21:32:11.919351','Vibration Absorber Hose','',NULL,'vibration-absorber-hose'),(26,'2022-10-16 22:09:01.924311','2022-10-16 22:23:45.327092','Fan','',NULL,'fan-6'),(27,'2022-10-16 22:32:50.991994','2022-10-16 22:32:50.992040','Water Heater','',NULL,'water-heater'),(28,'2022-10-16 22:40:56.124123','2022-10-16 22:47:39.133003','Steam / Water Boiler','',NULL,'steam-water-boiler'),(29,'2022-10-16 23:02:29.952076','2022-10-16 23:02:29.952136','Humidity Sensor / Meter','',NULL,'humidity-sensor-meter'),(30,'2022-10-16 23:09:04.110884','2022-10-16 23:09:04.110956','Pulley','',NULL,'pulley'),(31,'2022-10-16 23:16:08.716029','2022-10-16 23:16:08.716081','Airflow Damper','',NULL,'airflow-damper'),(32,'2022-10-16 23:25:26.686054','2022-10-16 23:25:26.686145','Air Compressor','',NULL,'air-compressor'),(33,'2022-10-17 03:10:10.925459','2022-10-17 03:10:10.925537','Titanium Tube / Pipe','',NULL,'titanium-tube-pipe'),(34,'2022-10-17 03:12:02.716001','2022-10-17 03:12:02.716077','Titanium Plate / Sheet','',NULL,'titanium-plate-sheet'),(35,'2022-10-17 03:24:16.206057','2022-10-17 03:24:16.206132','Titanium Bar / Rod','',NULL,'titanium-bar-rod'),(36,'2022-10-17 03:29:40.114298','2022-10-17 03:29:40.114390','Stainless Steel Tube / Pipe','',NULL,'stainless-steel-tube-pipe'),(37,'2022-10-17 03:31:31.915736','2022-10-17 03:31:31.915809','Stainless Steel Plate / Sheet','',NULL,'stainless-steel-plate-sheet'),(38,'2022-10-17 03:32:44.598732','2022-10-17 03:32:44.598789','Stainless Steel Bar / Rod','',NULL,'stainless-steel-bar-rod'),(39,'2022-10-17 03:39:04.257632','2022-10-17 03:39:04.257727','Copper Tube / Pipe','',NULL,'copper-tube-pipe'),(40,'2022-10-17 03:41:13.311411','2022-10-17 03:41:13.311487','Copper Plate / Sheet','',NULL,'copper-plate-sheet'),(41,'2022-10-17 03:44:11.736795','2022-10-17 03:44:11.736864','Copper Bar / Rod','',NULL,'copper-bar-rod'),(42,'2022-10-18 04:07:51.903868','2022-10-18 04:07:51.903916','Aluminum Tube / Pipe','',NULL,'aluminum-tube-pipe'),(43,'2022-10-18 04:13:55.851953','2022-10-18 04:13:55.852024','Aluminum Plate / Sheet','',NULL,'aluminum-plate-sheet'),(44,'2022-10-18 04:15:21.193709','2022-10-18 04:15:21.193751','Aluminum Bar / Rod','',NULL,'aluminum-bar-rod'),(45,'2022-10-18 04:21:09.873015','2022-10-18 04:21:09.873055','Nickel Tube / Pipe','',NULL,'nickel-tube-pipe'),(46,'2022-10-18 04:22:22.758371','2022-10-18 04:22:22.758474','Nickel Plate / Sheet','',NULL,'nickel-plate-sheet'),(47,'2022-10-18 04:27:48.109744','2022-10-18 04:27:48.109806','Quick Coupling / Connect','',NULL,'quick-coupling-connect'),(48,'2022-10-18 04:39:15.885933','2022-10-18 04:39:15.886041','Bimetal / Bimetallic Coupling','',NULL,'bimetal-bimetallic-coupling'),(49,'2022-10-18 04:41:24.425172','2022-10-18 04:41:24.425230','Sight Glass','',NULL,'sight-glass'),(51,'2022-10-18 05:00:36.043656','2022-10-18 05:00:36.043725','Liquid Level Indicator','',NULL,'liquid-level-indicator'),(52,'2022-10-21 04:25:22.251453','2022-11-02 14:45:39.876551','My Part','',NULL,'my-part'),(53,'2022-10-23 03:10:47.916792','2022-10-23 03:10:47.916904','Pressure Gauge','',NULL,'pressure-gauge'),(54,'2022-10-23 03:21:16.389678','2022-10-23 03:21:16.389744','Vacuum gauge','',NULL,'vacuum-gauge'),(55,'2022-10-23 03:40:25.435620','2022-10-23 03:40:25.435702','Humidifier','',NULL,'humidifier'),(56,'2022-10-23 04:29:51.656514','2022-10-23 04:29:51.656594','Dehumidifier','',NULL,'dehumidifier'),(57,'2022-10-23 20:40:35.735328','2022-10-23 20:40:35.735382','Mist Eliminator','',NULL,'mist-eliminator'),(59,'2022-10-23 20:51:40.966488','2022-10-23 20:51:40.966563','Hose','',NULL,'hose'),(60,'2022-10-23 21:21:02.542840','2022-10-23 21:21:02.542977','Air Conditioning Unit','',NULL,'air-conditioning-unit'),(61,'2022-10-23 21:57:40.560763','2022-10-23 21:57:40.560831','Vibration Mount','',NULL,'vibration-mount');
/*!40000 ALTER TABLE `product_part` ENABLE KEYS */;
UNLOCK TABLES;

--
-- Table structure for table `product_partclassification`
--

DROP TABLE IF EXISTS `product_partclassification`;
/*!40101 SET @saved_cs_client     = @@character_set_client */;
/*!50503 SET character_set_client = utf8mb4 */;
CREATE TABLE `product_partclassification` (
  `id` bigint NOT NULL AUTO_INCREMENT,
  `created_at` datetime(6) NOT NULL,
  `updated_at` datetime(6) NOT NULL,
  `is_optional` varchar(255) NOT NULL,
  `classification_id` bigint NOT NULL,
  `created_by_id` bigint DEFAULT NULL,
  `part_id` bigint NOT NULL,
  PRIMARY KEY (`id`),
  KEY `product_partclassifi_classification_id_6297fe0e_fk_product_c` (`classification_id`),
  KEY `product_partclassification_part_id_13ee0ccf_fk_product_part_id` (`part_id`),
  KEY `product_partclassification_created_by_id_d04f0dfc` (`created_by_id`),
  CONSTRAINT `product_partclassifi_classification_id_6297fe0e_fk_product_c` FOREIGN KEY (`classification_id`) REFERENCES `product_classification` (`id`),
  CONSTRAINT `product_partclassifi_created_by_id_d04f0dfc_fk_authentic` FOREIGN KEY (`created_by_id`) REFERENCES `authentication_user` (`id`),
  CONSTRAINT `product_partclassification_part_id_13ee0ccf_fk_product_part_id` FOREIGN KEY (`part_id`) REFERENCES `product_part` (`id`)
) ENGINE=InnoDB AUTO_INCREMENT=193 DEFAULT CHARSET=utf8mb4 COLLATE=utf8mb4_0900_ai_ci;
/*!40101 SET character_set_client = @saved_cs_client */;

--
-- Dumping data for table `product_partclassification`
--

LOCK TABLES `product_partclassification` WRITE;
/*!40000 ALTER TABLE `product_partclassification` DISABLE KEYS */;
INSERT INTO `product_partclassification` VALUES (42,'2022-10-15 05:51:22.441696','2022-10-15 05:51:22.441763','False',1,NULL,8),(43,'2022-10-15 05:51:22.477541','2022-10-15 05:51:22.477597','False',2,NULL,8),(44,'2022-10-15 05:51:22.499946','2022-10-15 05:51:22.500016','True',3,NULL,8),(45,'2022-10-15 06:03:35.891439','2022-10-15 06:03:35.891541','False',1,NULL,7),(46,'2022-10-15 06:03:35.979657','2022-10-15 06:03:35.979762','False',2,NULL,7),(47,'2022-10-15 06:03:36.054462','2022-10-15 06:03:36.054565','False',3,NULL,7),(60,'2022-10-16 03:19:23.780932','2022-10-16 03:19:23.781003','False',1,NULL,9),(61,'2022-10-16 03:19:23.845146','2022-10-16 03:19:23.845197','True',3,NULL,9),(62,'2022-10-16 03:25:13.161723','2022-10-16 03:25:13.161822','False',1,NULL,11),(63,'2022-10-16 03:25:13.172866','2022-10-16 03:25:13.172917','True',3,NULL,11),(64,'2022-10-16 03:29:46.690024','2022-10-16 03:29:46.690235','False',1,NULL,12),(65,'2022-10-16 03:29:46.714522','2022-10-16 03:29:46.714574','False',3,NULL,12),(66,'2022-10-16 03:40:47.961618','2022-10-16 03:40:47.961680','False',1,NULL,13),(67,'2022-10-16 03:40:48.036655','2022-10-16 03:40:48.036762','True',3,NULL,13),(70,'2022-10-16 03:57:09.561431','2022-10-16 03:57:09.561478','False',2,NULL,14),(71,'2022-10-16 03:57:09.601239','2022-10-16 03:57:09.601286','True',3,NULL,14),(72,'2022-10-16 04:06:20.262345','2022-10-16 04:06:20.262496','False',1,NULL,15),(73,'2022-10-16 04:06:20.282488','2022-10-16 04:06:20.282554','True',3,NULL,15),(74,'2022-10-16 04:15:35.803039','2022-10-16 04:15:35.803140','False',1,NULL,16),(75,'2022-10-16 04:15:35.865133','2022-10-16 04:15:35.865210','True',3,NULL,16),(78,'2022-10-16 04:20:09.442367','2022-10-16 04:20:09.442703','False',1,NULL,17),(79,'2022-10-16 04:20:09.492314','2022-10-16 04:20:09.492388','True',3,NULL,17),(80,'2022-10-16 04:26:57.753601','2022-10-16 04:26:57.753669','False',1,NULL,18),(81,'2022-10-16 04:26:57.786587','2022-10-16 04:26:57.786649','True',3,NULL,18),(85,'2022-10-16 04:33:48.767564','2022-10-16 04:33:48.767643','False',1,NULL,19),(86,'2022-10-16 04:33:48.804996','2022-10-16 04:33:48.805060','True',3,NULL,19),(87,'2022-10-16 04:37:09.698728','2022-10-16 04:37:09.698806','False',1,NULL,20),(88,'2022-10-16 04:37:09.752464','2022-10-16 04:37:09.752537','False',3,NULL,20),(89,'2022-10-16 04:41:17.126932','2022-10-16 04:41:17.126999','False',1,NULL,21),(90,'2022-10-16 04:41:17.154082','2022-10-16 04:41:17.154142','True',3,NULL,21),(91,'2022-10-16 15:47:31.977610','2022-10-16 15:47:31.977700','False',2,NULL,22),(92,'2022-10-16 15:47:32.078446','2022-10-16 15:47:32.078535','False',3,NULL,22),(93,'2022-10-16 16:08:31.339465','2022-10-16 16:08:31.339564','False',1,NULL,23),(94,'2022-10-16 16:08:31.454273','2022-10-16 16:08:31.454360','True',3,NULL,23),(95,'2022-10-16 16:32:24.301150','2022-10-16 16:32:24.301204','False',1,NULL,24),(96,'2022-10-16 16:32:24.362932','2022-10-16 16:32:24.363054','True',3,NULL,24),(97,'2022-10-16 21:32:11.932289','2022-10-16 21:32:11.932375','False',1,NULL,25),(98,'2022-10-16 21:32:12.038214','2022-10-16 21:32:12.038291','True',3,NULL,25),(101,'2022-10-16 22:23:45.271692','2022-10-16 22:23:45.271748','False',1,NULL,26),(102,'2022-10-16 22:23:45.311194','2022-10-16 22:23:45.311249','True',3,NULL,26),(103,'2022-10-16 22:32:51.000007','2022-10-16 22:32:51.000264','False',1,NULL,27),(104,'2022-10-16 22:32:51.027872','2022-10-16 22:32:51.027945','True',3,NULL,27),(109,'2022-10-16 22:47:39.067008','2022-10-16 22:47:39.067071','False',1,NULL,28),(110,'2022-10-16 22:47:39.113349','2022-10-16 22:47:39.113419','True',3,NULL,28),(111,'2022-10-16 23:02:29.960463','2022-10-16 23:02:29.960658','False',1,NULL,29),(112,'2022-10-16 23:02:30.051846','2022-10-16 23:02:30.051919','True',3,NULL,29),(113,'2022-10-16 23:09:04.136404','2022-10-16 23:09:04.136510','False',1,NULL,30),(114,'2022-10-16 23:09:04.223227','2022-10-16 23:09:04.223326','True',3,NULL,30),(115,'2022-10-16 23:16:08.721613','2022-10-16 23:16:08.721666','False',1,NULL,31),(116,'2022-10-16 23:16:08.755366','2022-10-16 23:16:08.755423','True',3,NULL,31),(117,'2022-10-16 23:25:26.697082','2022-10-16 23:25:26.697230','False',1,NULL,32),(118,'2022-10-16 23:25:26.781763','2022-10-16 23:25:26.782114','False',3,NULL,32),(119,'2022-10-17 03:10:10.940103','2022-10-17 03:10:10.940203','False',1,NULL,33),(120,'2022-10-17 03:10:11.001056','2022-10-17 03:10:11.001165','True',3,NULL,33),(121,'2022-10-17 03:12:02.739141','2022-10-17 03:12:02.739244','False',1,NULL,34),(122,'2022-10-17 03:12:02.799507','2022-10-17 03:12:02.799614','True',3,NULL,34),(123,'2022-10-17 03:24:16.214909','2022-10-17 03:24:16.214985','False',1,NULL,35),(124,'2022-10-17 03:24:16.247486','2022-10-17 03:24:16.247558','True',3,NULL,35),(125,'2022-10-17 03:29:40.121829','2022-10-17 03:29:40.121889','False',1,NULL,36),(126,'2022-10-17 03:29:40.160266','2022-10-17 03:29:40.160335','True',3,NULL,36),(127,'2022-10-17 03:31:31.927799','2022-10-17 03:31:31.927864','False',1,NULL,37),(128,'2022-10-17 03:31:31.968806','2022-10-17 03:31:31.968910','True',3,NULL,37),(129,'2022-10-17 03:32:44.607945','2022-10-17 03:32:44.608009','False',1,NULL,38),(130,'2022-10-17 03:32:44.639188','2022-10-17 03:32:44.639303','True',3,NULL,38),(131,'2022-10-17 03:39:04.264763','2022-10-17 03:39:04.264886','False',1,NULL,39),(132,'2022-10-17 03:39:04.295950','2022-10-17 03:39:04.296026','True',3,NULL,39),(133,'2022-10-17 03:41:13.320469','2022-10-17 03:41:13.320549','False',1,NULL,40),(134,'2022-10-17 03:41:13.360534','2022-10-17 03:41:13.360609','True',3,NULL,40),(135,'2022-10-17 03:44:11.748900','2022-10-17 03:44:11.748994','False',1,NULL,41),(136,'2022-10-17 03:44:11.786069','2022-10-17 03:44:11.786144','True',3,NULL,41),(137,'2022-10-18 04:07:51.908765','2022-10-18 04:07:51.908900','False',1,NULL,42),(138,'2022-10-18 04:07:51.930662','2022-10-18 04:07:51.930816','True',3,NULL,42),(139,'2022-10-18 04:13:55.862657','2022-10-18 04:13:55.862817','False',1,NULL,43),(140,'2022-10-18 04:13:55.913794','2022-10-18 04:13:55.913877','True',3,NULL,43),(141,'2022-10-18 04:15:21.197923','2022-10-18 04:15:21.197966','False',1,NULL,44),(142,'2022-10-18 04:15:21.208417','2022-10-18 04:15:21.208472','True',3,NULL,44),(143,'2022-10-18 04:21:09.877221','2022-10-18 04:21:09.877271','False',1,NULL,45),(144,'2022-10-18 04:21:09.893455','2022-10-18 04:21:09.893506','True',3,NULL,45),(145,'2022-10-18 04:22:22.769325','2022-10-18 04:22:22.769457','False',1,NULL,46),(146,'2022-10-18 04:22:22.828945','2022-10-18 04:22:22.829027','True',3,NULL,46),(147,'2022-10-18 04:27:48.117756','2022-10-18 04:27:48.117818','False',1,NULL,47),(148,'2022-10-18 04:27:48.151850','2022-10-18 04:27:48.151957','True',3,NULL,47),(149,'2022-10-18 04:39:15.904905','2022-10-18 04:39:15.905237','False',1,NULL,48),(150,'2022-10-18 04:39:15.989405','2022-10-18 04:39:15.989560','True',3,NULL,48),(151,'2022-10-18 04:41:24.433643','2022-10-18 04:41:24.433711','False',1,NULL,49),(152,'2022-10-18 04:41:24.463973','2022-10-18 04:41:24.464097','True',3,NULL,49),(155,'2022-10-18 05:00:36.052072','2022-10-18 05:00:36.052197','False',1,NULL,51),(156,'2022-10-18 05:00:36.096239','2022-10-18 05:00:36.096312','True',3,NULL,51),(159,'2022-10-23 03:10:47.930693','2022-10-23 03:10:47.930786','False',1,NULL,53),(160,'2022-10-23 03:10:48.137193','2022-10-23 03:10:48.137257','True',3,NULL,53),(161,'2022-10-23 03:21:16.401958','2022-10-23 03:21:16.402019','False',1,NULL,54),(162,'2022-10-23 03:21:16.539320','2022-10-23 03:21:16.539398','True',3,NULL,54),(163,'2022-10-23 03:40:25.444047','2022-10-23 03:40:25.444227','False',1,NULL,55),(164,'2022-10-23 03:40:25.644690','2022-10-23 03:40:25.644769','True',2,NULL,55),(165,'2022-10-23 03:40:25.718256','2022-10-23 03:40:25.718327','True',3,NULL,55),(166,'2022-10-23 04:29:51.664244','2022-10-23 04:29:51.664325','False',1,NULL,56),(167,'2022-10-23 04:29:51.742393','2022-10-23 04:29:51.742906','True',2,NULL,56),(168,'2022-10-23 04:29:51.805556','2022-10-23 04:29:51.805674','True',3,NULL,56),(169,'2022-10-23 20:40:35.744875','2022-10-23 20:40:35.744940','False',1,NULL,57),(170,'2022-10-23 20:40:35.767503','2022-10-23 20:40:35.767560','True',3,NULL,57),(172,'2022-10-23 20:51:40.977885','2022-10-23 20:51:40.977973','False',1,NULL,59),(173,'2022-10-23 20:51:41.096695','2022-10-23 20:51:41.096774','True',3,NULL,59),(174,'2022-10-23 21:21:02.551320','2022-10-23 21:21:02.551376','False',1,NULL,60),(175,'2022-10-23 21:21:02.584917','2022-10-23 21:21:02.584990','False',2,NULL,60),(176,'2022-10-23 21:21:02.609689','2022-10-23 21:21:02.609760','True',3,NULL,60),(177,'2022-10-23 21:57:40.568975','2022-10-23 21:57:40.569140','False',1,NULL,61),(178,'2022-10-23 21:57:40.628767','2022-10-23 21:57:40.628838','True',3,NULL,61),(183,'2022-11-02 09:28:42.015544','2022-11-02 09:28:42.015705','False',1,NULL,10),(184,'2022-11-02 09:28:42.047912','2022-11-02 09:28:42.047975','True',3,NULL,10),(191,'2022-11-02 14:45:39.812603','2022-11-02 14:45:39.812680','False',4,NULL,52),(192,'2022-11-02 14:45:39.851554','2022-11-02 14:45:39.851624','True',3,NULL,52);
/*!40000 ALTER TABLE `product_partclassification` ENABLE KEYS */;
UNLOCK TABLES;

--
-- Table structure for table `product_partclassificationattribute`
--

DROP TABLE IF EXISTS `product_partclassificationattribute`;
/*!40101 SET @saved_cs_client     = @@character_set_client */;
/*!50503 SET character_set_client = utf8mb4 */;
CREATE TABLE `product_partclassificationattribute` (
  `id` bigint NOT NULL AUTO_INCREMENT,
  `created_at` datetime(6) NOT NULL,
  `updated_at` datetime(6) NOT NULL,
  `attribute_id` bigint NOT NULL,
  `created_by_id` bigint DEFAULT NULL,
  `part_classification_id` bigint NOT NULL,
  `is_optional` varchar(50) NOT NULL,
  PRIMARY KEY (`id`),
  KEY `product_partclassifi_attribute_id_d2d363c4_fk_product_a` (`attribute_id`),
  KEY `product_partclassifi_part_classification__3ecae74f_fk_product_p` (`part_classification_id`),
  KEY `product_partclassificationattribute_created_by_id_ae2bbd7e` (`created_by_id`),
  CONSTRAINT `product_partclassifi_attribute_id_d2d363c4_fk_product_a` FOREIGN KEY (`attribute_id`) REFERENCES `product_attribute` (`id`),
  CONSTRAINT `product_partclassifi_created_by_id_ae2bbd7e_fk_authentic` FOREIGN KEY (`created_by_id`) REFERENCES `authentication_user` (`id`),
  CONSTRAINT `product_partclassifi_part_classification__3ecae74f_fk_product_p` FOREIGN KEY (`part_classification_id`) REFERENCES `product_partclassification` (`id`)
) ENGINE=InnoDB AUTO_INCREMENT=709 DEFAULT CHARSET=utf8mb4 COLLATE=utf8mb4_0900_ai_ci;
/*!40101 SET character_set_client = @saved_cs_client */;

--
-- Dumping data for table `product_partclassificationattribute`
--

LOCK TABLES `product_partclassificationattribute` WRITE;
/*!40000 ALTER TABLE `product_partclassificationattribute` DISABLE KEYS */;
INSERT INTO `product_partclassificationattribute` VALUES (152,'2022-10-15 05:51:22.448954','2022-10-15 05:51:22.449031',23,NULL,42,'False'),(153,'2022-10-15 05:51:22.454843','2022-10-15 05:51:22.454901',22,NULL,42,'False'),(154,'2022-10-15 05:51:22.459994','2022-10-15 05:51:22.460126',24,NULL,42,'False'),(155,'2022-10-15 05:51:22.466670','2022-10-15 05:51:22.466725',25,NULL,42,'False'),(156,'2022-10-15 05:51:22.472461','2022-10-15 05:51:22.472521',26,NULL,42,'False'),(157,'2022-10-15 05:51:22.483513','2022-10-15 05:51:22.483583',18,NULL,43,'False'),(158,'2022-10-15 05:51:22.487745','2022-10-15 05:51:22.487836',19,NULL,43,'False'),(159,'2022-10-15 05:51:22.492428','2022-10-15 05:51:22.492514',17,NULL,43,'False'),(160,'2022-10-15 05:51:22.506365','2022-10-15 05:51:22.506517',20,NULL,44,'True'),(161,'2022-10-15 05:51:22.511125','2022-10-15 05:51:22.511181',21,NULL,44,'True'),(162,'2022-10-15 06:03:35.902028','2022-10-15 06:03:35.902133',7,NULL,45,'False'),(163,'2022-10-15 06:03:35.911330','2022-10-15 06:03:35.911410',8,NULL,45,'False'),(164,'2022-10-15 06:03:35.923181','2022-10-15 06:03:35.923275',1,NULL,45,'False'),(165,'2022-10-15 06:03:35.939019','2022-10-15 06:03:35.939105',2,NULL,45,'False'),(166,'2022-10-15 06:03:35.948985','2022-10-15 06:03:35.949078',14,NULL,45,'False'),(167,'2022-10-15 06:03:35.959579','2022-10-15 06:03:35.959719',12,NULL,45,'True'),(168,'2022-10-15 06:03:35.969448','2022-10-15 06:03:35.970086',13,NULL,45,'True'),(169,'2022-10-15 06:03:35.998395','2022-10-15 06:03:35.998584',18,NULL,46,'False'),(170,'2022-10-15 06:03:36.007941','2022-10-15 06:03:36.008032',19,NULL,46,'False'),(171,'2022-10-15 06:03:36.022805','2022-10-15 06:03:36.022894',17,NULL,46,'False'),(172,'2022-10-15 06:03:36.068073','2022-10-15 06:03:36.068256',20,NULL,47,'True'),(173,'2022-10-15 06:03:36.076889','2022-10-15 06:03:36.076972',21,NULL,47,'True'),(214,'2022-10-16 03:19:23.787715','2022-10-16 03:19:23.787780',7,NULL,60,'False'),(215,'2022-10-16 03:19:23.794149','2022-10-16 03:19:23.794217',8,NULL,60,'False'),(216,'2022-10-16 03:19:23.798453','2022-10-16 03:19:23.798521',27,NULL,60,'False'),(217,'2022-10-16 03:19:23.804132','2022-10-16 03:19:23.804194',28,NULL,60,'False'),(218,'2022-10-16 03:19:23.809323','2022-10-16 03:19:23.809389',29,NULL,60,'False'),(219,'2022-10-16 03:19:23.816028','2022-10-16 03:19:23.816094',30,NULL,60,'False'),(220,'2022-10-16 03:19:23.821505','2022-10-16 03:19:23.821592',31,NULL,60,'False'),(221,'2022-10-16 03:19:23.826287','2022-10-16 03:19:23.826352',32,NULL,60,'False'),(222,'2022-10-16 03:19:23.830958','2022-10-16 03:19:23.831017',33,NULL,60,'False'),(223,'2022-10-16 03:19:23.838902','2022-10-16 03:19:23.839029',34,NULL,60,'False'),(224,'2022-10-16 03:19:23.849802','2022-10-16 03:19:23.849867',20,NULL,61,'True'),(225,'2022-10-16 03:19:23.854765','2022-10-16 03:19:23.854827',21,NULL,61,'True'),(226,'2022-10-16 03:25:13.164296','2022-10-16 03:25:13.164329',22,NULL,62,'False'),(227,'2022-10-16 03:25:13.166831','2022-10-16 03:25:13.166866',35,NULL,62,'False'),(228,'2022-10-16 03:25:13.169669','2022-10-16 03:25:13.169750',36,NULL,62,'False'),(229,'2022-10-16 03:25:13.175955','2022-10-16 03:25:13.175989',20,NULL,63,'True'),(230,'2022-10-16 03:25:13.178267','2022-10-16 03:25:13.178310',21,NULL,63,'True'),(231,'2022-10-16 03:29:46.696233','2022-10-16 03:29:46.696283',22,NULL,64,'False'),(232,'2022-10-16 03:29:46.702737','2022-10-16 03:29:46.702907',37,NULL,64,'False'),(233,'2022-10-16 03:29:46.709569','2022-10-16 03:29:46.709624',38,NULL,64,'False'),(234,'2022-10-16 03:29:46.718063','2022-10-16 03:29:46.718204',20,NULL,65,'False'),(235,'2022-10-16 03:29:46.722282','2022-10-16 03:29:46.722350',21,NULL,65,'False'),(236,'2022-10-16 03:40:47.971923','2022-10-16 03:40:47.972003',22,NULL,66,'False'),(237,'2022-10-16 03:40:47.987946','2022-10-16 03:40:47.988014',39,NULL,66,'False'),(238,'2022-10-16 03:40:47.995004','2022-10-16 03:40:47.995172',40,NULL,66,'False'),(239,'2022-10-16 03:40:48.007787','2022-10-16 03:40:48.007886',41,NULL,66,'False'),(240,'2022-10-16 03:40:48.017651','2022-10-16 03:40:48.017726',42,NULL,66,'False'),(241,'2022-10-16 03:40:48.025746','2022-10-16 03:40:48.025860',43,NULL,66,'False'),(242,'2022-10-16 03:40:48.053403','2022-10-16 03:40:48.053521',20,NULL,67,'True'),(243,'2022-10-16 03:40:48.064470','2022-10-16 03:40:48.064535',21,NULL,67,'True'),(253,'2022-10-16 03:57:09.565819','2022-10-16 03:57:09.565865',44,NULL,70,'False'),(254,'2022-10-16 03:57:09.574394','2022-10-16 03:57:09.574446',45,NULL,70,'False'),(255,'2022-10-16 03:57:09.577530','2022-10-16 03:57:09.577575',46,NULL,70,'False'),(256,'2022-10-16 03:57:09.580996','2022-10-16 03:57:09.581043',47,NULL,70,'True'),(257,'2022-10-16 03:57:09.584565','2022-10-16 03:57:09.584614',48,NULL,70,'True'),(258,'2022-10-16 03:57:09.588724','2022-10-16 03:57:09.588770',49,NULL,70,'True'),(259,'2022-10-16 03:57:09.592770','2022-10-16 03:57:09.592833',50,NULL,70,'True'),(260,'2022-10-16 03:57:09.596739','2022-10-16 03:57:09.596885',51,NULL,70,'False'),(261,'2022-10-16 03:57:09.604847','2022-10-16 03:57:09.604888',20,NULL,71,'True'),(262,'2022-10-16 03:57:09.608515','2022-10-16 03:57:09.608577',21,NULL,71,'True'),(263,'2022-10-16 04:06:20.265315','2022-10-16 04:06:20.265433',22,NULL,72,'False'),(264,'2022-10-16 04:06:20.267769','2022-10-16 04:06:20.267816',25,NULL,72,'False'),(265,'2022-10-16 04:06:20.270312','2022-10-16 04:06:20.270364',26,NULL,72,'False'),(266,'2022-10-16 04:06:20.272741','2022-10-16 04:06:20.272782',52,NULL,72,'False'),(267,'2022-10-16 04:06:20.276135','2022-10-16 04:06:20.276206',53,NULL,72,'False'),(268,'2022-10-16 04:06:20.278772','2022-10-16 04:06:20.278827',24,NULL,72,'False'),(269,'2022-10-16 04:06:20.285187','2022-10-16 04:06:20.285330',20,NULL,73,'True'),(270,'2022-10-16 04:06:20.288744','2022-10-16 04:06:20.288797',21,NULL,73,'True'),(271,'2022-10-16 04:15:35.810926','2022-10-16 04:15:35.811001',22,NULL,74,'False'),(272,'2022-10-16 04:15:35.820993','2022-10-16 04:15:35.821079',25,NULL,74,'False'),(273,'2022-10-16 04:15:35.831221','2022-10-16 04:15:35.831291',26,NULL,74,'False'),(274,'2022-10-16 04:15:35.838959','2022-10-16 04:15:35.839247',52,NULL,74,'False'),(275,'2022-10-16 04:15:35.847315','2022-10-16 04:15:35.847388',24,NULL,74,'False'),(276,'2022-10-16 04:15:35.854145','2022-10-16 04:15:35.854234',55,NULL,74,'False'),(277,'2022-10-16 04:15:35.874779','2022-10-16 04:15:35.874888',20,NULL,75,'True'),(278,'2022-10-16 04:15:35.883396','2022-10-16 04:15:35.883473',21,NULL,75,'True'),(285,'2022-10-16 04:20:09.448532','2022-10-16 04:20:09.448613',22,NULL,78,'False'),(286,'2022-10-16 04:20:09.458460','2022-10-16 04:20:09.458558',25,NULL,78,'False'),(287,'2022-10-16 04:20:09.465652','2022-10-16 04:20:09.465728',26,NULL,78,'False'),(288,'2022-10-16 04:20:09.471867','2022-10-16 04:20:09.471945',52,NULL,78,'False'),(289,'2022-10-16 04:20:09.479333','2022-10-16 04:20:09.479393',56,NULL,78,'False'),(290,'2022-10-16 04:20:09.485389','2022-10-16 04:20:09.485462',24,NULL,78,'False'),(291,'2022-10-16 04:20:09.499045','2022-10-16 04:20:09.499100',20,NULL,79,'True'),(292,'2022-10-16 04:20:09.505559','2022-10-16 04:20:09.505653',21,NULL,79,'True'),(293,'2022-10-16 04:26:57.758880','2022-10-16 04:26:57.758945',22,NULL,80,'False'),(294,'2022-10-16 04:26:57.762388','2022-10-16 04:26:57.762449',25,NULL,80,'False'),(295,'2022-10-16 04:26:57.765309','2022-10-16 04:26:57.765358',26,NULL,80,'False'),(296,'2022-10-16 04:26:57.768193','2022-10-16 04:26:57.768235',52,NULL,80,'False'),(297,'2022-10-16 04:26:57.772673','2022-10-16 04:26:57.772721',24,NULL,80,'False'),(298,'2022-10-16 04:26:57.776349','2022-10-16 04:26:57.776403',55,NULL,80,'False'),(299,'2022-10-16 04:26:57.780760','2022-10-16 04:26:57.780825',57,NULL,80,'False'),(300,'2022-10-16 04:26:57.792128','2022-10-16 04:26:57.792180',20,NULL,81,'True'),(301,'2022-10-16 04:26:57.795357','2022-10-16 04:26:57.795436',21,NULL,81,'True'),(317,'2022-10-16 04:33:48.770805','2022-10-16 04:33:48.770866',22,NULL,85,'False'),(318,'2022-10-16 04:33:48.773744','2022-10-16 04:33:48.773805',25,NULL,85,'False'),(319,'2022-10-16 04:33:48.777499','2022-10-16 04:33:48.777547',26,NULL,85,'False'),(320,'2022-10-16 04:33:48.782267','2022-10-16 04:33:48.782318',52,NULL,85,'False'),(321,'2022-10-16 04:33:48.785734','2022-10-16 04:33:48.785782',56,NULL,85,'False'),(322,'2022-10-16 04:33:48.789558','2022-10-16 04:33:48.789625',24,NULL,85,'False'),(323,'2022-10-16 04:33:48.794690','2022-10-16 04:33:48.794755',58,NULL,85,'False'),(324,'2022-10-16 04:33:48.800072','2022-10-16 04:33:48.800126',57,NULL,85,'False'),(325,'2022-10-16 04:33:48.810522','2022-10-16 04:33:48.810575',20,NULL,86,'True'),(326,'2022-10-16 04:33:48.814948','2022-10-16 04:33:48.815025',21,NULL,86,'True'),(327,'2022-10-16 04:37:09.704477','2022-10-16 04:37:09.704551',22,NULL,87,'False'),(328,'2022-10-16 04:37:09.712308','2022-10-16 04:37:09.712413',25,NULL,87,'False'),(329,'2022-10-16 04:37:09.718944','2022-10-16 04:37:09.719113',26,NULL,87,'False'),(330,'2022-10-16 04:37:09.725072','2022-10-16 04:37:09.725159',52,NULL,87,'False'),(331,'2022-10-16 04:37:09.732399','2022-10-16 04:37:09.732466',24,NULL,87,'False'),(332,'2022-10-16 04:37:09.738424','2022-10-16 04:37:09.738480',59,NULL,87,'False'),(333,'2022-10-16 04:37:09.746542','2022-10-16 04:37:09.746616',57,NULL,87,'False'),(334,'2022-10-16 04:37:09.758398','2022-10-16 04:37:09.758476',20,NULL,88,'False'),(335,'2022-10-16 04:37:09.769345','2022-10-16 04:37:09.769406',21,NULL,88,'False'),(336,'2022-10-16 04:41:17.132738','2022-10-16 04:41:17.132967',60,NULL,89,'False'),(337,'2022-10-16 04:41:17.138650','2022-10-16 04:41:17.138765',57,NULL,89,'False'),(338,'2022-10-16 04:41:17.143814','2022-10-16 04:41:17.143868',61,NULL,89,'False'),(339,'2022-10-16 04:41:17.160079','2022-10-16 04:41:17.160185',20,NULL,90,'True'),(340,'2022-10-16 04:41:17.167533','2022-10-16 04:41:17.167631',21,NULL,90,'True'),(341,'2022-10-16 15:47:31.986422','2022-10-16 15:47:31.986509',44,NULL,91,'False'),(342,'2022-10-16 15:47:31.997874','2022-10-16 15:47:31.997984',62,NULL,91,'False'),(343,'2022-10-16 15:47:32.009602','2022-10-16 15:47:32.009771',63,NULL,91,'False'),(344,'2022-10-16 15:47:32.016980','2022-10-16 15:47:32.017150',64,NULL,91,'False'),(345,'2022-10-16 15:47:32.026803','2022-10-16 15:47:32.026929',65,NULL,91,'False'),(346,'2022-10-16 15:47:32.037616','2022-10-16 15:47:32.037699',17,NULL,91,'False'),(347,'2022-10-16 15:47:32.045132','2022-10-16 15:47:32.045354',66,NULL,91,'False'),(348,'2022-10-16 15:47:32.054576','2022-10-16 15:47:32.054677',67,NULL,91,'False'),(349,'2022-10-16 15:47:32.061457','2022-10-16 15:47:32.061529',68,NULL,91,'False'),(350,'2022-10-16 15:47:32.068558','2022-10-16 15:47:32.068644',69,NULL,91,'False'),(351,'2022-10-16 15:47:32.084980','2022-10-16 15:47:32.085072',20,NULL,92,'False'),(352,'2022-10-16 15:47:32.097153','2022-10-16 15:47:32.097397',21,NULL,92,'False'),(353,'2022-10-16 16:08:31.348352','2022-10-16 16:08:31.348450',7,NULL,93,'False'),(354,'2022-10-16 16:08:31.356891','2022-10-16 16:08:31.357324',8,NULL,93,'False'),(355,'2022-10-16 16:08:31.367224','2022-10-16 16:08:31.367322',29,NULL,93,'False'),(356,'2022-10-16 16:08:31.376880','2022-10-16 16:08:31.376980',70,NULL,93,'False'),(357,'2022-10-16 16:08:31.385279','2022-10-16 16:08:31.385354',28,NULL,93,'False'),(358,'2022-10-16 16:08:31.393539','2022-10-16 16:08:31.393648',31,NULL,93,'False'),(359,'2022-10-16 16:08:31.400225','2022-10-16 16:08:31.400367',32,NULL,93,'False'),(360,'2022-10-16 16:08:31.416486','2022-10-16 16:08:31.416600',71,NULL,93,'False'),(361,'2022-10-16 16:08:31.430474','2022-10-16 16:08:31.430623',36,NULL,93,'False'),(362,'2022-10-16 16:08:31.443284','2022-10-16 16:08:31.443358',34,NULL,93,'False'),(363,'2022-10-16 16:08:31.467597','2022-10-16 16:08:31.467690',20,NULL,94,'True'),(364,'2022-10-16 16:08:31.482806','2022-10-16 16:08:31.482911',21,NULL,94,'True'),(365,'2022-10-16 16:32:24.306784','2022-10-16 16:32:24.306859',7,NULL,95,'False'),(366,'2022-10-16 16:32:24.312598','2022-10-16 16:32:24.312669',8,NULL,95,'False'),(367,'2022-10-16 16:32:24.320958','2022-10-16 16:32:24.321029',73,NULL,95,'False'),(368,'2022-10-16 16:32:24.328476','2022-10-16 16:32:24.328540',34,NULL,95,'False'),(369,'2022-10-16 16:32:24.335072','2022-10-16 16:32:24.335140',74,NULL,95,'False'),(370,'2022-10-16 16:32:24.342758','2022-10-16 16:32:24.342849',75,NULL,95,'False'),(371,'2022-10-16 16:32:24.348155','2022-10-16 16:32:24.348230',1,NULL,95,'False'),(372,'2022-10-16 16:32:24.355351','2022-10-16 16:32:24.355407',30,NULL,95,'False'),(373,'2022-10-16 16:32:24.371313','2022-10-16 16:32:24.371368',20,NULL,96,'True'),(374,'2022-10-16 16:32:24.377412','2022-10-16 16:32:24.377472',21,NULL,96,'True'),(375,'2022-10-16 21:32:11.948782','2022-10-16 21:32:11.948931',7,NULL,97,'False'),(376,'2022-10-16 21:32:11.968709','2022-10-16 21:32:11.968800',76,NULL,97,'False'),(377,'2022-10-16 21:32:11.977972','2022-10-16 21:32:11.978079',34,NULL,97,'False'),(378,'2022-10-16 21:32:11.990557','2022-10-16 21:32:11.990647',77,NULL,97,'False'),(379,'2022-10-16 21:32:12.003527','2022-10-16 21:32:12.003625',28,NULL,97,'False'),(380,'2022-10-16 21:32:12.023664','2022-10-16 21:32:12.023801',78,NULL,97,'False'),(381,'2022-10-16 21:32:12.064234','2022-10-16 21:32:12.064432',20,NULL,98,'True'),(382,'2022-10-16 21:32:12.076635','2022-10-16 21:32:12.076707',21,NULL,98,'True'),(390,'2022-10-16 22:23:45.276641','2022-10-16 22:23:45.276704',7,NULL,101,'False'),(391,'2022-10-16 22:23:45.283282','2022-10-16 22:23:45.283355',79,NULL,101,'False'),(392,'2022-10-16 22:23:45.288203','2022-10-16 22:23:45.288287',80,NULL,101,'False'),(393,'2022-10-16 22:23:45.295134','2022-10-16 22:23:45.295200',81,NULL,101,'False'),(394,'2022-10-16 22:23:45.299618','2022-10-16 22:23:45.299694',82,NULL,101,'False'),(395,'2022-10-16 22:23:45.305282','2022-10-16 22:23:45.305343',83,NULL,101,'False'),(396,'2022-10-16 22:23:45.316527','2022-10-16 22:23:45.316584',20,NULL,102,'True'),(397,'2022-10-16 22:23:45.322386','2022-10-16 22:23:45.322438',21,NULL,102,'True'),(398,'2022-10-16 22:32:51.006224','2022-10-16 22:32:51.006282',7,NULL,103,'False'),(399,'2022-10-16 22:32:51.010913','2022-10-16 22:32:51.010965',84,NULL,103,'False'),(400,'2022-10-16 22:32:51.013998','2022-10-16 22:32:51.014050',85,NULL,103,'False'),(401,'2022-10-16 22:32:51.017909','2022-10-16 22:32:51.018022',86,NULL,103,'False'),(402,'2022-10-16 22:32:51.022530','2022-10-16 22:32:51.022655',1,NULL,103,'False'),(403,'2022-10-16 22:32:51.032162','2022-10-16 22:32:51.032234',20,NULL,104,'True'),(404,'2022-10-16 22:32:51.037658','2022-10-16 22:32:51.037830',21,NULL,104,'True'),(422,'2022-10-16 22:47:39.072201','2022-10-16 22:47:39.072259',7,NULL,109,'False'),(423,'2022-10-16 22:47:39.080381','2022-10-16 22:47:39.080471',87,NULL,109,'False'),(424,'2022-10-16 22:47:39.086610','2022-10-16 22:47:39.086686',85,NULL,109,'False'),(425,'2022-10-16 22:47:39.091908','2022-10-16 22:47:39.091966',86,NULL,109,'False'),(426,'2022-10-16 22:47:39.096986','2022-10-16 22:47:39.097048',1,NULL,109,'False'),(427,'2022-10-16 22:47:39.101927','2022-10-16 22:47:39.102001',88,NULL,109,'False'),(428,'2022-10-16 22:47:39.106944','2022-10-16 22:47:39.107011',89,NULL,109,'False'),(429,'2022-10-16 22:47:39.120523','2022-10-16 22:47:39.120617',20,NULL,110,'True'),(430,'2022-10-16 22:47:39.127415','2022-10-16 22:47:39.127486',21,NULL,110,'True'),(431,'2022-10-16 23:02:29.966660','2022-10-16 23:02:29.966739',7,NULL,111,'False'),(432,'2022-10-16 23:02:29.973837','2022-10-16 23:02:29.973908',90,NULL,111,'False'),(433,'2022-10-16 23:02:29.980444','2022-10-16 23:02:29.980521',91,NULL,111,'False'),(434,'2022-10-16 23:02:29.988619','2022-10-16 23:02:29.988680',92,NULL,111,'False'),(435,'2022-10-16 23:02:29.994852','2022-10-16 23:02:29.994922',93,NULL,111,'False'),(436,'2022-10-16 23:02:30.006787','2022-10-16 23:02:30.006861',94,NULL,111,'False'),(437,'2022-10-16 23:02:30.016034','2022-10-16 23:02:30.016101',95,NULL,111,'False'),(438,'2022-10-16 23:02:30.023756','2022-10-16 23:02:30.023839',96,NULL,111,'True'),(439,'2022-10-16 23:02:30.043950','2022-10-16 23:02:30.044030',97,NULL,111,'True'),(440,'2022-10-16 23:02:30.059256','2022-10-16 23:02:30.059329',20,NULL,112,'True'),(441,'2022-10-16 23:02:30.066494','2022-10-16 23:02:30.066563',21,NULL,112,'True'),(442,'2022-10-16 23:09:04.151303','2022-10-16 23:09:04.151375',98,NULL,113,'False'),(443,'2022-10-16 23:09:04.164729','2022-10-16 23:09:04.164806',99,NULL,113,'False'),(444,'2022-10-16 23:09:04.175432','2022-10-16 23:09:04.175519',100,NULL,113,'False'),(445,'2022-10-16 23:09:04.191606','2022-10-16 23:09:04.191661',101,NULL,113,'False'),(446,'2022-10-16 23:09:04.201565','2022-10-16 23:09:04.201647',102,NULL,113,'False'),(447,'2022-10-16 23:09:04.233128','2022-10-16 23:09:04.233203',20,NULL,114,'True'),(448,'2022-10-16 23:09:04.254526','2022-10-16 23:09:04.254601',21,NULL,114,'True'),(449,'2022-10-16 23:16:08.727284','2022-10-16 23:16:08.727357',103,NULL,115,'False'),(450,'2022-10-16 23:16:08.731602','2022-10-16 23:16:08.731701',104,NULL,115,'False'),(451,'2022-10-16 23:16:08.736398','2022-10-16 23:16:08.736475',105,NULL,115,'False'),(452,'2022-10-16 23:16:08.744139','2022-10-16 23:16:08.744198',106,NULL,115,'False'),(453,'2022-10-16 23:16:08.749551','2022-10-16 23:16:08.749607',107,NULL,115,'False'),(454,'2022-10-16 23:16:08.761463','2022-10-16 23:16:08.761538',20,NULL,116,'True'),(455,'2022-10-16 23:16:08.767207','2022-10-16 23:16:08.767380',21,NULL,116,'True'),(456,'2022-10-16 23:25:26.709775','2022-10-16 23:25:26.709869',108,NULL,117,'False'),(457,'2022-10-16 23:25:26.719151','2022-10-16 23:25:26.719226',109,NULL,117,'False'),(458,'2022-10-16 23:25:26.732606','2022-10-16 23:25:26.732675',88,NULL,117,'False'),(459,'2022-10-16 23:25:26.742120','2022-10-16 23:25:26.742190',110,NULL,117,'False'),(460,'2022-10-16 23:25:26.753614','2022-10-16 23:25:26.753687',111,NULL,117,'True'),(461,'2022-10-16 23:25:26.772128','2022-10-16 23:25:26.772211',41,NULL,117,'True'),(462,'2022-10-16 23:25:26.799147','2022-10-16 23:25:26.799222',20,NULL,118,'True'),(463,'2022-10-16 23:25:26.831343','2022-10-16 23:25:26.831447',21,NULL,118,'True'),(464,'2022-10-17 03:10:10.953582','2022-10-17 03:10:10.953661',112,NULL,119,'False'),(465,'2022-10-17 03:10:10.963682','2022-10-17 03:10:10.963769',113,NULL,119,'False'),(466,'2022-10-17 03:10:10.975778','2022-10-17 03:10:10.975874',114,NULL,119,'False'),(467,'2022-10-17 03:10:10.986896','2022-10-17 03:10:10.987013',118,NULL,119,'False'),(468,'2022-10-17 03:10:11.009689','2022-10-17 03:10:11.009770',20,NULL,120,'True'),(469,'2022-10-17 03:10:11.021806','2022-10-17 03:10:11.021885',21,NULL,120,'True'),(470,'2022-10-17 03:12:02.750916','2022-10-17 03:12:02.750990',112,NULL,121,'False'),(471,'2022-10-17 03:12:02.764074','2022-10-17 03:12:02.764147',117,NULL,121,'False'),(472,'2022-10-17 03:12:02.772293','2022-10-17 03:12:02.772388',116,NULL,121,'False'),(473,'2022-10-17 03:12:02.784902','2022-10-17 03:12:02.784993',118,NULL,121,'False'),(474,'2022-10-17 03:12:02.810895','2022-10-17 03:12:02.810970',20,NULL,122,'True'),(475,'2022-10-17 03:12:02.842706','2022-10-17 03:12:02.842791',21,NULL,122,'True'),(476,'2022-10-17 03:24:16.222683','2022-10-17 03:24:16.222745',112,NULL,123,'False'),(477,'2022-10-17 03:24:16.230932','2022-10-17 03:24:16.230999',119,NULL,123,'False'),(478,'2022-10-17 03:24:16.239705','2022-10-17 03:24:16.239799',118,NULL,123,'False'),(479,'2022-10-17 03:24:16.254544','2022-10-17 03:24:16.254640',20,NULL,124,'True'),(480,'2022-10-17 03:24:16.267170','2022-10-17 03:24:16.267253',21,NULL,124,'True'),(481,'2022-10-17 03:29:40.131749','2022-10-17 03:29:40.131819',120,NULL,125,'False'),(482,'2022-10-17 03:29:40.138500','2022-10-17 03:29:40.138578',113,NULL,125,'False'),(483,'2022-10-17 03:29:40.144505','2022-10-17 03:29:40.144617',114,NULL,125,'False'),(484,'2022-10-17 03:29:40.151441','2022-10-17 03:29:40.151532',118,NULL,125,'False'),(485,'2022-10-17 03:29:40.166131','2022-10-17 03:29:40.166195',20,NULL,126,'True'),(486,'2022-10-17 03:29:40.174036','2022-10-17 03:29:40.174109',21,NULL,126,'True'),(487,'2022-10-17 03:31:31.934668','2022-10-17 03:31:31.934750',120,NULL,127,'False'),(488,'2022-10-17 03:31:31.942095','2022-10-17 03:31:31.942191',117,NULL,127,'False'),(489,'2022-10-17 03:31:31.949429','2022-10-17 03:31:31.949743',116,NULL,127,'False'),(490,'2022-10-17 03:31:31.957212','2022-10-17 03:31:31.957295',118,NULL,127,'False'),(491,'2022-10-17 03:31:31.977152','2022-10-17 03:31:31.977232',20,NULL,128,'True'),(492,'2022-10-17 03:31:31.985326','2022-10-17 03:31:31.985397',21,NULL,128,'True'),(493,'2022-10-17 03:32:44.616289','2022-10-17 03:32:44.616349',120,NULL,129,'False'),(494,'2022-10-17 03:32:44.623858','2022-10-17 03:32:44.623943',119,NULL,129,'False'),(495,'2022-10-17 03:32:44.631188','2022-10-17 03:32:44.631267',118,NULL,129,'False'),(496,'2022-10-17 03:32:44.647219','2022-10-17 03:32:44.647294',20,NULL,130,'True'),(497,'2022-10-17 03:32:44.654872','2022-10-17 03:32:44.654959',21,NULL,130,'True'),(498,'2022-10-17 03:39:04.270921','2022-10-17 03:39:04.270978',121,NULL,131,'False'),(499,'2022-10-17 03:39:04.276470','2022-10-17 03:39:04.276553',113,NULL,131,'False'),(500,'2022-10-17 03:39:04.282533','2022-10-17 03:39:04.282589',114,NULL,131,'False'),(501,'2022-10-17 03:39:04.289470','2022-10-17 03:39:04.289549',118,NULL,131,'False'),(502,'2022-10-17 03:39:04.302320','2022-10-17 03:39:04.302398',20,NULL,132,'True'),(503,'2022-10-17 03:39:04.312414','2022-10-17 03:39:04.312505',21,NULL,132,'True'),(504,'2022-10-17 03:41:13.330037','2022-10-17 03:41:13.330127',121,NULL,133,'False'),(505,'2022-10-17 03:41:13.335762','2022-10-17 03:41:13.335848',117,NULL,133,'False'),(506,'2022-10-17 03:41:13.341754','2022-10-17 03:41:13.341849',116,NULL,133,'False'),(507,'2022-10-17 03:41:13.351501','2022-10-17 03:41:13.351585',118,NULL,133,'False'),(508,'2022-10-17 03:41:13.368623','2022-10-17 03:41:13.368696',20,NULL,134,'True'),(509,'2022-10-17 03:41:13.375754','2022-10-17 03:41:13.375823',21,NULL,134,'True'),(510,'2022-10-17 03:44:11.758909','2022-10-17 03:44:11.759003',121,NULL,135,'False'),(511,'2022-10-17 03:44:11.768148','2022-10-17 03:44:11.768247',119,NULL,135,'False'),(512,'2022-10-17 03:44:11.777746','2022-10-17 03:44:11.777835',118,NULL,135,'False'),(513,'2022-10-17 03:44:11.796597','2022-10-17 03:44:11.796681',20,NULL,136,'True'),(514,'2022-10-17 03:44:11.806459','2022-10-17 03:44:11.806531',21,NULL,136,'True'),(515,'2022-10-18 04:07:51.913439','2022-10-18 04:07:51.913585',123,NULL,137,'False'),(516,'2022-10-18 04:07:51.917030','2022-10-18 04:07:51.917076',113,NULL,137,'False'),(517,'2022-10-18 04:07:51.921218','2022-10-18 04:07:51.921346',114,NULL,137,'False'),(518,'2022-10-18 04:07:51.927458','2022-10-18 04:07:51.927524',118,NULL,137,'False'),(519,'2022-10-18 04:07:51.933797','2022-10-18 04:07:51.933851',20,NULL,138,'True'),(520,'2022-10-18 04:07:51.936736','2022-10-18 04:07:51.936861',21,NULL,138,'True'),(521,'2022-10-18 04:13:55.872778','2022-10-18 04:13:55.872836',123,NULL,139,'False'),(522,'2022-10-18 04:13:55.879969','2022-10-18 04:13:55.880046',117,NULL,139,'False'),(523,'2022-10-18 04:13:55.889886','2022-10-18 04:13:55.890008',116,NULL,139,'False'),(524,'2022-10-18 04:13:55.899378','2022-10-18 04:13:55.899454',118,NULL,139,'False'),(525,'2022-10-18 04:13:55.934549','2022-10-18 04:13:55.934662',20,NULL,140,'True'),(526,'2022-10-18 04:13:55.942258','2022-10-18 04:13:55.942375',21,NULL,140,'True'),(527,'2022-10-18 04:15:21.200415','2022-10-18 04:15:21.200450',123,NULL,141,'False'),(528,'2022-10-18 04:15:21.202759','2022-10-18 04:15:21.202795',119,NULL,141,'False'),(529,'2022-10-18 04:15:21.205902','2022-10-18 04:15:21.205943',118,NULL,141,'False'),(530,'2022-10-18 04:15:21.212491','2022-10-18 04:15:21.212528',20,NULL,142,'True'),(531,'2022-10-18 04:15:21.216807','2022-10-18 04:15:21.216856',21,NULL,142,'True'),(532,'2022-10-18 04:21:09.880714','2022-10-18 04:21:09.880765',122,NULL,143,'False'),(533,'2022-10-18 04:21:09.884070','2022-10-18 04:21:09.884124',113,NULL,143,'False'),(534,'2022-10-18 04:21:09.886475','2022-10-18 04:21:09.886566',114,NULL,143,'False'),(535,'2022-10-18 04:21:09.889566','2022-10-18 04:21:09.889619',118,NULL,143,'False'),(536,'2022-10-18 04:21:09.896176','2022-10-18 04:21:09.896224',20,NULL,144,'True'),(537,'2022-10-18 04:21:09.898654','2022-10-18 04:21:09.898722',21,NULL,144,'True'),(538,'2022-10-18 04:22:22.789846','2022-10-18 04:22:22.790001',122,NULL,145,'False'),(539,'2022-10-18 04:22:22.798736','2022-10-18 04:22:22.798834',117,NULL,145,'False'),(540,'2022-10-18 04:22:22.809775','2022-10-18 04:22:22.809870',116,NULL,145,'False'),(541,'2022-10-18 04:22:22.819334','2022-10-18 04:22:22.819414',118,NULL,145,'False'),(542,'2022-10-18 04:22:22.835071','2022-10-18 04:22:22.835164',20,NULL,146,'True'),(543,'2022-10-18 04:22:22.842319','2022-10-18 04:22:22.842408',21,NULL,146,'True'),(544,'2022-10-18 04:27:48.122733','2022-10-18 04:27:48.122836',7,NULL,147,'False'),(545,'2022-10-18 04:27:48.127658','2022-10-18 04:27:48.127710',8,NULL,147,'False'),(546,'2022-10-18 04:27:48.133395','2022-10-18 04:27:48.133452',34,NULL,147,'False'),(547,'2022-10-18 04:27:48.139571','2022-10-18 04:27:48.139626',93,NULL,147,'False'),(548,'2022-10-18 04:27:48.143873','2022-10-18 04:27:48.143931',29,NULL,147,'False'),(549,'2022-10-18 04:27:48.147714','2022-10-18 04:27:48.147775',32,NULL,147,'False'),(550,'2022-10-18 04:27:48.156321','2022-10-18 04:27:48.156387',20,NULL,148,'True'),(551,'2022-10-18 04:27:48.161643','2022-10-18 04:27:48.161690',21,NULL,148,'True'),(552,'2022-10-18 04:39:15.914471','2022-10-18 04:39:15.914662',125,NULL,149,'False'),(553,'2022-10-18 04:39:15.923552','2022-10-18 04:39:15.923634',113,NULL,149,'False'),(554,'2022-10-18 04:39:15.939338','2022-10-18 04:39:15.939442',126,NULL,149,'False'),(555,'2022-10-18 04:39:15.957740','2022-10-18 04:39:15.957826',127,NULL,149,'False'),(556,'2022-10-18 04:39:15.979023','2022-10-18 04:39:15.979156',28,NULL,149,'False'),(557,'2022-10-18 04:39:16.014351','2022-10-18 04:39:16.014501',20,NULL,150,'True'),(558,'2022-10-18 04:39:16.026826','2022-10-18 04:39:16.026999',21,NULL,150,'True'),(559,'2022-10-18 04:41:24.439580','2022-10-18 04:41:24.439647',124,NULL,151,'False'),(560,'2022-10-18 04:41:24.445432','2022-10-18 04:41:24.445499',34,NULL,151,'False'),(561,'2022-10-18 04:41:24.450828','2022-10-18 04:41:24.450899',28,NULL,151,'False'),(562,'2022-10-18 04:41:24.456002','2022-10-18 04:41:24.456084',89,NULL,151,'False'),(563,'2022-10-18 04:41:24.475389','2022-10-18 04:41:24.475494',20,NULL,152,'True'),(564,'2022-10-18 04:41:24.480867','2022-10-18 04:41:24.480944',21,NULL,152,'True'),(571,'2022-10-18 05:00:36.057456','2022-10-18 05:00:36.057521',7,NULL,155,'False'),(572,'2022-10-18 05:00:36.063727','2022-10-18 05:00:36.063796',8,NULL,155,'False'),(573,'2022-10-18 05:00:36.072841','2022-10-18 05:00:36.072918',34,NULL,155,'False'),(574,'2022-10-18 05:00:36.080539','2022-10-18 05:00:36.080611',88,NULL,155,'False'),(575,'2022-10-18 05:00:36.088920','2022-10-18 05:00:36.088978',128,NULL,155,'False'),(576,'2022-10-18 05:00:36.104586','2022-10-18 05:00:36.104644',20,NULL,156,'True'),(577,'2022-10-18 05:00:36.110802','2022-10-18 05:00:36.110872',21,NULL,156,'True'),(583,'2022-10-23 03:10:47.943265','2022-10-23 03:10:47.943363',8,NULL,159,'False'),(584,'2022-10-23 03:10:47.952178','2022-10-23 03:10:47.952251',132,NULL,159,'False'),(585,'2022-10-23 03:10:47.958681','2022-10-23 03:10:47.958764',133,NULL,159,'False'),(586,'2022-10-23 03:10:47.966086','2022-10-23 03:10:47.966160',70,NULL,159,'False'),(587,'2022-10-23 03:10:48.002778','2022-10-23 03:10:48.002851',34,NULL,159,'False'),(588,'2022-10-23 03:10:48.027035','2022-10-23 03:10:48.027158',124,NULL,159,'False'),(589,'2022-10-23 03:10:48.033706','2022-10-23 03:10:48.033792',134,NULL,159,'False'),(590,'2022-10-23 03:10:48.052391','2022-10-23 03:10:48.052569',135,NULL,159,'False'),(591,'2022-10-23 03:10:48.067790','2022-10-23 03:10:48.067879',136,NULL,159,'False'),(592,'2022-10-23 03:10:48.080849','2022-10-23 03:10:48.080924',137,NULL,159,'False'),(593,'2022-10-23 03:10:48.094806','2022-10-23 03:10:48.094913',138,NULL,159,'False'),(594,'2022-10-23 03:10:48.103897','2022-10-23 03:10:48.103968',139,NULL,159,'False'),(595,'2022-10-23 03:10:48.124975','2022-10-23 03:10:48.125050',140,NULL,159,'False'),(596,'2022-10-23 03:10:48.159178','2022-10-23 03:10:48.159257',20,NULL,160,'True'),(597,'2022-10-23 03:10:48.180863','2022-10-23 03:10:48.181027',21,NULL,160,'True'),(598,'2022-10-23 03:21:16.411715','2022-10-23 03:21:16.411786',141,NULL,161,'False'),(599,'2022-10-23 03:21:16.421587','2022-10-23 03:21:16.421706',142,NULL,161,'False'),(600,'2022-10-23 03:21:16.432765','2022-10-23 03:21:16.432894',70,NULL,161,'False'),(601,'2022-10-23 03:21:16.439871','2022-10-23 03:21:16.439939',34,NULL,161,'False'),(602,'2022-10-23 03:21:16.450976','2022-10-23 03:21:16.451058',134,NULL,161,'False'),(603,'2022-10-23 03:21:16.462118','2022-10-23 03:21:16.462193',135,NULL,161,'False'),(604,'2022-10-23 03:21:16.471297','2022-10-23 03:21:16.471375',136,NULL,161,'False'),(605,'2022-10-23 03:21:16.481568','2022-10-23 03:21:16.481647',124,NULL,161,'False'),(606,'2022-10-23 03:21:16.497365','2022-10-23 03:21:16.497458',137,NULL,161,'False'),(607,'2022-10-23 03:21:16.509963','2022-10-23 03:21:16.510023',138,NULL,161,'False'),(608,'2022-10-23 03:21:16.520975','2022-10-23 03:21:16.521038',139,NULL,161,'False'),(609,'2022-10-23 03:21:16.530125','2022-10-23 03:21:16.530198',140,NULL,161,'False'),(610,'2022-10-23 03:21:16.547466','2022-10-23 03:21:16.547665',20,NULL,162,'True'),(611,'2022-10-23 03:21:16.558566','2022-10-23 03:21:16.558644',21,NULL,162,'True'),(612,'2022-10-23 03:40:25.456471','2022-10-23 03:40:25.456553',7,NULL,163,'False'),(613,'2022-10-23 03:40:25.465723','2022-10-23 03:40:25.465802',143,NULL,163,'False'),(614,'2022-10-23 03:40:25.474166','2022-10-23 03:40:25.474607',144,NULL,163,'False'),(615,'2022-10-23 03:40:25.519231','2022-10-23 03:40:25.519310',145,NULL,163,'False'),(616,'2022-10-23 03:40:25.538632','2022-10-23 03:40:25.538712',146,NULL,163,'False'),(617,'2022-10-23 03:40:25.553503','2022-10-23 03:40:25.553587',147,NULL,163,'False'),(618,'2022-10-23 03:40:25.561951','2022-10-23 03:40:25.562101',148,NULL,163,'False'),(619,'2022-10-23 03:40:25.572295','2022-10-23 03:40:25.574003',149,NULL,163,'False'),(620,'2022-10-23 03:40:25.603559','2022-10-23 03:40:25.603641',150,NULL,163,'False'),(621,'2022-10-23 03:40:25.660066','2022-10-23 03:40:25.660144',18,NULL,164,'True'),(622,'2022-10-23 03:40:25.677477','2022-10-23 03:40:25.677555',19,NULL,164,'True'),(623,'2022-10-23 03:40:25.685859','2022-10-23 03:40:25.685955',17,NULL,164,'True'),(624,'2022-10-23 03:40:25.734480','2022-10-23 03:40:25.734560',20,NULL,165,'True'),(625,'2022-10-23 03:40:25.754813','2022-10-23 03:40:25.754896',21,NULL,165,'True'),(626,'2022-10-23 04:29:51.670415','2022-10-23 04:29:51.670494',7,NULL,166,'False'),(627,'2022-10-23 04:29:51.680240','2022-10-23 04:29:51.680408',145,NULL,166,'False'),(628,'2022-10-23 04:29:51.692335','2022-10-23 04:29:51.692626',146,NULL,166,'False'),(629,'2022-10-23 04:29:51.713525','2022-10-23 04:29:51.713604',148,NULL,166,'False'),(630,'2022-10-23 04:29:51.726397','2022-10-23 04:29:51.726591',149,NULL,166,'False'),(631,'2022-10-23 04:29:51.765659','2022-10-23 04:29:51.765838',18,NULL,167,'True'),(632,'2022-10-23 04:29:51.778430','2022-10-23 04:29:51.778547',19,NULL,167,'True'),(633,'2022-10-23 04:29:51.796438','2022-10-23 04:29:51.796545',17,NULL,167,'True'),(634,'2022-10-23 04:29:51.816129','2022-10-23 04:29:51.816210',20,NULL,168,'True'),(635,'2022-10-23 04:29:51.822979','2022-10-23 04:29:51.823056',21,NULL,168,'True'),(636,'2022-10-23 20:40:35.749573','2022-10-23 20:40:35.749637',7,NULL,169,'False'),(637,'2022-10-23 20:40:35.754287','2022-10-23 20:40:35.754352',151,NULL,169,'False'),(638,'2022-10-23 20:40:35.759557','2022-10-23 20:40:35.759628',124,NULL,169,'False'),(639,'2022-10-23 20:40:35.763451','2022-10-23 20:40:35.763582',152,NULL,169,'False'),(640,'2022-10-23 20:40:35.771563','2022-10-23 20:40:35.771747',20,NULL,170,'True'),(641,'2022-10-23 20:40:35.776139','2022-10-23 20:40:35.776207',21,NULL,170,'True'),(646,'2022-10-23 20:51:40.991819','2022-10-23 20:51:40.991887',7,NULL,172,'False'),(647,'2022-10-23 20:51:41.009533','2022-10-23 20:51:41.010180',8,NULL,172,'False'),(648,'2022-10-23 20:51:41.018755','2022-10-23 20:51:41.018861',125,NULL,172,'False'),(649,'2022-10-23 20:51:41.032754','2022-10-23 20:51:41.032841',28,NULL,172,'False'),(650,'2022-10-23 20:51:41.043363','2022-10-23 20:51:41.043490',31,NULL,172,'False'),(651,'2022-10-23 20:51:41.053282','2022-10-23 20:51:41.053358',32,NULL,172,'False'),(652,'2022-10-23 20:51:41.064400','2022-10-23 20:51:41.064485',118,NULL,172,'False'),(653,'2022-10-23 20:51:41.074631','2022-10-23 20:51:41.074728',153,NULL,172,'False'),(654,'2022-10-23 20:51:41.087327','2022-10-23 20:51:41.087401',153,NULL,172,'False'),(655,'2022-10-23 20:51:41.105321','2022-10-23 20:51:41.105399',20,NULL,173,'True'),(656,'2022-10-23 20:51:41.126534','2022-10-23 20:51:41.126631',21,NULL,173,'True'),(657,'2022-10-23 21:21:02.558770','2022-10-23 21:21:02.558830',24,NULL,174,'False'),(658,'2022-10-23 21:21:02.565906','2022-10-23 21:21:02.565976',79,NULL,174,'False'),(659,'2022-10-23 21:21:02.572352','2022-10-23 21:21:02.572430',148,NULL,174,'False'),(660,'2022-10-23 21:21:02.578844','2022-10-23 21:21:02.578917',149,NULL,174,'False'),(661,'2022-10-23 21:21:02.591221','2022-10-23 21:21:02.591278',18,NULL,175,'False'),(662,'2022-10-23 21:21:02.597415','2022-10-23 21:21:02.597466',19,NULL,175,'False'),(663,'2022-10-23 21:21:02.603507','2022-10-23 21:21:02.603563',17,NULL,175,'False'),(664,'2022-10-23 21:21:02.616548','2022-10-23 21:21:02.616624',20,NULL,176,'True'),(665,'2022-10-23 21:21:02.627604','2022-10-23 21:21:02.627695',21,NULL,176,'True'),(666,'2022-10-23 21:57:40.578672','2022-10-23 21:57:40.578774',155,NULL,177,'False'),(667,'2022-10-23 21:57:40.584913','2022-10-23 21:57:40.584989',156,NULL,177,'False'),(668,'2022-10-23 21:57:40.589845','2022-10-23 21:57:40.589965',157,NULL,177,'False'),(669,'2022-10-23 21:57:40.595130','2022-10-23 21:57:40.595222',158,NULL,177,'False'),(670,'2022-10-23 21:57:40.606360','2022-10-23 21:57:40.606426',159,NULL,177,'False'),(671,'2022-10-23 21:57:40.612831','2022-10-23 21:57:40.612920',160,NULL,177,'False'),(672,'2022-10-23 21:57:40.618103','2022-10-23 21:57:40.618174',161,NULL,177,'False'),(673,'2022-10-23 21:57:40.623754','2022-10-23 21:57:40.623830',89,NULL,177,'False'),(674,'2022-10-23 21:57:40.636250','2022-10-23 21:57:40.636454',20,NULL,178,'True'),(675,'2022-10-23 21:57:40.642946','2022-10-23 21:57:40.643008',21,NULL,178,'True'),(684,'2022-11-02 09:28:42.020862','2022-11-02 09:28:42.020926',22,NULL,183,'False'),(685,'2022-11-02 09:28:42.026572','2022-11-02 09:28:42.026638',35,NULL,183,'False'),(686,'2022-11-02 09:28:42.036011','2022-11-02 09:28:42.036082',36,NULL,183,'False'),(687,'2022-11-02 09:28:42.053316','2022-11-02 09:28:42.053386',20,NULL,184,'True'),(688,'2022-11-02 09:28:42.060517','2022-11-02 09:28:42.060657',21,NULL,184,'True'),(704,'2022-11-02 14:45:39.825791','2022-11-02 14:45:39.825857',129,NULL,191,'False'),(705,'2022-11-02 14:45:39.839288','2022-11-02 14:45:39.839355',130,NULL,191,'True'),(706,'2022-11-02 14:45:39.845117','2022-11-02 14:45:39.845178',131,NULL,191,'True'),(707,'2022-11-02 14:45:39.861122','2022-11-02 14:45:39.861199',20,NULL,192,'True'),(708,'2022-11-02 14:45:39.868199','2022-11-02 14:45:39.868272',21,NULL,192,'True');
/*!40000 ALTER TABLE `product_partclassificationattribute` ENABLE KEYS */;
UNLOCK TABLES;

--
-- Table structure for table `product_partsupplier`
--

DROP TABLE IF EXISTS `product_partsupplier`;
/*!40101 SET @saved_cs_client     = @@character_set_client */;
/*!50503 SET character_set_client = utf8mb4 */;
CREATE TABLE `product_partsupplier` (
  `id` bigint NOT NULL AUTO_INCREMENT,
  `created_at` datetime(6) NOT NULL,
  `updated_at` datetime(6) NOT NULL,
  `created_by_id` bigint DEFAULT NULL,
  `part_id` bigint NOT NULL,
  PRIMARY KEY (`id`),
  KEY `product_partsupplier_part_id_b32000ca_fk_product_part_id` (`part_id`),
  KEY `product_partsupplier_created_by_id_3baa767f` (`created_by_id`),
  CONSTRAINT `product_partsupplier_created_by_id_3baa767f_fk_authentic` FOREIGN KEY (`created_by_id`) REFERENCES `authentication_user` (`id`),
  CONSTRAINT `product_partsupplier_part_id_b32000ca_fk_product_part_id` FOREIGN KEY (`part_id`) REFERENCES `product_part` (`id`)
) ENGINE=InnoDB DEFAULT CHARSET=utf8mb4 COLLATE=utf8mb4_0900_ai_ci;
/*!40101 SET character_set_client = @saved_cs_client */;

--
-- Dumping data for table `product_partsupplier`
--

LOCK TABLES `product_partsupplier` WRITE;
/*!40000 ALTER TABLE `product_partsupplier` DISABLE KEYS */;
/*!40000 ALTER TABLE `product_partsupplier` ENABLE KEYS */;
UNLOCK TABLES;

--
-- Table structure for table `product_partsupplier_supplier`
--

DROP TABLE IF EXISTS `product_partsupplier_supplier`;
/*!40101 SET @saved_cs_client     = @@character_set_client */;
/*!50503 SET character_set_client = utf8mb4 */;
CREATE TABLE `product_partsupplier_supplier` (
  `id` bigint NOT NULL AUTO_INCREMENT,
  `partsupplier_id` bigint NOT NULL,
  `user_id` bigint NOT NULL,
  PRIMARY KEY (`id`),
  UNIQUE KEY `product_partsupplier_sup_partsupplier_id_user_id_c5c205c7_uniq` (`partsupplier_id`,`user_id`),
  KEY `product_partsupplier_user_id_b8cd8759_fk_authentic` (`user_id`),
  CONSTRAINT `product_partsupplier_partsupplier_id_eda33369_fk_product_p` FOREIGN KEY (`partsupplier_id`) REFERENCES `product_partsupplier` (`id`),
  CONSTRAINT `product_partsupplier_user_id_b8cd8759_fk_authentic` FOREIGN KEY (`user_id`) REFERENCES `authentication_user` (`id`)
) ENGINE=InnoDB DEFAULT CHARSET=utf8mb4 COLLATE=utf8mb4_0900_ai_ci;
/*!40101 SET character_set_client = @saved_cs_client */;

--
-- Dumping data for table `product_partsupplier_supplier`
--

LOCK TABLES `product_partsupplier_supplier` WRITE;
/*!40000 ALTER TABLE `product_partsupplier_supplier` DISABLE KEYS */;
/*!40000 ALTER TABLE `product_partsupplier_supplier` ENABLE KEYS */;
UNLOCK TABLES;

--
-- Table structure for table `utils_unit`
--

DROP TABLE IF EXISTS `utils_unit`;
/*!40101 SET @saved_cs_client     = @@character_set_client */;
/*!50503 SET character_set_client = utf8mb4 */;
CREATE TABLE `utils_unit` (
  `id` bigint NOT NULL AUTO_INCREMENT,
  `created_at` datetime(6) NOT NULL,
  `updated_at` datetime(6) NOT NULL,
  `title` varchar(50) NOT NULL,
  `description` longtext,
  `created_by_id` bigint DEFAULT NULL,
  PRIMARY KEY (`id`),
  KEY `utils_unit_created_by_id_eb62b37a` (`created_by_id`),
  CONSTRAINT `utils_unit_created_by_id_eb62b37a_fk_authentication_user_id` FOREIGN KEY (`created_by_id`) REFERENCES `authentication_user` (`id`)
) ENGINE=InnoDB AUTO_INCREMENT=53 DEFAULT CHARSET=utf8mb4 COLLATE=utf8mb4_0900_ai_ci;
/*!40101 SET character_set_client = @saved_cs_client */;

--
-- Dumping data for table `utils_unit`
--

LOCK TABLES `utils_unit` WRITE;
/*!40000 ALTER TABLE `utils_unit` DISABLE KEYS */;
INSERT INTO `utils_unit` VALUES (1,'2022-05-11 05:05:33.989451','2022-05-11 05:05:33.989506','gpm','',NULL),(2,'2022-05-11 06:12:04.483811','2022-05-11 06:12:04.483864','US gpm','',NULL),(3,'2022-05-11 06:12:47.549174','2022-05-11 06:12:47.549209','US gpm','',NULL),(4,'2022-05-11 06:15:07.786870','2022-05-11 06:15:07.786921','lpm','',NULL),(5,'2022-05-11 06:20:18.195552','2022-05-11 06:20:18.195591','psi','',NULL),(6,'2022-05-11 06:20:33.482968','2022-05-11 06:20:33.483008','ft','',NULL),(7,'2022-05-11 06:25:38.831246','2022-05-11 06:25:38.831297','Yes','',NULL),(8,'2022-05-11 06:25:44.744971','2022-05-11 06:25:44.745010','No','',NULL),(9,'2022-05-11 06:26:11.844126','2022-05-11 06:26:11.844161','Price','',NULL),(10,'2022-05-11 06:26:26.833786','2022-05-11 06:26:26.833824','Electricity consumption','',NULL),(11,'2022-05-27 03:34:15.792951','2022-05-27 03:34:15.792986','F','Fahrenheit',NULL),(12,'2022-05-27 03:35:30.829998','2022-05-27 03:35:30.830033','C','Centigrade',NULL),(13,'2022-05-27 04:23:14.899157','2022-05-27 04:23:14.899227','Week','',NULL),(14,'2022-05-27 04:23:21.410775','2022-05-27 04:23:21.410810','Day','',NULL),(15,'2022-05-27 04:24:06.907074','2022-05-27 04:24:06.907122','US Dollar','',NULL),(16,'2022-05-27 04:26:08.167878','2022-05-27 04:26:08.167917','Euro','',NULL),(17,'2022-05-27 04:26:55.080026','2022-05-27 04:26:55.080057','Yuan','',NULL),(18,'2022-05-27 04:28:43.387412','2022-05-27 04:28:43.387463','USD','',NULL),(19,'2022-05-27 04:29:10.653710','2022-05-27 04:29:10.653744','EUR','',NULL),(20,'2022-05-27 04:29:17.096803','2022-05-27 04:29:17.096851','CNH','',NULL),(21,'2022-05-27 04:30:47.418935','2022-05-27 04:30:47.418982','CNY','',NULL),(22,'2022-05-27 04:30:52.577476','2022-05-27 04:30:52.577512','BTC','',NULL),(23,'2022-10-15 05:40:35.848264','2022-10-15 05:40:35.848303','Btu/h','',NULL),(24,'2022-10-15 05:40:56.073889','2022-10-15 05:40:56.073975','kW','',NULL),(25,'2022-10-15 05:41:03.286064','2022-10-15 05:41:03.286185','ton','',NULL),(26,'2022-10-16 02:10:14.453142','2022-10-16 02:10:14.453183','Pa','',NULL),(27,'2022-10-16 03:35:14.666866','2022-10-16 03:35:14.667002','lb','',NULL),(28,'2022-10-16 03:35:21.808250','2022-10-16 03:35:21.808297','kg','',NULL),(29,'2022-10-16 03:46:26.878541','2022-10-16 03:46:26.878767','hp','',NULL),(30,'2022-10-16 03:49:22.458437','2022-10-16 03:49:22.458502','rpm','',NULL),(31,'2022-10-16 04:24:33.455714','2022-10-16 04:24:33.455770','DC','',NULL),(32,'2022-10-16 04:24:39.835825','2022-10-16 04:24:39.835902','AC','',NULL),(33,'2022-10-16 04:39:50.376473','2022-10-16 04:39:50.376531','W','',NULL),(34,'2022-10-16 15:36:55.348044','2022-10-16 15:36:55.348095','A','',NULL),(35,'2022-10-16 15:37:38.296236','2022-10-16 15:37:38.296283','%','',NULL),(36,'2022-10-16 15:40:15.315172','2022-10-16 15:40:15.315239','m','',NULL),(37,'2022-10-16 16:13:52.114616','2022-10-16 16:13:52.115011','in','',NULL),(38,'2022-10-16 16:15:47.583094','2022-10-16 16:15:47.583157','m','',NULL),(39,'2022-10-16 16:19:29.422513','2022-10-16 16:19:29.422590','cm','',NULL),(40,'2022-10-16 21:34:15.486071','2022-10-16 21:34:15.486162','cfm','',NULL),(41,'2022-10-16 21:35:42.094071','2022-10-16 21:35:42.094143','m3/h','',NULL),(42,'2022-10-16 21:38:09.033478','2022-10-16 21:38:09.033557','iwg','',NULL),(43,'2022-10-16 21:41:19.198906','2022-10-16 21:41:19.198956','db','',NULL),(44,'2022-10-16 21:42:07.186922','2022-10-16 21:42:07.187022','dB','',NULL),(45,'2022-10-16 22:29:55.399377','2022-10-16 22:29:55.399445','gal','',NULL),(46,'2022-10-16 22:30:17.120608','2022-10-16 22:30:17.120654','lit','',NULL),(47,'2022-10-16 23:20:41.406158','2022-10-16 23:20:41.406202','scfm','',NULL),(48,'2022-10-23 03:25:18.233216','2022-10-23 03:25:18.233375','gph','',NULL),(49,'2022-10-23 03:26:43.263705','2022-10-23 03:26:43.263825','ft3','',NULL),(50,'2022-10-23 03:26:50.151844','2022-10-23 03:26:50.151913','m3','',NULL),(51,'2022-10-23 20:37:40.841712','2022-10-23 20:37:40.841778','ft/s','',NULL),(52,'2022-10-23 20:37:46.221377','2022-10-23 20:37:46.221437','m/s','',NULL);
/*!40000 ALTER TABLE `utils_unit` ENABLE KEYS */;
UNLOCK TABLES;

--
-- Table structure for table `website`
--

DROP TABLE IF EXISTS `website`;
/*!40101 SET @saved_cs_client     = @@character_set_client */;
/*!50503 SET character_set_client = utf8mb4 */;
CREATE TABLE `website` (
  `id` bigint NOT NULL AUTO_INCREMENT,
  `title` varchar(120) NOT NULL,
  `contact_number` varchar(50) NOT NULL,
  PRIMARY KEY (`id`)
) ENGINE=InnoDB AUTO_INCREMENT=2 DEFAULT CHARSET=utf8mb4 COLLATE=utf8mb4_0900_ai_ci;
/*!40101 SET character_set_client = @saved_cs_client */;

--
-- Dumping data for table `website`
--

LOCK TABLES `website` WRITE;
/*!40000 ALTER TABLE `website` DISABLE KEYS */;
INSERT INTO `website` VALUES (1,'Triple Choice','(650) 620-0190');
/*!40000 ALTER TABLE `website` ENABLE KEYS */;
UNLOCK TABLES;
/*!40103 SET TIME_ZONE=@OLD_TIME_ZONE */;

/*!40101 SET SQL_MODE=@OLD_SQL_MODE */;
/*!40014 SET FOREIGN_KEY_CHECKS=@OLD_FOREIGN_KEY_CHECKS */;
/*!40014 SET UNIQUE_CHECKS=@OLD_UNIQUE_CHECKS */;
/*!40101 SET CHARACTER_SET_CLIENT=@OLD_CHARACTER_SET_CLIENT */;
/*!40101 SET CHARACTER_SET_RESULTS=@OLD_CHARACTER_SET_RESULTS */;
/*!40101 SET COLLATION_CONNECTION=@OLD_COLLATION_CONNECTION */;
/*!40111 SET SQL_NOTES=@OLD_SQL_NOTES */;

-- Dump completed on 2024-09-27 21:22:28
